Unnamed: 0,1 CONTRA LAS PERSONAS,11-Homicidios dolosos/asesinatos,111-Homicidios dolosos/asesinatos consumados,12-Lesiones,13-Malos tratos ámbito familiar,14-Otros contra las personas,2 CONTRA LA LIBERTAD,21-Malos tratos habituales en el ámbito familiar,22-Otros contra la libertad,3 LIBERTAD SEXUAL,31-Agresión sexual,32-Agresión sexual con penetración,33-Corrupción de menores o incapacitados,34-Pornografía de menores,35-Otros contra la libertad sexual,4 RELACIONES FAMILIARES,5 PATRIMONIO,51-Hurtos,52-Robos con fuerza en las cosas,521-Robos con fuerza en las cosas en el interior de vehículos,522-Robos con fuerza en viviendas,523-Robos con fuerza en establecimientos,53-Robos con violencia o intimidación,531-Robos con violencia en vía pública,532-Robos con violencia en viviendas,533-Robos con violencia en establecimientos,54-Sustracción de vehículos,55-Estafas,551-Estafas informáticas,56-Daños,57-Contra la propiedad intelectual/industrial,58-Blanqueo de capitales,59-Otros contra el patrimonio,6 SEGURIDAD COLECTIVA,61-Tráfico de drogas,62-Contra la seguridad vial,63-Otros contra la seguridad colectiva,7 FALSEDADES,8 ADMÓN PÚBLICA,9 ADMÓN JUSTICIA,10 ORDEN PÚBLICO,11 LEGISLACIÓN ESPECIAL,12 OTRAS INFRACCIONES PENALES,TOTAL INFRACCIONES PENALES,Unnamed: 45,Year
    TOTAL NACIONAL,226761.0,1692.0,333.0,118125.0,101179.0,5765.0,159113.0,17120.0,141993.0,21825.0,12727.0,4890.0,389.0,909.0,2910.0,7611.0,1846821.0,665622.0,272638.0,104988.0,84721.0,35072.0,64711.0,44406.0,3844.0,8238.0,32839.0,533379.0,427448.0,209299.0,1451.0,516.0,66366.0,77130.0,21033.0,53517.0,2580.0,40889.0,506.0,41910.0,30011.0,464.0,11718.0,2464759.0,2023.0
    ANDALUCÍA,45636.0,363.0,71.0,24848.0,19294.0,1131.0,32765.0,3007.0,29758.0,3473.0,2044.0,604.0,74.0,130.0,621.0,1702.0,289412.0,95492.0,47977.0,19215.0,14101.0,5953.0,7676.0,5028.0,630.0,1195.0,5957.0,84455.0,72795.0,35037.0,332.0,106.0,12380.0,16357.0,4790.0,11043.0,524.0,6596.0,99.0,8688.0,5455.0,141.0,2857.0,413181.0,2023.0
    ARAGÓN,6071.0,47.0,9.0,2949.0,2967.0,108.0,3139.0,301.0,2838.0,511.0,330.0,92.0,13.0,21.0,55.0,179.0,36261.0,10651.0,5550.0,1044.0,1955.0,747.0,1076.0,702.0,65.0,203.0,318.0,12353.0,10891.0,5095.0,23.0,4.0,1191.0,1651.0,552.0,1049.0,50.0,743.0,11.0,1056.0,967.0,5.0,271.0,50865.0,2023.0
    ASTURIAS (PRINCIPADO DE),4185.0,21.0,6.0,2235.0,1861.0,68.0,2421.0,92.0,2329.0,325.0,199.0,67.0,8.0,14.0,37.0,95.0,23761.0,7681.0,2581.0,586.0,990.0,561.0,424.0,216.0,44.0,109.0,259.0,8907.0,7897.0,2931.0,9.0,2.0,967.0,1047.0,190.0,779.0,78.0,439.0,4.0,838.0,511.0,5.0,257.0,33888.0,2023.0
    BALEARS (ILLES),10159.0,50.0,8.0,4495.0,5341.0,273.0,6339.0,678.0,5661.0,1050.0,709.0,156.0,21.0,32.0,132.0,237.0,53976.0,23009.0,6806.0,3195.0,1937.0,738.0,1519.0,994.0,82.0,228.0,1832.0,13522.0,10299.0,4912.0,89.0,7.0,2280.0,2871.0,776.0,1892.0,203.0,912.0,18.0,1667.0,914.0,3.0,363.0,78509.0,2023.0
    CANARIAS,15210.0,77.0,17.0,7847.0,6765.0,521.0,11181.0,1078.0,10103.0,1189.0,750.0,221.0,31.0,53.0,134.0,564.0,66962.0,26245.0,7853.0,2969.0,2120.0,1249.0,1858.0,1106.0,148.0,333.0,1451.0,19297.0,15752.0,7441.0,107.0,19.0,2691.0,3725.0,764.0,2802.0,159.0,1269.0,25.0,2295.0,1099.0,10.0,693.0,104222.0,2023.0
    CANTABRIA,2738.0,10.0,0.0,1587.0,1032.0,109.0,1775.0,190.0,1585.0,169.0,103.0,34.0,3.0,7.0,22.0,53.0,17503.0,4831.0,2797.0,511.0,1291.0,465.0,255.0,129.0,32.0,63.0,116.0,6161.0,5428.0,2620.0,18.0,6.0,699.0,854.0,114.0,706.0,34.0,251.0,8.0,447.0,281.0,5.0,128.0,24212.0,2023.0
    CASTILLA Y LEÓN,9010.0,58.0,10.0,5181.0,3475.0,296.0,6397.0,692.0,5705.0,711.0,419.0,141.0,22.0,34.0,95.0,201.0,65001.0,17611.0,8284.0,1964.0,2786.0,1295.0,817.0,458.0,85.0,194.0,485.0,25535.0,22722.0,9892.0,56.0,18.0,2303.0,3071.0,492.0,2434.0,145.0,2033.0,33.0,1559.0,1028.0,16.0,764.0,89824.0,2023.0
    CASTILLA - LA MANCHA,8729.0,60.0,15.0,4830.0,3651.0,188.0,6078.0,977.0,5101.0,718.0,454.0,133.0,19.0,27.0,85.0,335.0,58871.0,14785.0,11034.0,2767.0,3588.0,1369.0,926.0,512.0,134.0,166.0,645.0,19751.0,17335.0,8893.0,32.0,49.0,2756.0,3596.0,595.0,2900.0,101.0,1851.0,25.0,1749.0,1081.0,6.0,669.0,83708.0,2023.0
    CATALUÑA,23941.0,310.0,71.0,15019.0,8064.0,548.0,23322.0,1794.0,21528.0,4361.0,2095.0,1589.0,8.0,198.0,471.0,1110.0,431028.0,170164.0,62232.0,27779.0,18485.0,7502.0,25421.0,18950.0,1012.0,2211.0,8466.0,111977.0,73994.0,38765.0,235.0,66.0,13702.0,11802.0,4368.0,7189.0,245.0,4490.0,63.0,4773.0,4171.0,141.0,970.0,510172.0,2023.0
    COMUNITAT VALENCIANA,28927.0,200.0,34.0,14127.0,14053.0,547.0,17389.0,2480.0,14909.0,2575.0,1666.0,472.0,53.0,89.0,295.0,910.0,211176.0,77573.0,37462.0,14322.0,14495.0,3788.0,6170.0,3812.0,491.0,957.0,3258.0,51860.0,41313.0,26859.0,225.0,78.0,7691.0,9533.0,2566.0,6627.0,340.0,5655.0,71.0,5936.0,4020.0,46.0,1141.0,287379.0,2023.0
    EXTREMADURA,3787.0,21.0,4.0,2357.0,1347.0,62.0,3069.0,311.0,2758.0,310.0,188.0,44.0,12.0,11.0,55.0,231.0,23968.0,6793.0,3740.0,792.0,1266.0,579.0,312.0,147.0,47.0,81.0,195.0,8335.0,7449.0,3654.0,25.0,7.0,907.0,1277.0,315.0,902.0,60.0,998.0,9.0,852.0,423.0,11.0,334.0,35269.0,2023.0
    GALICIA,9981.0,70.0,18.0,5748.0,3810.0,353.0,7986.0,859.0,7127.0,924.0,502.0,201.0,12.0,43.0,166.0,204.0,65713.0,20300.0,9491.0,3251.0,2684.0,1934.0,1049.0,552.0,100.0,274.0,580.0,21800.0,18721.0,9927.0,37.0,13.0,2516.0,4789.0,488.0,4147.0,154.0,1634.0,33.0,1779.0,988.0,7.0,762.0,94800.0,2023.0
    MADRID (COMUNIDAD DE),34880.0,206.0,33.0,13662.0,20263.0,749.0,18647.0,1347.0,17300.0,3066.0,1804.0,649.0,50.0,135.0,428.0,723.0,323394.0,128366.0,41106.0,21961.0,9336.0,4998.0,12015.0,8252.0,646.0,1495.0,7061.0,90148.0,71534.0,34276.0,119.0,81.0,10222.0,8997.0,3389.0,5381.0,227.0,9589.0,42.0,5631.0,5706.0,35.0,1072.0,411782.0,2023.0
    MURCIA (REGIÓN DE),8520.0,80.0,15.0,4325.0,3957.0,158.0,5396.0,388.0,5008.0,721.0,472.0,110.0,22.0,33.0,84.0,660.0,52383.0,16564.0,10318.0,3248.0,3909.0,1356.0,2071.0,1307.0,143.0,345.0,970.0,14416.0,12310.0,5752.0,37.0,11.0,2244.0,1737.0,580.0,1062.0,95.0,1447.0,20.0,1766.0,1025.0,16.0,503.0,74194.0,2023.0
    NAVARRA (COMUNIDAD FORAL DE),3028.0,38.0,6.0,1784.0,1102.0,104.0,2522.0,310.0,2212.0,462.0,274.0,82.0,18.0,25.0,63.0,94.0,25568.0,8661.0,2939.0,628.0,1034.0,419.0,467.0,346.0,22.0,57.0,154.0,9253.0,6576.0,3264.0,43.0,22.0,765.0,1541.0,158.0,1338.0,45.0,676.0,15.0,489.0,539.0,0.0,160.0,35094.0,2023.0
    PAÍS VASCO,8715.0,50.0,6.0,5502.0,2681.0,482.0,8817.0,2500.0,6317.0,969.0,538.0,235.0,14.0,40.0,142.0,195.0,80195.0,30129.0,10344.0,30.0,4079.0,1890.0,2107.0,1519.0,129.0,259.0,751.0,26619.0,25095.0,7939.0,58.0,12.0,2236.0,3190.0,597.0,2517.0,76.0,1868.0,18.0,1838.0,1405.0,10.0,603.0,107823.0,2023.0
    RIOJA (LA),1490.0,15.0,3.0,753.0,676.0,46.0,858.0,94.0,764.0,124.0,82.0,18.0,5.0,7.0,12.0,30.0,8570.0,2974.0,1356.0,260.0,559.0,145.0,150.0,88.0,12.0,36.0,68.0,2324.0,2021.0,1252.0,3.0,0.0,443.0,454.0,93.0,334.0,27.0,128.0,5.0,284.0,149.0,3.0,57.0,12152.0,2023.0
    CIUDAD AUTÓNOMA DE CEUTA,644.0,11.0,5.0,348.0,283.0,2.0,311.0,8.0,303.0,45.0,32.0,8.0,1.0,2.0,2.0,19.0,1909.0,529.0,192.0,115.0,33.0,19.0,84.0,62.0,7.0,10.0,108.0,617.0,514.0,311.0,1.0,0.0,67.0,264.0,99.0,161.0,4.0,96.0,1.0,95.0,120.0,0.0,37.0,3541.0,2023.0
    CIUDAD AUTÓNOMA DE MELILLA,923.0,3.0,0.0,509.0,396.0,15.0,462.0,1.0,461.0,41.0,31.0,3.0,0.0,2.0,5.0,12.0,2213.0,747.0,248.0,104.0,60.0,59.0,119.0,86.0,9.0,12.0,65.0,506.0,409.0,447.0,1.0,0.0,80.0,323.0,60.0,253.0,10.0,70.0,5.0,141.0,101.0,4.0,62.0,4357.0,2023.0
    EN EL EXTRANJERO,187.0,2.0,2.0,19.0,161.0,5.0,239.0,13.0,226.0,81.0,35.0,31.0,3.0,6.0,6.0,57.0,8957.0,2517.0,328.0,247.0,13.0,6.0,195.0,140.0,6.0,10.0,100.0,5543.0,4393.0,32.0,1.0,15.0,226.0,51.0,47.0,1.0,3.0,144.0,1.0,27.0,28.0,0.0,15.0,9787.0,2023.0
    DESCONOCIDA,0.0,0.0,0.0,0.0,0.0,0.0,0.0,0.0,0.0,0.0,0.0,0.0,0.0,0.0,0.0,0.0,0.0,0.0,0.0,0.0,0.0,0.0,0.0,0.0,0.0,0.0,0.0,0.0,0.0,0.0,0.0,0.0,0.0,0.0,0.0,0.0,0.0,0.0,0.0,0.0,0.0,0.0,0.0,0.0,2023.0
    TOTAL NACIONAL,212804.0,1539.0,326.0,113704.0,92695.0,4866.0,143861.0,15647.0,128214.0,19013.0,11426.0,4270.0,384.0,707.0,2226.0,7567.0,1747464.0,642276.0,265901.0,101084.0,86515.0,31552.0,63392.0,43100.0,3669.0,8210.0,30767.0,466566.0,335995.0,213694.0,1217.0,411.0,63240.0,76692.0,19057.0,54976.0,2659.0,37717.0,509.0,37910.0,28562.0,330.0,10646.0,2323075.0,2022.0
    ANDALUCÍA,42594.0,358.0,74.0,23218.0,18119.0,899.0,28618.0,2858.0,25760.0,3067.0,1848.0,512.0,84.0,118.0,505.0,1575.0,264965.0,89038.0,44168.0,17583.0,13281.0,5362.0,7335.0,4843.0,586.0,1107.0,5578.0,71465.0,49323.0,34850.0,177.0,107.0,12247.0,16380.0,4616.0,11052.0,712.0,6385.0,91.0,7625.0,5077.0,215.0,2541.0,379133.0,2022.0
    ARAGÓN,5597.0,37.0,10.0,2838.0,2627.0,95.0,2719.0,282.0,2437.0,423.0,245.0,89.0,18.0,20.0,51.0,186.0,34667.0,10629.0,5193.0,1026.0,1493.0,881.0,1195.0,843.0,55.0,197.0,279.0,10951.0,8732.0,5208.0,20.0,10.0,1182.0,1673.0,420.0,1209.0,44.0,631.0,12.0,860.0,882.0,3.0,236.0,47889.0,2022.0
    ASTURIAS (PRINCIPADO DE),3895.0,22.0,6.0,2213.0,1593.0,67.0,2228.0,105.0,2123.0,277.0,174.0,46.0,9.0,11.0,37.0,69.0,22476.0,6810.0,2083.0,458.0,830.0,353.0,392.0,212.0,35.0,95.0,239.0,8809.0,7661.0,3151.0,13.0,1.0,978.0,1080.0,170.0,859.0,51.0,592.0,2.0,729.0,506.0,1.0,238.0,32093.0,2022.0
    BALEARS (ILLES),9288.0,39.0,3.0,4169.0,4868.0,212.0,5863.0,642.0,5221.0,915.0,597.0,157.0,23.0,14.0,124.0,280.0,53397.0,24460.0,7048.0,3192.0,2174.0,748.0,1272.0,811.0,88.0,167.0,1564.0,11589.0,7452.0,5284.0,72.0,9.0,2099.0,2458.0,627.0,1692.0,139.0,1045.0,22.0,1499.0,884.0,1.0,330.0,75982.0,2022.0
    CANARIAS,13601.0,60.0,13.0,7038.0,6060.0,443.0,9960.0,841.0,9119.0,1148.0,748.0,234.0,19.0,33.0,114.0,599.0,61602.0,23596.0,8596.0,3373.0,2370.0,1241.0,1615.0,948.0,138.0,300.0,1244.0,16324.0,11699.0,7688.0,91.0,10.0,2438.0,3649.0,744.0,2799.0,106.0,1290.0,23.0,1975.0,935.0,1.0,668.0,95451.0,2022.0
    CANTABRIA,2463.0,12.0,1.0,1504.0,865.0,82.0,1655.0,163.0,1492.0,162.0,90.0,39.0,4.0,11.0,18.0,55.0,17321.0,4878.0,2841.0,578.0,1348.0,445.0,242.0,109.0,31.0,71.0,86.0,5888.0,4349.0,2760.0,22.0,2.0,602.0,895.0,83.0,772.0,40.0,259.0,2.0,390.0,362.0,1.0,144.0,23709.0,2022.0
    CASTILLA Y LEÓN,8473.0,55.0,16.0,5126.0,3046.0,246.0,6075.0,584.0,5491.0,620.0,362.0,107.0,23.0,44.0,84.0,189.0,63435.0,17361.0,8160.0,1564.0,2966.0,1318.0,710.0,374.0,84.0,159.0,512.0,23982.0,18968.0,10495.0,45.0,9.0,2161.0,3098.0,482.0,2493.0,123.0,1706.0,18.0,1516.0,1018.0,5.0,691.0,86844.0,2022.0
    CASTILLA - LA MANCHA,8388.0,66.0,19.0,4708.0,3436.0,178.0,5816.0,807.0,5009.0,619.0,403.0,116.0,11.0,13.0,76.0,389.0,57046.0,14393.0,10344.0,2349.0,3307.0,1406.0,899.0,534.0,97.0,149.0,654.0,18821.0,13608.0,9024.0,20.0,32.0,2859.0,3496.0,560.0,2798.0,138.0,1842.0,9.0,1663.0,985.0,11.0,578.0,80842.0,2022.0
    CATALUÑA,23180.0,264.0,63.0,14828.0,7644.0,444.0,21400.0,1716.0,19684.0,3671.0,1986.0,1184.0,17.0,189.0,295.0,1082.0,400321.0,162170.0,64306.0,29452.0,20019.0,6671.0,25049.0,18090.0,1098.0,2495.0,7411.0,88657.0,61607.0,39074.0,243.0,47.0,13364.0,11531.0,3965.0,7346.0,220.0,4715.0,152.0,4043.0,4138.0,15.0,783.0,475031.0,2022.0
    COMUNITAT VALENCIANA,27316.0,175.0,38.0,13947.0,12711.0,483.0,15991.0,2441.0,13550.0,2390.0,1485.0,513.0,66.0,78.0,248.0,912.0,191865.0,71315.0,33752.0,11423.0,14601.0,3216.0,5663.0,3532.0,449.0,839.0,3160.0,43615.0,29040.0,26456.0,195.0,55.0,7654.0,9192.0,2034.0,6880.0,278.0,4883.0,52.0,5525.0,3717.0,26.0,1102.0,262971.0,2022.0
    EXTREMADURA,3304.0,10.0,3.0,1972.0,1267.0,55.0,2637.0,272.0,2365.0,295.0,198.0,51.0,8.0,10.0,28.0,238.0,22187.0,6388.0,3490.0,565.0,1198.0,614.0,296.0,154.0,52.0,61.0,163.0,7595.0,6577.0,3521.0,12.0,4.0,718.0,1262.0,265.0,890.0,107.0,705.0,2.0,785.0,336.0,9.0,333.0,32093.0,2022.0
    GALICIA,9217.0,52.0,7.0,5454.0,3480.0,231.0,6959.0,691.0,6268.0,719.0,433.0,155.0,19.0,29.0,83.0,190.0,68054.0,19527.0,8661.0,3193.0,2690.0,1361.0,963.0,529.0,95.0,215.0,528.0,25902.0,18456.0,10280.0,40.0,13.0,2140.0,5169.0,505.0,4481.0,183.0,1404.0,25.0,1568.0,973.0,7.0,619.0,94904.0,2022.0
    MADRID (COMUNIDAD DE),33243.0,183.0,46.0,13585.0,18839.0,636.0,17369.0,1183.0,16186.0,2663.0,1578.0,613.0,43.0,88.0,341.0,862.0,319089.0,132920.0,39960.0,21974.0,9518.0,4034.0,12626.0,8560.0,582.0,1661.0,7397.0,80979.0,57794.0,35696.0,183.0,73.0,9255.0,8640.0,2984.0,5425.0,231.0,8149.0,59.0,5377.0,5479.0,11.0,983.0,401924.0,2022.0
    MURCIA (REGIÓN DE),7590.0,59.0,8.0,4129.0,3290.0,112.0,4748.0,352.0,4396.0,620.0,436.0,93.0,7.0,20.0,64.0,592.0,49030.0,15475.0,10214.0,2922.0,4001.0,1306.0,1999.0,1293.0,130.0,317.0,774.0,12221.0,8651.0,6140.0,37.0,10.0,2160.0,1786.0,527.0,1186.0,73.0,1378.0,9.0,1618.0,884.0,14.0,448.0,68717.0,2022.0
    NAVARRA (COMUNIDAD FORAL DE),3098.0,24.0,3.0,1838.0,1109.0,127.0,2343.0,246.0,2097.0,347.0,218.0,76.0,11.0,6.0,36.0,96.0,23928.0,8108.0,2850.0,649.0,985.0,419.0,422.0,303.0,27.0,55.0,132.0,7834.0,4816.0,3759.0,12.0,7.0,804.0,1745.0,147.0,1535.0,63.0,617.0,13.0,500.0,535.0,5.0,182.0,33409.0,2022.0
    PAÍS VASCO,8330.0,71.0,8.0,5353.0,2418.0,488.0,7686.0,2321.0,5365.0,813.0,443.0,235.0,15.0,16.0,104.0,125.0,75817.0,29230.0,12113.0,32.0,5113.0,1948.0,2201.0,1614.0,103.0,264.0,718.0,21346.0,18861.0,8193.0,30.0,10.0,1976.0,3527.0,623.0,2800.0,104.0,1687.0,15.0,1736.0,1437.0,1.0,582.0,101756.0,2022.0
    RIOJA (LA),1391.0,9.0,1.0,792.0,550.0,40.0,816.0,97.0,719.0,109.0,77.0,19.0,5.0,2.0,6.0,32.0,8254.0,2743.0,1251.0,208.0,527.0,167.0,121.0,69.0,8.0,29.0,77.0,2494.0,2152.0,1270.0,2.0,2.0,294.0,507.0,98.0,373.0,36.0,180.0,1.0,267.0,147.0,1.0,49.0,11754.0,2022.0
    CIUDAD AUTÓNOMA DE CEUTA,738.0,35.0,4.0,432.0,268.0,3.0,335.0,12.0,323.0,46.0,35.0,5.0,1.0,3.0,2.0,29.0,1817.0,425.0,211.0,134.0,31.0,13.0,107.0,75.0,5.0,10.0,107.0,529.0,469.0,378.0,2.0,1.0,57.0,277.0,115.0,153.0,9.0,78.0,0.0,108.0,152.0,2.0,53.0,3635.0,2022.0
    CIUDAD AUTÓNOMA DE MELILLA,926.0,7.0,2.0,532.0,368.0,19.0,430.0,14.0,416.0,22.0,15.0,4.0,0.0,0.0,3.0,13.0,2276.0,732.0,307.0,191.0,46.0,38.0,121.0,96.0,6.0,9.0,78.0,536.0,329.0,427.0,0.0,1.0,74.0,303.0,69.0,232.0,2.0,58.0,1.0,106.0,106.0,0.0,68.0,4309.0,2022.0
    EN EL EXTRANJERO,172.0,1.0,1.0,28.0,137.0,6.0,213.0,20.0,193.0,87.0,55.0,22.0,1.0,2.0,7.0,54.0,9917.0,2078.0,353.0,218.0,17.0,11.0,164.0,111.0,0.0,10.0,66.0,7029.0,5451.0,40.0,1.0,8.0,178.0,24.0,23.0,1.0,0.0,113.0,1.0,20.0,9.0,1.0,18.0,10629.0,2022.0
    DESCONOCIDA,0.0,0.0,0.0,0.0,0.0,0.0,0.0,0.0,0.0,0.0,0.0,0.0,0.0,0.0,0.0,0.0,0.0,0.0,0.0,0.0,0.0,0.0,0.0,0.0,0.0,0.0,0.0,0.0,0.0,0.0,0.0,0.0,0.0,0.0,0.0,0.0,0.0,0.0,0.0,0.0,0.0,0.0,0.0,0.0,2022.0
    TOTAL NACIONAL,183590.0,1322.0,293.0,96159.0,82003.0,4106.0,139867.0,15008.0,124859.0,17016.0,10061.0,3795.0,347.0,739.0,2074.0,7410.0,1434698.0,493479.0,229137.0,87774.0,75501.0,27198.0,53073.0,35726.0,3477.0,6663.0,26417.0,373113.0,267011.0,201828.0,1176.0,343.0,56132.0,68891.0,18313.0,48394.0,2184.0,34058.0,541.0,33370.0,27594.0,343.0,10341.0,1957719.0,2021.0
    ANDALUCÍA,37296.0,274.0,55.0,19996.0,16314.0,712.0,27291.0,2806.0,24485.0,2690.0,1651.0,451.0,68.0,125.0,395.0,1575.0,210150.0,68916.0,36839.0,13902.0,11457.0,4786.0,5911.0,3871.0,559.0,871.0,4848.0,51085.0,35288.0,31827.0,217.0,86.0,10421.0,15532.0,4816.0,10181.0,535.0,5643.0,77.0,6732.0,4900.0,241.0,2767.0,314894.0,2021.0
    ARAGÓN,4530.0,18.0,5.0,2235.0,2167.0,110.0,2785.0,308.0,2477.0,443.0,256.0,102.0,14.0,28.0,43.0,156.0,30192.0,8925.0,4365.0,961.0,1346.0,658.0,960.0,644.0,50.0,173.0,252.0,9175.0,7310.0,5347.0,29.0,6.0,1133.0,1401.0,407.0,966.0,28.0,673.0,7.0,696.0,665.0,0.0,248.0,41796.0,2021.0
    ASTURIAS (PRINCIPADO DE),3208.0,9.0,1.0,1743.0,1393.0,63.0,1946.0,91.0,1855.0,266.0,135.0,67.0,8.0,19.0,37.0,91.0,18028.0,4705.0,1976.0,394.0,832.0,365.0,295.0,155.0,25.0,67.0,259.0,7061.0,6187.0,2931.0,11.0,1.0,789.0,1098.0,166.0,855.0,77.0,411.0,8.0,568.0,489.0,1.0,226.0,26340.0,2021.0
    BALEARS (ILLES),7431.0,38.0,6.0,3101.0,4114.0,178.0,5619.0,682.0,4937.0,777.0,513.0,122.0,19.0,22.0,101.0,270.0,41567.0,16433.0,6119.0,2582.0,1921.0,725.0,896.0,571.0,79.0,118.0,1073.0,10035.0,7005.0,5010.0,74.0,4.0,1923.0,1988.0,389.0,1532.0,67.0,1008.0,7.0,1357.0,718.0,0.0,273.0,61015.0,2021.0
    CANARIAS,12465.0,53.0,16.0,6534.0,5498.0,380.0,10102.0,910.0,9192.0,946.0,612.0,177.0,11.0,54.0,92.0,631.0,49285.0,17144.0,7639.0,2915.0,2428.0,956.0,1316.0,745.0,121.0,255.0,983.0,12702.0,8916.0,7413.0,48.0,15.0,2025.0,3096.0,531.0,2494.0,71.0,1208.0,33.0,1821.0,1082.0,1.0,562.0,81232.0,2021.0
    CANTABRIA,2069.0,15.0,4.0,1244.0,708.0,102.0,1695.0,149.0,1546.0,130.0,78.0,30.0,1.0,5.0,16.0,38.0,14239.0,3820.0,2528.0,501.0,1167.0,437.0,194.0,99.0,25.0,38.0,140.0,4483.0,3243.0,2426.0,24.0,2.0,622.0,777.0,96.0,660.0,21.0,222.0,2.0,276.0,279.0,2.0,165.0,19894.0,2021.0
    CASTILLA Y LEÓN,7252.0,38.0,13.0,4220.0,2786.0,208.0,6143.0,601.0,5542.0,527.0,300.0,120.0,19.0,22.0,66.0,174.0,52662.0,13785.0,6994.0,1528.0,2523.0,1172.0,625.0,330.0,69.0,146.0,466.0,18445.0,14457.0,10243.0,66.0,5.0,2033.0,2927.0,492.0,2325.0,110.0,1517.0,19.0,1240.0,962.0,3.0,582.0,74008.0,2021.0
    CASTILLA - LA MANCHA,7346.0,78.0,10.0,4007.0,3109.0,152.0,5477.0,671.0,4806.0,563.0,359.0,102.0,20.0,21.0,61.0,328.0,45899.0,10970.0,8622.0,2010.0,3086.0,1236.0,882.0,508.0,84.0,172.0,521.0,14220.0,9797.0,8075.0,18.0,21.0,2570.0,3186.0,570.0,2514.0,102.0,1748.0,41.0,1355.0,935.0,3.0,531.0,67412.0,2021.0
    CATALUÑA,19854.0,270.0,57.0,12456.0,6748.0,380.0,20540.0,1693.0,18847.0,3316.0,1766.0,1091.0,5.0,140.0,314.0,1022.0,322683.0,118746.0,57748.0,29150.0,16631.0,5174.0,20501.0,14773.0,959.0,1996.0,6168.0,67922.0,47314.0,38295.0,288.0,38.0,12977.0,10499.0,3874.0,6442.0,183.0,4097.0,106.0,3680.0,3785.0,13.0,761.0,390356.0,2021.0
    COMUNITAT VALENCIANA,23240.0,152.0,35.0,11279.0,11402.0,407.0,15180.0,1847.0,13333.0,2173.0,1407.0,387.0,67.0,73.0,239.0,838.0,161695.0,57738.0,28638.0,9144.0,12853.0,2858.0,4578.0,2732.0,442.0,754.0,2491.0,36352.0,24428.0,25274.0,196.0,77.0,6351.0,8083.0,1983.0,5841.0,259.0,4535.0,89.0,4897.0,3522.0,29.0,1056.0,225337.0,2021.0
    EXTREMADURA,3086.0,25.0,4.0,1849.0,1146.0,66.0,2602.0,311.0,2291.0,223.0,136.0,36.0,10.0,12.0,29.0,214.0,17870.0,4820.0,2773.0,511.0,962.0,461.0,224.0,121.0,33.0,49.0,152.0,5765.0,4594.0,3380.0,15.0,7.0,734.0,1240.0,324.0,861.0,55.0,714.0,14.0,696.0,335.0,9.0,263.0,27266.0,2021.0
    GALICIA,7841.0,52.0,18.0,4606.0,2979.0,204.0,6840.0,606.0,6234.0,707.0,396.0,144.0,8.0,40.0,119.0,167.0,63769.0,15367.0,7873.0,2917.0,2593.0,1110.0,853.0,474.0,84.0,197.0,405.0,28236.0,19496.0,9089.0,29.0,4.0,1913.0,4459.0,458.0,3844.0,157.0,1491.0,11.0,1459.0,916.0,1.0,594.0,88255.0,2021.0
    MADRID (COMUNIDAD DE),29383.0,131.0,37.0,12094.0,16618.0,540.0,17576.0,1284.0,16292.0,2420.0,1390.0,538.0,46.0,104.0,342.0,930.0,269675.0,108778.0,33408.0,17229.0,8243.0,3940.0,12153.0,8283.0,721.0,1277.0,6922.0,66395.0,46978.0,34336.0,93.0,47.0,7543.0,7463.0,2502.0,4759.0,202.0,6857.0,60.0,5006.0,5747.0,22.0,848.0,345987.0,2021.0
    MURCIA (REGIÓN DE),6658.0,60.0,14.0,3484.0,3030.0,84.0,4415.0,354.0,4061.0,613.0,395.0,110.0,16.0,27.0,65.0,615.0,40153.0,11925.0,9127.0,2940.0,3793.0,1028.0,1375.0,809.0,112.0,236.0,666.0,9632.0,6754.0,5447.0,45.0,15.0,1921.0,1497.0,506.0,935.0,56.0,1336.0,28.0,1250.0,816.0,10.0,583.0,57974.0,2021.0
    NAVARRA (COMUNIDAD FORAL DE),2470.0,23.0,2.0,1448.0,936.0,63.0,2060.0,150.0,1910.0,264.0,144.0,66.0,17.0,8.0,29.0,100.0,18724.0,5523.0,2358.0,510.0,824.0,399.0,298.0,200.0,16.0,43.0,122.0,6023.0,3673.0,3667.0,8.0,10.0,715.0,1370.0,147.0,1187.0,36.0,693.0,16.0,390.0,452.0,0.0,180.0,26719.0,2021.0
    PAÍS VASCO,6457.0,62.0,11.0,4151.0,1836.0,408.0,7754.0,2427.0,5327.0,718.0,366.0,215.0,10.0,30.0,97.0,120.0,61679.0,22253.0,10684.0,30.0,4350.0,1761.0,1426.0,996.0,83.0,221.0,694.0,17352.0,15016.0,7359.0,11.0,4.0,1896.0,3021.0,525.0,2335.0,161.0,1461.0,16.0,1525.0,1490.0,2.0,538.0,84781.0,2021.0
    RIOJA (LA),1166.0,8.0,3.0,658.0,482.0,18.0,775.0,91.0,684.0,102.0,69.0,14.0,3.0,3.0,13.0,20.0,5983.0,1789.0,844.0,178.0,397.0,92.0,116.0,68.0,7.0,25.0,59.0,1981.0,1794.0,931.0,1.0,0.0,262.0,440.0,75.0,320.0,45.0,174.0,4.0,223.0,177.0,0.0,51.0,9115.0,2021.0
    CIUDAD AUTÓNOMA DE CEUTA,835.0,12.0,2.0,500.0,317.0,6.0,376.0,11.0,365.0,47.0,31.0,4.0,0.0,2.0,10.0,17.0,1800.0,434.0,189.0,106.0,31.0,25.0,195.0,148.0,4.0,9.0,103.0,452.0,402.0,344.0,1.0,0.0,82.0,399.0,205.0,186.0,8.0,108.0,0.0,99.0,183.0,2.0,50.0,3916.0,2021.0
    CIUDAD AUTÓNOMA DE MELILLA,900.0,4.0,0.0,539.0,333.0,24.0,443.0,4.0,439.0,39.0,28.0,5.0,1.0,2.0,3.0,26.0,1984.0,576.0,251.0,138.0,55.0,14.0,201.0,145.0,2.0,14.0,35.0,448.0,348.0,406.0,1.0,1.0,65.0,398.0,230.0,157.0,11.0,50.0,3.0,84.0,133.0,3.0,53.0,4116.0,2021.0
    EN EL EXTRANJERO,103.0,0.0,0.0,15.0,87.0,1.0,248.0,12.0,236.0,52.0,29.0,14.0,4.0,2.0,3.0,78.0,6661.0,832.0,162.0,128.0,9.0,1.0,74.0,54.0,2.0,2.0,58.0,5349.0,4011.0,28.0,1.0,0.0,157.0,17.0,17.0,0.0,0.0,112.0,0.0,16.0,8.0,1.0,10.0,7306.0,2021.0
    DESCONOCIDA,0.0,0.0,0.0,0.0,0.0,0.0,0.0,0.0,0.0,0.0,0.0,0.0,0.0,0.0,0.0,0.0,0.0,0.0,0.0,0.0,0.0,0.0,0.0,0.0,0.0,0.0,0.0,0.0,0.0,0.0,0.0,0.0,0.0,0.0,0.0,0.0,0.0,0.0,0.0,0.0,0.0,0.0,0.0,0.0,2021.0
    TOTAL NACIONAL,161406.0,1201.0,298.0,81449.0,75203.0,3553.0,125010.0,13993.0,111017.0,13174.0,7276.0,2785.0,350.0,762.0,2001.0,6831.0,1304424.0,420950.0,219091.0,54633.0,72380.0,31237.0,45263.0,30162.0,3208.0,6138.0,25387.0,360844.0,257907.0,180429.0,930.0,310.0,51220.0,60162.0,17112.0,41120.0,1930.0,24020.0,350.0,31140.0,30272.0,325.0,9665.0,1766779.0,2020.0
    ANDALUCÍA,33578.0,298.0,61.0,17412.0,15221.0,647.0,26108.0,2717.0,23391.0,2204.0,1228.0,370.0,74.0,149.0,383.0,1492.0,190744.0,57435.0,37257.0,13556.0,12127.0,5317.0,5187.0,3253.0,469.0,971.0,4821.0,47474.0,33036.0,28242.0,240.0,72.0,10016.0,14182.0,4679.0,9039.0,464.0,4071.0,68.0,6662.0,5807.0,230.0,2448.0,287594.0,2020.0
    ARAGÓN,4083.0,39.0,4.0,1798.0,2158.0,88.0,2482.0,300.0,2182.0,306.0,165.0,63.0,10.0,13.0,55.0,151.0,25509.0,6747.0,3652.0,828.0,1139.0,725.0,769.0,541.0,36.0,125.0,190.0,8762.0,6970.0,4414.0,20.0,12.0,943.0,1138.0,323.0,787.0,28.0,590.0,14.0,686.0,807.0,1.0,257.0,36024.0,2020.0
    ASTURIAS (PRINCIPADO DE),3038.0,14.0,5.0,1589.0,1381.0,54.0,1892.0,68.0,1824.0,215.0,116.0,46.0,2.0,12.0,39.0,78.0,16593.0,4148.0,1891.0,389.0,650.0,459.0,317.0,164.0,41.0,78.0,289.0,6533.0,5623.0,2625.0,6.0,1.0,783.0,924.0,180.0,688.0,56.0,305.0,2.0,560.0,540.0,1.0,176.0,24324.0,2020.0
    BALEARS (ILLES),6407.0,37.0,7.0,2765.0,3474.0,131.0,5083.0,569.0,4514.0,520.0,305.0,84.0,28.0,17.0,86.0,194.0,42187.0,12478.0,5724.0,2257.0,1857.0,748.0,749.0,465.0,72.0,113.0,1021.0,15850.0,10879.0,4596.0,31.0,8.0,1730.0,2132.0,431.0,1637.0,64.0,671.0,16.0,1215.0,1047.0,1.0,277.0,59750.0,2020.0
    CANARIAS,11643.0,54.0,12.0,5938.0,5333.0,318.0,9855.0,852.0,9003.0,875.0,509.0,169.0,42.0,54.0,101.0,654.0,53017.0,16683.0,7501.0,2682.0,2356.0,1100.0,1180.0,622.0,148.0,246.0,1012.0,17540.0,12642.0,6729.0,36.0,8.0,2328.0,2965.0,573.0,2316.0,76.0,1000.0,17.0,1720.0,1395.0,1.0,493.0,83635.0,2020.0
    CANTABRIA,1748.0,4.0,1.0,1042.0,609.0,93.0,1450.0,129.0,1321.0,89.0,48.0,16.0,2.0,5.0,18.0,40.0,11558.0,3236.0,2225.0,464.0,858.0,499.0,178.0,82.0,20.0,37.0,100.0,3271.0,2513.0,2039.0,12.0,0.0,497.0,676.0,96.0,563.0,17.0,150.0,4.0,278.0,440.0,0.0,152.0,16585.0,2020.0
    CASTILLA Y LEÓN,6231.0,44.0,16.0,3471.0,2513.0,203.0,5340.0,523.0,4817.0,415.0,226.0,70.0,12.0,27.0,80.0,138.0,46705.0,11414.0,6517.0,1526.0,2117.0,1179.0,542.0,307.0,55.0,110.0,400.0,17531.0,13841.0,8662.0,40.0,6.0,1593.0,2416.0,502.0,1814.0,100.0,1029.0,13.0,1078.0,1078.0,2.0,580.0,65025.0,2020.0
    CASTILLA - LA MANCHA,6376.0,52.0,17.0,3268.0,2906.0,150.0,4776.0,568.0,4208.0,452.0,296.0,67.0,18.0,16.0,55.0,327.0,42905.0,9588.0,9102.0,2248.0,3473.0,1186.0,754.0,398.0,95.0,172.0,488.0,13307.0,8405.0,7228.0,14.0,13.0,2411.0,2898.0,552.0,2255.0,91.0,1251.0,13.0,1181.0,1220.0,4.0,505.0,61908.0,2020.0
    CATALUÑA,16105.0,198.0,48.0,9617.0,5938.0,352.0,15736.0,1315.0,14421.0,2306.0,1149.0,695.0,4.0,172.0,286.0,953.0,300574.0,110685.0,55190.0,148.0,17116.0,6744.0,17082.0,12297.0,861.0,1682.0,6130.0,64214.0,46982.0,35469.0,178.0,31.0,11595.0,7799.0,2946.0,4693.0,160.0,2787.0,34.0,3172.0,2962.0,10.0,614.0,353052.0,2020.0
    COMUNITAT VALENCIANA,20231.0,126.0,37.0,9208.0,10608.0,289.0,13334.0,1631.0,11703.0,1518.0,904.0,279.0,43.0,62.0,230.0,793.0,137438.0,43801.0,26465.0,8189.0,11681.0,3276.0,3772.0,2189.0,397.0,628.0,2377.0,32774.0,21917.0,22310.0,146.0,63.0,5730.0,6714.0,1863.0,4618.0,233.0,3109.0,48.0,4721.0,4137.0,28.0,1151.0,193222.0,2020.0
    EXTREMADURA,2740.0,21.0,9.0,1579.0,1084.0,56.0,2382.0,261.0,2121.0,184.0,112.0,24.0,8.0,5.0,35.0,204.0,16499.0,4228.0,2876.0,481.0,990.0,559.0,211.0,102.0,29.0,58.0,151.0,5381.0,3917.0,2967.0,25.0,5.0,655.0,1036.0,301.0,690.0,45.0,524.0,2.0,662.0,488.0,7.0,313.0,25041.0,2020.0
    GALICIA,7268.0,44.0,11.0,4044.0,3022.0,158.0,6035.0,620.0,5415.0,547.0,309.0,108.0,7.0,36.0,87.0,177.0,50924.0,12348.0,7538.0,2288.0,2403.0,1568.0,767.0,343.0,105.0,224.0,437.0,19807.0,12696.0,8188.0,31.0,17.0,1791.0,4324.0,552.0,3609.0,163.0,1004.0,19.0,1403.0,1108.0,7.0,528.0,73344.0,2020.0
    MADRID (COMUNIDAD DE),25967.0,136.0,38.0,10596.0,14809.0,426.0,15636.0,1104.0,14532.0,1976.0,1084.0,473.0,46.0,95.0,278.0,754.0,243275.0,92213.0,31715.0,15947.0,7052.0,4972.0,10688.0,7362.0,633.0,1304.0,6235.0,64133.0,44139.0,31429.0,76.0,42.0,6744.0,6933.0,2470.0,4270.0,193.0,4584.0,35.0,4481.0,5673.0,9.0,871.0,310194.0,2020.0
    MURCIA (REGIÓN DE),5597.0,51.0,10.0,2966.0,2504.0,76.0,4019.0,378.0,3641.0,505.0,296.0,94.0,14.0,32.0,69.0,534.0,35539.0,9925.0,8287.0,2352.0,3796.0,859.0,1207.0,742.0,123.0,176.0,726.0,8822.0,5887.0,4733.0,50.0,13.0,1776.0,1308.0,389.0,865.0,54.0,929.0,25.0,1159.0,900.0,14.0,440.0,50969.0,2020.0
    NAVARRA (COMUNIDAD FORAL DE),2109.0,23.0,1.0,1108.0,933.0,45.0,1712.0,143.0,1569.0,241.0,129.0,36.0,15.0,13.0,48.0,96.0,16861.0,4469.0,2202.0,635.0,666.0,388.0,226.0,151.0,17.0,32.0,131.0,6393.0,3903.0,2841.0,9.0,6.0,584.0,1162.0,146.0,976.0,40.0,435.0,18.0,387.0,428.0,0.0,147.0,23596.0,2020.0
    PAÍS VASCO,5730.0,42.0,13.0,3609.0,1661.0,418.0,7630.0,2716.0,4914.0,602.0,293.0,158.0,14.0,41.0,96.0,136.0,55878.0,17916.0,9408.0,30.0,3651.0,1503.0,1053.0,725.0,93.0,138.0,632.0,18882.0,16591.0,6414.0,10.0,9.0,1554.0,2464.0,566.0,1788.0,110.0,1087.0,18.0,1401.0,1680.0,6.0,544.0,77176.0,2020.0
    RIOJA (LA),942.0,8.0,5.0,500.0,413.0,21.0,555.0,73.0,482.0,104.0,47.0,13.0,8.0,4.0,32.0,25.0,5460.0,1475.0,806.0,155.0,352.0,99.0,78.0,44.0,5.0,19.0,31.0,2015.0,1787.0,852.0,2.0,1.0,200.0,295.0,72.0,199.0,24.0,55.0,0.0,139.0,208.0,0.0,44.0,7827.0,2020.0
    CIUDAD AUTÓNOMA DE CEUTA,633.0,7.0,2.0,398.0,224.0,4.0,338.0,5.0,333.0,37.0,22.0,3.0,1.0,1.0,10.0,16.0,1714.0,471.0,198.0,90.0,37.0,30.0,128.0,97.0,6.0,8.0,84.0,432.0,359.0,350.0,1.0,0.0,50.0,356.0,220.0,133.0,3.0,192.0,1.0,116.0,174.0,4.0,67.0,3648.0,2020.0
    CIUDAD AUTÓNOMA DE MELILLA,870.0,2.0,0.0,522.0,322.0,24.0,381.0,6.0,375.0,34.0,19.0,7.0,1.0,0.0,7.0,24.0,2319.0,778.0,364.0,246.0,44.0,22.0,300.0,220.0,2.0,16.0,42.0,442.0,351.0,323.0,1.0,0.0,69.0,419.0,232.0,180.0,7.0,99.0,1.0,101.0,174.0,0.0,48.0,4470.0,2020.0
    EN EL EXTRANJERO,110.0,1.0,1.0,19.0,90.0,0.0,266.0,15.0,251.0,44.0,19.0,10.0,1.0,8.0,6.0,45.0,8725.0,912.0,173.0,122.0,15.0,4.0,75.0,58.0,1.0,1.0,90.0,7281.0,5469.0,18.0,2.0,3.0,171.0,21.0,19.0,0.0,2.0,148.0,2.0,18.0,6.0,0.0,10.0,9395.0,2020.0
    DESCONOCIDA,0.0,0.0,0.0,0.0,0.0,0.0,0.0,0.0,0.0,0.0,0.0,0.0,0.0,0.0,0.0,0.0,0.0,0.0,0.0,0.0,0.0,0.0,0.0,0.0,0.0,0.0,0.0,0.0,0.0,0.0,0.0,0.0,0.0,0.0,0.0,0.0,0.0,0.0,0.0,0.0,0.0,0.0,0.0,0.0,2020.0
    TOTAL NACIONAL,186110.0,1167.0,331.0,103341.0,77424.0,4178.0,125685.0,14575.0,111110.0,15319.0,8885.0,3079.0,369.0,866.0,2120.0,7288.0,1707144.0,700453.0,298098.0,108637.0,98326.0,32363.0,65874.0,25916.0,3223.0,5609.0,35105.0,327723.0,192375.0,219424.0,1807.0,295.0,58365.0,68749.0,16624.0,49869.0,2256.0,24529.0,416.0,32082.0,21877.0,306.0,9970.0,2199475.0,,2019.0
    ANDALUCÍA,37130.0,238.0,82.0,20624.0,15455.0,813.0,25751.0,2752.0,22999.0,2510.0,1462.0,401.0,92.0,132.0,423.0,1503.0,239711.0,91298.0,47542.0,17691.0,15349.0,6935.0,7302.0,4714.0,605.0,1163.0,6511.0,42358.0,23237.0,33332.0,439.0,82.0,10847.0,15094.0,4366.0,10270.0,458.0,3988.0,93.0,6728.0,4172.0,191.0,2450.0,339321.0,,2019.0
    ARAGÓN,4760.0,15.0,6.0,2407.0,2246.0,92.0,2276.0,285.0,1991.0,330.0,212.0,47.0,11.0,20.0,40.0,161.0,31651.0,10546.0,5471.0,1703.0,1568.0,737.0,1033.0,730.0,40.0,193.0,242.0,7976.0,4536.0,5122.0,34.0,3.0,1224.0,1360.0,351.0,972.0,37.0,446.0,3.0,799.0,570.0,2.0,225.0,42583.0,,2019.0
    ASTURIAS (PRINCIPADO DE),3368.0,18.0,7.0,1947.0,1344.0,59.0,1872.0,107.0,1765.0,193.0,121.0,28.0,3.0,11.0,30.0,99.0,19066.0,6780.0,2440.0,421.0,908.0,618.0,362.0,196.0,41.0,97.0,224.0,5577.0,3657.0,2824.0,18.0,1.0,840.0,1205.0,206.0,948.0,51.0,220.0,6.0,567.0,360.0,2.0,205.0,27163.0,,2019.0
    BALEARS (ILLES),8110.0,48.0,6.0,3774.0,4123.0,165.0,4718.0,526.0,4192.0,743.0,492.0,126.0,14.0,16.0,95.0,188.0,58274.0,26584.0,7883.0,2893.0,2598.0,965.0,1314.0,843.0,85.0,164.0,1429.0,13091.0,7702.0,5625.0,133.0,8.0,2207.0,2880.0,656.0,2051.0,173.0,716.0,11.0,1095.0,652.0,0.0,275.0,77662.0,,2019.0
    CANARIAS,12396.0,64.0,20.0,6922.0,5042.0,368.0,9328.0,850.0,8478.0,907.0,591.0,117.0,34.0,68.0,97.0,639.0,64716.0,26122.0,10888.0,4544.0,2886.0,1358.0,1535.0,905.0,154.0,256.0,1295.0,14386.0,7286.0,7480.0,154.0,14.0,2842.0,3439.0,603.0,2779.0,57.0,1114.0,17.0,1721.0,922.0,13.0,427.0,95639.0,,2019.0
    CANTABRIA,2053.0,15.0,6.0,1300.0,633.0,105.0,1455.0,135.0,1320.0,107.0,66.0,15.0,2.0,8.0,16.0,41.0,12953.0,4868.0,2471.0,439.0,1068.0,540.0,223.0,110.0,25.0,54.0,132.0,2261.0,1766.0,2245.0,17.0,0.0,736.0,716.0,86.0,622.0,8.0,162.0,3.0,282.0,168.0,0.0,133.0,18073.0,,2019.0
    CASTILLA Y LEÓN,7345.0,38.0,8.0,4571.0,2447.0,289.0,5398.0,532.0,4866.0,507.0,275.0,81.0,15.0,31.0,105.0,196.0,56640.0,19206.0,8819.0,1658.0,2965.0,1720.0,706.0,391.0,62.0,163.0,573.0,14634.0,9464.0,10845.0,51.0,9.0,1797.0,2911.0,447.0,2355.0,109.0,840.0,14.0,1186.0,750.0,10.0,566.0,76363.0,,2019.0
    CASTILLA - LA MANCHA,7335.0,41.0,11.0,4077.0,3048.0,169.0,4655.0,597.0,4058.0,520.0,327.0,72.0,15.0,31.0,75.0,326.0,50473.0,13831.0,11888.0,2688.0,4754.0,1685.0,978.0,586.0,82.0,162.0,615.0,11708.0,6445.0,8681.0,38.0,19.0,2715.0,3224.0,465.0,2659.0,100.0,1177.0,29.0,1250.0,766.0,6.0,547.0,70308.0,,2019.0
    CATALUÑA,21109.0,248.0,58.0,14002.0,6488.0,371.0,18675.0,1507.0,17168.0,3034.0,1545.0,953.0,7.0,211.0,318.0,1134.0,425113.0,192053.0,76612.0,33293.0,23753.0,11.0,26448.0,82.0,390.0,11.0,9711.0,63313.0,40016.0,43433.0,260.0,22.0,13261.0,8938.0,2615.0,6107.0,216.0,3791.0,58.0,3519.0,3073.0,13.0,808.0,489265.0,,2019.0
    COMUNITAT VALENCIANA,23332.0,148.0,40.0,11815.0,11011.0,358.0,13046.0,1764.0,11282.0,1749.0,1057.0,289.0,57.0,100.0,246.0,858.0,174091.0,68122.0,35068.0,10880.0,15271.0,4276.0,4950.0,3020.0,452.0,766.0,3190.0,29697.0,15758.0,26649.0,177.0,55.0,6183.0,7739.0,1979.0,5525.0,235.0,3250.0,48.0,4643.0,2671.0,11.0,1111.0,232549.0,,2019.0
    EXTREMADURA,3185.0,13.0,5.0,1932.0,1173.0,67.0,2423.0,265.0,2158.0,214.0,135.0,25.0,12.0,9.0,33.0,224.0,18583.0,6566.0,3379.0,706.0,994.0,646.0,320.0,177.0,35.0,71.0,144.0,3873.0,2410.0,3504.0,42.0,2.0,753.0,1248.0,323.0,843.0,82.0,445.0,8.0,680.0,290.0,5.0,286.0,27591.0,,2019.0
    GALICIA,8027.0,41.0,16.0,4804.0,3004.0,178.0,5692.0,700.0,4992.0,634.0,368.0,124.0,14.0,39.0,89.0,171.0,56924.0,18846.0,9618.0,2759.0,3135.0,2072.0,945.0,450.0,114.0,234.0,604.0,15690.0,9999.0,9311.0,101.0,8.0,1801.0,4992.0,517.0,4331.0,144.0,886.0,21.0,1409.0,718.0,6.0,544.0,80024.0,,2019.0
    MADRID (COMUNIDAD DE),29288.0,110.0,32.0,13704.0,14907.0,567.0,15655.0,1223.0,14432.0,2215.0,1292.0,455.0,55.0,108.0,305.0,822.0,337836.0,154169.0,47391.0,24125.0,11469.0,6462.0,15372.0,10896.0,871.0,1595.0,8030.0,62020.0,32841.0,42315.0,202.0,35.0,8302.0,7696.0,2577.0,4873.0,246.0,4042.0,55.0,4671.0,4428.0,24.0,1004.0,407736.0,,2019.0
    MURCIA (REGIÓN DE),6237.0,39.0,13.0,3449.0,2678.0,71.0,3741.0,364.0,3377.0,535.0,341.0,73.0,18.0,27.0,76.0,552.0,41700.0,15138.0,10780.0,2902.0,5017.0,1096.0,1536.0,917.0,124.0,258.0,909.0,6657.0,3358.0,4813.0,43.0,8.0,1816.0,1664.0,360.0,1244.0,60.0,708.0,14.0,1040.0,564.0,1.0,343.0,57099.0,,2019.0
    NAVARRA (COMUNIDAD FORAL DE),2693.0,18.0,5.0,1638.0,1001.0,36.0,1799.0,151.0,1648.0,232.0,126.0,52.0,8.0,7.0,39.0,74.0,21485.0,8538.0,2912.0,744.0,1006.0,458.0,331.0,232.0,17.0,54.0,183.0,5440.0,2734.0,3401.0,27.0,4.0,649.0,1583.0,159.0,1369.0,55.0,374.0,10.0,415.0,365.0,0.0,140.0,29170.0,,2019.0
    PAÍS VASCO,6884.0,37.0,10.0,4742.0,1666.0,439.0,7779.0,2727.0,5052.0,668.0,347.0,170.0,8.0,34.0,109.0,139.0,71978.0,30254.0,12683.0,36.0,5018.0,2626.0,1643.0,1076.0,103.0,296.0,890.0,16597.0,13793.0,8103.0,15.0,8.0,1785.0,2773.0,421.0,2168.0,184.0,1195.0,12.0,1573.0,985.0,7.0,543.0,94536.0,,2019.0
    RIOJA (LA),1042.0,5.0,0.0,577.0,447.0,13.0,518.0,68.0,450.0,92.0,65.0,15.0,4.0,2.0,6.0,31.0,6179.0,2415.0,942.0,185.0,437.0,109.0,91.0,41.0,7.0,32.0,69.0,1326.0,996.0,979.0,42.0,2.0,313.0,413.0,105.0,292.0,16.0,73.0,5.0,229.0,117.0,0.0,51.0,8750.0,,2019.0
    CIUDAD AUTÓNOMA DE CEUTA,710.0,20.0,4.0,437.0,250.0,3.0,283.0,4.0,279.0,23.0,15.0,2.0,0.0,0.0,6.0,31.0,2159.0,819.0,241.0,154.0,42.0,16.0,147.0,112.0,6.0,10.0,168.0,404.0,324.0,331.0,2.0,1.0,46.0,509.0,297.0,207.0,5.0,543.0,8.0,148.0,165.0,5.0,162.0,4746.0,,2019.0
    CIUDAD AUTÓNOMA DE MELILLA,931.0,9.0,1.0,592.0,319.0,11.0,296.0,9.0,287.0,33.0,22.0,5.0,0.0,0.0,6.0,25.0,3281.0,1202.0,766.0,618.0,71.0,26.0,375.0,243.0,8.0,13.0,76.0,386.0,241.0,380.0,7.0,5.0,84.0,348.0,76.0,254.0,18.0,289.0,1.0,97.0,137.0,9.0,135.0,5582.0,,2019.0
    EN EL EXTRANJERO,175.0,2.0,1.0,27.0,142.0,4.0,325.0,9.0,316.0,73.0,26.0,29.0,0.0,12.0,6.0,74.0,14331.0,3096.0,304.0,198.0,17.0,7.0,263.0,195.0,2.0,17.0,110.0,10329.0,5812.0,51.0,5.0,9.0,164.0,17.0,15.0,0.0,2.0,270.0,0.0,30.0,4.0,1.0,15.0,15315.0,,2019.0
    DESCONOCIDA,0.0,0.0,0.0,0.0,0.0,0.0,0.0,0.0,0.0,0.0,0.0,0.0,0.0,0.0,0.0,0.0,0.0,0.0,0.0,0.0,0.0,0.0,0.0,0.0,0.0,0.0,0.0,0.0,0.0,0.0,0.0,0.0,0.0,0.0,0.0,0.0,0.0,0.0,0.0,0.0,0.0,0.0,0.0,0.0,,2019.0
    TOTAL NACIONAL,177165.0,1088.0,289.0,99928.0,72309.0,3840.0,120919.0,14196.0,106723.0,13782.0,7983.0,2744.0,268.0,892.0,1895.0,7630.0,1664242.0,706072.0,302043.0,102474.0,107166.0,33129.0,60295.0,24681.0,3233.0,5355.0,35897.0,289259.0,136656.0,213815.0,2205.0,272.0,54384.0,64126.0,14133.0,47648.0,2345.0,22399.0,510.0,30290.0,20121.0,209.0,9725.0,2131118.0,,2018.0
    ANDALUCÍA,35043.0,262.0,72.0,19547.0,14441.0,793.0,24513.0,2671.0,21842.0,2339.0,1428.0,314.0,63.0,154.0,380.0,1529.0,240939.0,93459.0,50084.0,18696.0,15779.0,7192.0,7093.0,4592.0,571.0,1128.0,6872.0,37843.0,15081.0,34236.0,564.0,82.0,10706.0,13862.0,3663.0,9767.0,432.0,3740.0,123.0,6464.0,3889.0,129.0,2271.0,334841.0,,2018.0
    ARAGÓN,4474.0,17.0,9.0,2249.0,2093.0,115.0,2233.0,273.0,1960.0,346.0,206.0,53.0,11.0,26.0,50.0,177.0,29952.0,10710.0,5200.0,1268.0,1751.0,709.0,919.0,630.0,48.0,149.0,279.0,6751.0,3131.0,4804.0,19.0,2.0,1268.0,1244.0,336.0,857.0,51.0,433.0,9.0,710.0,526.0,2.0,261.0,40367.0,,2018.0
    ASTURIAS (PRINCIPADO DE),3159.0,18.0,7.0,1844.0,1246.0,51.0,1751.0,112.0,1639.0,207.0,122.0,27.0,11.0,11.0,36.0,104.0,18807.0,7223.0,2359.0,466.0,871.0,594.0,355.0,207.0,35.0,76.0,211.0,4817.0,2371.0,2994.0,37.0,4.0,807.0,1051.0,140.0,865.0,46.0,185.0,3.0,557.0,376.0,0.0,233.0,26433.0,,2018.0
    BALEARS (ILLES),7545.0,44.0,8.0,3806.0,3558.0,137.0,4373.0,509.0,3864.0,584.0,371.0,108.0,16.0,17.0,72.0,168.0,55800.0,27629.0,7967.0,2455.0,3067.0,1030.0,1230.0,771.0,89.0,157.0,1432.0,9821.0,5491.0,5479.0,109.0,5.0,2128.0,2676.0,514.0,1997.0,165.0,639.0,6.0,963.0,599.0,2.0,306.0,73661.0,,2018.0
    CANARIAS,11805.0,66.0,25.0,6629.0,4775.0,335.0,8955.0,713.0,8242.0,750.0,462.0,149.0,8.0,52.0,79.0,754.0,61599.0,27229.0,11598.0,4250.0,3229.0,1739.0,1490.0,870.0,124.0,288.0,1354.0,9983.0,3097.0,7217.0,112.0,14.0,2602.0,3296.0,620.0,2590.0,86.0,754.0,13.0,1485.0,855.0,0.0,383.0,90649.0,,2018.0
    CANTABRIA,2110.0,5.0,2.0,1424.0,599.0,82.0,1366.0,121.0,1245.0,102.0,60.0,15.0,1.0,8.0,18.0,43.0,12552.0,4669.0,2559.0,519.0,979.0,581.0,177.0,88.0,16.0,40.0,123.0,2241.0,1704.0,2052.0,19.0,2.0,710.0,748.0,87.0,644.0,17.0,124.0,0.0,318.0,166.0,2.0,143.0,17674.0,,2018.0
    CASTILLA Y LEÓN,7213.0,34.0,11.0,4594.0,2376.0,209.0,5270.0,539.0,4731.0,439.0,246.0,79.0,10.0,44.0,60.0,180.0,55843.0,19715.0,9513.0,1650.0,3569.0,1701.0,708.0,388.0,96.0,141.0,572.0,13157.0,6511.0,10388.0,80.0,9.0,1701.0,2709.0,408.0,2192.0,109.0,811.0,17.0,1097.0,700.0,0.0,584.0,74863.0,,2018.0
    CASTILLA - LA MANCHA,6828.0,37.0,8.0,3822.0,2858.0,111.0,4566.0,590.0,3976.0,489.0,287.0,77.0,17.0,34.0,74.0,298.0,49886.0,14490.0,13287.0,2917.0,5509.0,1804.0,968.0,570.0,98.0,150.0,668.0,9482.0,4789.0,8469.0,86.0,8.0,2428.0,2798.0,439.0,2287.0,72.0,1061.0,37.0,1152.0,702.0,9.0,506.0,68332.0,,2018.0
    CATALUÑA,20684.0,213.0,45.0,13726.0,6358.0,387.0,18562.0,1730.0,16832.0,2598.0,1277.0,821.0,6.0,225.0,269.0,1216.0,409295.0,192054.0,71069.0,27340.0,25792.0,9.0,22506.0,69.0,387.0,8.0,9193.0,62522.0,36808.0,40176.0,346.0,23.0,11406.0,8724.0,2452.0,6130.0,142.0,3456.0,52.0,3464.0,2775.0,17.0,667.0,471510.0,,2018.0
    COMUNITAT VALENCIANA,22039.0,118.0,25.0,11366.0,10209.0,346.0,12488.0,1670.0,10818.0,1580.0,988.0,252.0,35.0,87.0,218.0,890.0,175524.0,70169.0,36312.0,9906.0,17440.0,4222.0,5065.0,2976.0,442.0,818.0,3282.0,27937.0,11283.0,26842.0,285.0,55.0,5577.0,7805.0,1759.0,5741.0,305.0,3206.0,79.0,4361.0,2577.0,13.0,1065.0,231627.0,,2018.0
    EXTREMADURA,3097.0,17.0,4.0,1955.0,1050.0,75.0,2198.0,208.0,1990.0,209.0,131.0,33.0,5.0,11.0,29.0,209.0,18333.0,6616.0,3747.0,685.0,1178.0,818.0,252.0,138.0,27.0,57.0,160.0,3454.0,1879.0,3225.0,63.0,1.0,815.0,1138.0,233.0,834.0,71.0,445.0,10.0,602.0,246.0,17.0,309.0,26813.0,,2018.0
    GALICIA,8039.0,33.0,8.0,4876.0,2939.0,191.0,5819.0,631.0,5188.0,536.0,341.0,88.0,4.0,36.0,67.0,190.0,55664.0,19903.0,9990.0,2945.0,3395.0,1933.0,951.0,497.0,119.0,212.0,584.0,12961.0,6836.0,9413.0,117.0,13.0,1732.0,4806.0,433.0,4246.0,127.0,803.0,16.0,1266.0,795.0,1.0,591.0,78526.0,,2018.0
    MADRID (COMUNIDAD DE),27360.0,114.0,36.0,13078.0,13753.0,415.0,14497.0,1038.0,13459.0,2014.0,1172.0,408.0,45.0,99.0,290.0,862.0,325802.0,152704.0,49133.0,24583.0,12781.0,6282.0,14268.0,9938.0,881.0,1572.0,8620.0,51869.0,16509.0,40852.0,234.0,32.0,8090.0,6607.0,1955.0,4278.0,374.0,3445.0,87.0,4464.0,3754.0,10.0,1012.0,389914.0,,2018.0
    MURCIA (REGIÓN DE),6010.0,36.0,11.0,3333.0,2580.0,61.0,3414.0,337.0,3077.0,478.0,312.0,68.0,15.0,14.0,69.0,588.0,40812.0,14888.0,11206.0,2805.0,5662.0,1073.0,1444.0,968.0,109.0,191.0,951.0,5948.0,2034.0,4848.0,52.0,4.0,1471.0,1502.0,287.0,1143.0,72.0,679.0,16.0,1009.0,570.0,2.0,318.0,55398.0,,2018.0
    NAVARRA (COMUNIDAD FORAL DE),2589.0,25.0,10.0,1506.0,1016.0,42.0,1681.0,111.0,1570.0,271.0,144.0,64.0,7.0,12.0,44.0,73.0,19908.0,7741.0,3093.0,819.0,987.0,476.0,255.0,173.0,20.0,44.0,173.0,4651.0,2126.0,3303.0,38.0,2.0,652.0,1495.0,140.0,1277.0,78.0,340.0,17.0,407.0,306.0,1.0,181.0,27269.0,,2018.0
    PAÍS VASCO,6391.0,43.0,6.0,4579.0,1320.0,449.0,7830.0,2868.0,4962.0,659.0,324.0,162.0,11.0,43.0,119.0,205.0,68582.0,29376.0,12528.0,26.0,4534.0,2759.0,1791.0,1194.0,149.0,283.0,928.0,14570.0,12151.0,7596.0,13.0,5.0,1775.0,2605.0,368.0,2091.0,146.0,1025.0,13.0,1502.0,897.0,0.0,544.0,90253.0,,2018.0
    RIOJA (LA),1057.0,3.0,1.0,562.0,479.0,13.0,502.0,48.0,454.0,61.0,39.0,8.0,1.0,7.0,6.0,20.0,5894.0,2366.0,1001.0,177.0,466.0,133.0,77.0,46.0,8.0,12.0,78.0,1052.0,675.0,1097.0,17.0,1.0,205.0,349.0,73.0,262.0,14.0,64.0,2.0,185.0,87.0,0.0,53.0,8274.0,,2018.0
    CIUDAD AUTÓNOMA DE CEUTA,707.0,2.0,1.0,439.0,264.0,2.0,248.0,16.0,232.0,50.0,36.0,6.0,0.0,2.0,6.0,28.0,2243.0,864.0,313.0,186.0,60.0,25.0,150.0,115.0,7.0,7.0,247.0,291.0,182.0,324.0,0.0,4.0,50.0,385.0,166.0,215.0,4.0,602.0,8.0,178.0,134.0,3.0,136.0,4722.0,,2018.0
    CIUDAD AUTÓNOMA DE MELILLA,874.0,1.0,0.0,574.0,275.0,24.0,340.0,3.0,337.0,27.0,18.0,2.0,1.0,2.0,4.0,22.0,3329.0,1237.0,787.0,589.0,91.0,35.0,332.0,260.0,6.0,8.0,88.0,373.0,176.0,445.0,11.0,0.0,56.0,314.0,48.0,232.0,34.0,196.0,1.0,78.0,165.0,1.0,141.0,5488.0,,2018.0
    EN EL EXTRANJERO,141.0,0.0,0.0,19.0,120.0,2.0,313.0,8.0,305.0,43.0,19.0,10.0,1.0,8.0,5.0,74.0,13478.0,3030.0,297.0,192.0,26.0,14.0,264.0,191.0,1.0,14.0,82.0,9536.0,3822.0,55.0,3.0,6.0,205.0,12.0,12.0,0.0,0.0,391.0,1.0,28.0,2.0,0.0,21.0,14504.0,,2018.0
    DESCONOCIDA,0.0,0.0,0.0,0.0,0.0,0.0,0.0,0.0,0.0,0.0,0.0,0.0,0.0,0.0,0.0,0.0,0.0,0.0,0.0,0.0,0.0,0.0,0.0,0.0,0.0,0.0,0.0,0.0,0.0,0.0,0.0,0.0,0.0,0.0,0.0,0.0,0.0,0.0,0.0,0.0,0.0,0.0,0.0,0.0,,2018.0
    TOTAL NACIONAL,174217.0,1106.0,307.0,100354.0,69812.0,2945.0,119031.0,14238.0,104793.0,11692.0,6580.0,2136.0,400.0,767.0,1809.0,7915.0,1593930.0,712398.0,301734.0,102988.0,105095.0,35059.0,61763.0,27561.0,3389.0,5383.0,42519.0,214625.0,94792.0,214246.0,1622.0,260.0,44763.0,59162.0,12958.0,43942.0,2262.0,20640.0,668.0,29001.0,19591.0,165.0,9772.0,2045784.0,,2017.0
    ANDALUCÍA,35087.0,256.0,49.0,20068.0,14179.0,584.0,24427.0,2857.0,21570.0,2064.0,1157.0,273.0,104.0,153.0,377.0,1561.0,242164.0,103746.0,52435.0,19447.0,17276.0,7303.0,7668.0,5116.0,568.0,1146.0,8755.0,25204.0,10366.0,35372.0,445.0,61.0,8478.0,13039.0,3472.0,9122.0,445.0,3594.0,120.0,6196.0,3573.0,91.0,2415.0,334331.0,,2017.0
    ARAGÓN,4146.0,23.0,8.0,2137.0,1929.0,57.0,2071.0,249.0,1822.0,274.0,159.0,46.0,11.0,18.0,40.0,161.0,28437.0,11004.0,5167.0,1306.0,1787.0,743.0,798.0,518.0,54.0,148.0,392.0,4805.0,1860.0,5165.0,21.0,3.0,1082.0,1093.0,270.0,763.0,60.0,357.0,6.0,612.0,473.0,1.0,247.0,37878.0,,2017.0
    ASTURIAS (PRINCIPADO DE),3160.0,16.0,5.0,1906.0,1189.0,49.0,1842.0,88.0,1754.0,146.0,84.0,30.0,1.0,8.0,23.0,117.0,17964.0,7261.0,2650.0,485.0,956.0,762.0,371.0,218.0,35.0,70.0,394.0,3553.0,1677.0,3008.0,7.0,3.0,717.0,1052.0,130.0,860.0,62.0,178.0,3.0,575.0,409.0,1.0,205.0,25652.0,,2017.0
    BALEARS (ILLES),7096.0,32.0,4.0,3679.0,3253.0,132.0,4377.0,484.0,3893.0,517.0,336.0,67.0,9.0,19.0,86.0,180.0,55129.0,29183.0,8666.0,2895.0,3125.0,1145.0,1354.0,899.0,68.0,186.0,1717.0,6699.0,3156.0,5290.0,77.0,4.0,2139.0,2534.0,483.0,1973.0,78.0,476.0,18.0,950.0,634.0,0.0,246.0,72157.0,,2017.0
    CANARIAS,11744.0,56.0,20.0,6892.0,4650.0,146.0,8825.0,751.0,8074.0,625.0,350.0,122.0,25.0,45.0,83.0,833.0,62255.0,30127.0,12638.0,4674.0,3263.0,2028.0,1436.0,878.0,116.0,245.0,1797.0,6448.0,2172.0,7324.0,75.0,13.0,2397.0,3287.0,597.0,2612.0,78.0,875.0,135.0,1521.0,886.0,1.0,372.0,91359.0,,2017.0
    CANTABRIA,1941.0,7.0,3.0,1323.0,556.0,55.0,1344.0,125.0,1219.0,84.0,52.0,16.0,0.0,4.0,12.0,46.0,12678.0,4983.0,2600.0,486.0,939.0,686.0,214.0,127.0,25.0,29.0,207.0,2140.0,1419.0,2024.0,6.0,1.0,503.0,695.0,63.0,602.0,30.0,106.0,3.0,269.0,165.0,1.0,108.0,17440.0,,2017.0
    CASTILLA Y LEÓN,7127.0,30.0,13.0,4650.0,2332.0,115.0,5083.0,526.0,4557.0,368.0,207.0,50.0,21.0,23.0,67.0,226.0,53459.0,21070.0,9684.0,1679.0,3154.0,1960.0,726.0,430.0,69.0,130.0,659.0,9555.0,4606.0,10399.0,63.0,6.0,1297.0,2473.0,334.0,1971.0,168.0,774.0,26.0,1054.0,699.0,8.0,577.0,71874.0,,2017.0
    CASTILLA - LA MANCHA,6583.0,46.0,12.0,3836.0,2607.0,94.0,4362.0,593.0,3769.0,371.0,211.0,51.0,27.0,18.0,64.0,335.0,46528.0,15200.0,13183.0,2583.0,5500.0,2159.0,1026.0,614.0,80.0,166.0,1105.0,6232.0,2796.0,7785.0,29.0,8.0,1960.0,2598.0,426.0,2083.0,89.0,942.0,65.0,1016.0,649.0,9.0,548.0,64006.0,,2017.0
    CATALUÑA,20582.0,209.0,65.0,13698.0,6251.0,424.0,18110.0,1740.0,16370.0,2212.0,1151.0,600.0,5.0,168.0,288.0,1320.0,361790.0,173684.0,65020.0,24940.0,23313.0,7.0,20615.0,61.0,386.0,6.0,8855.0,45006.0,26574.0,38529.0,233.0,27.0,9821.0,8273.0,2269.0,5860.0,144.0,3235.0,81.0,3383.0,2539.0,10.0,751.0,422286.0,,2017.0
    COMUNITAT VALENCIANA,21164.0,106.0,41.0,11154.0,9653.0,251.0,12282.0,1500.0,10782.0,1348.0,797.0,179.0,76.0,85.0,211.0,889.0,173357.0,73922.0,37439.0,11287.0,16928.0,4472.0,5393.0,3341.0,456.0,805.0,3918.0,20851.0,7989.0,26863.0,235.0,46.0,4690.0,7273.0,1592.0,5415.0,266.0,2794.0,72.0,4214.0,2532.0,6.0,1171.0,227102.0,,2017.0
    EXTREMADURA,3184.0,24.0,8.0,2087.0,1034.0,39.0,2233.0,208.0,2025.0,153.0,90.0,16.0,5.0,12.0,30.0,216.0,18059.0,7245.0,3994.0,745.0,1288.0,862.0,277.0,152.0,23.0,66.0,336.0,2268.0,1031.0,3326.0,23.0,2.0,588.0,976.0,201.0,687.0,88.0,373.0,4.0,614.0,281.0,16.0,302.0,26411.0,,2017.0
    GALICIA,7927.0,40.0,13.0,4905.0,2832.0,150.0,5935.0,658.0,5277.0,459.0,281.0,60.0,15.0,30.0,73.0,224.0,51864.0,20320.0,10055.0,3022.0,3402.0,1979.0,1057.0,572.0,117.0,217.0,794.0,8590.0,4428.0,9537.0,54.0,11.0,1446.0,4424.0,371.0,3888.0,165.0,708.0,17.0,1228.0,732.0,2.0,654.0,74174.0,,2017.0
    MADRID (COMUNIDAD DE),27093.0,125.0,39.0,13088.0,13546.0,334.0,14066.0,1137.0,12929.0,1776.0,977.0,368.0,57.0,94.0,280.0,804.0,319369.0,156329.0,48650.0,24412.0,12562.0,6457.0,16314.0,11551.0,1093.0,1616.0,10715.0,38712.0,8887.0,41989.0,235.0,43.0,6382.0,5830.0,1608.0,3966.0,256.0,3257.0,37.0,4319.0,3824.0,15.0,852.0,381242.0,,2017.0
    MURCIA (REGIÓN DE),6033.0,45.0,14.0,3379.0,2566.0,43.0,3312.0,317.0,2995.0,391.0,240.0,59.0,7.0,18.0,67.0,570.0,38611.0,15261.0,11571.0,3223.0,5826.0,1105.0,1458.0,938.0,131.0,197.0,1293.0,3246.0,1183.0,4783.0,55.0,5.0,939.0,1392.0,293.0,1036.0,63.0,540.0,23.0,893.0,550.0,2.0,373.0,52690.0,,2017.0
    NAVARRA (COMUNIDAD FORAL DE),2427.0,28.0,7.0,1409.0,956.0,34.0,1677.0,128.0,1549.0,232.0,127.0,49.0,19.0,10.0,27.0,94.0,18463.0,7572.0,2877.0,664.0,955.0,504.0,432.0,299.0,24.0,57.0,169.0,3526.0,1728.0,3321.0,13.0,3.0,550.0,845.0,134.0,669.0,42.0,269.0,25.0,327.0,294.0,0.0,174.0,24827.0,,2017.0
    PAÍS VASCO,6193.0,41.0,5.0,4588.0,1159.0,405.0,7722.0,2782.0,4940.0,500.0,268.0,118.0,11.0,42.0,61.0,188.0,62871.0,27873.0,12539.0,27.0,4058.0,2687.0,1787.0,1224.0,123.0,241.0,900.0,10724.0,8546.0,7729.0,7.0,10.0,1302.0,2424.0,332.0,1916.0,176.0,963.0,17.0,1417.0,897.0,1.0,494.0,83687.0,,2017.0
    RIOJA (LA),1006.0,6.0,0.0,549.0,438.0,13.0,461.0,51.0,410.0,57.0,40.0,7.0,3.0,1.0,6.0,23.0,5676.0,2563.0,1271.0,222.0,587.0,124.0,104.0,54.0,11.0,24.0,89.0,458.0,168.0,1013.0,4.0,1.0,173.0,294.0,80.0,198.0,16.0,52.0,3.0,136.0,126.0,0.0,43.0,7877.0,,2017.0
    CIUDAD AUTÓNOMA DE CEUTA,700.0,8.0,1.0,418.0,263.0,11.0,252.0,21.0,231.0,25.0,14.0,5.0,1.0,0.0,5.0,28.0,2132.0,810.0,455.0,347.0,57.0,26.0,131.0,110.0,2.0,5.0,216.0,166.0,72.0,313.0,3.0,1.0,37.0,434.0,227.0,205.0,2.0,474.0,11.0,185.0,159.0,1.0,102.0,4503.0,,2017.0
    CIUDAD AUTÓNOMA DE MELILLA,889.0,8.0,0.0,569.0,304.0,8.0,356.0,12.0,344.0,29.0,19.0,3.0,0.0,3.0,4.0,31.0,2826.0,1154.0,587.0,375.0,99.0,39.0,356.0,277.0,4.0,16.0,113.0,98.0,32.0,421.0,31.0,1.0,65.0,212.0,64.0,116.0,32.0,42.0,2.0,67.0,166.0,0.0,124.0,4744.0,,2017.0
    EN EL EXTRANJERO,135.0,0.0,0.0,19.0,115.0,1.0,294.0,11.0,283.0,61.0,20.0,17.0,3.0,16.0,5.0,69.0,20298.0,3091.0,253.0,169.0,20.0,11.0,246.0,182.0,4.0,13.0,95.0,16344.0,6102.0,55.0,6.0,11.0,197.0,14.0,12.0,0.0,2.0,631.0,0.0,25.0,3.0,0.0,14.0,21544.0,,2017.0
    DESCONOCIDA,0.0,0.0,0.0,0.0,0.0,0.0,0.0,0.0,0.0,0.0,0.0,0.0,0.0,0.0,0.0,0.0,0.0,0.0,0.0,0.0,0.0,0.0,0.0,0.0,0.0,0.0,0.0,0.0,0.0,0.0,0.0,0.0,0.0,0.0,0.0,0.0,0.0,0.0,0.0,0.0,0.0,0.0,0.0,0.0,,2017.0
    TOTAL NACIONAL,166431.0,1107.0,294.0,97108.0,66102.0,2114.0,115493.0,14554.0,100939.0,10844.0,6233.0,1793.0,368.0,621.0,1829.0,8043.0,1572967.0,711507.0,318164.0,104274.0,113299.0,37619.0,62952.0,28900.0,3521.0,5174.0,43335.0,179756.0,70178.0,214709.0,1889.0,262.0,40393.0,58350.0,12448.0,43913.0,1989.0,19958.0,553.0,27647.0,18867.0,143.0,10394.0,2009690.0,,2016.0
    ANDALUCÍA,33661.0,295.0,68.0,19149.0,13747.0,470.0,23184.0,2703.0,20481.0,1837.0,1043.0,263.0,64.0,111.0,356.0,1527.0,243163.0,109491.0,54283.0,19022.0,18367.0,7772.0,7431.0,5051.0,591.0,956.0,8835.0,21551.0,8165.0,34528.0,523.0,57.0,6464.0,12880.0,3143.0,9318.0,419.0,3606.0,190.0,5870.0,3450.0,86.0,2382.0,331836.0,,2016.0
    ARAGÓN,4005.0,25.0,8.0,2073.0,1864.0,43.0,2134.0,251.0,1883.0,287.0,169.0,51.0,20.0,8.0,39.0,155.0,28874.0,11936.0,5615.0,1371.0,1898.0,713.0,910.0,613.0,65.0,128.0,388.0,3813.0,1437.0,5222.0,28.0,8.0,954.0,1043.0,252.0,719.0,72.0,330.0,9.0,594.0,438.0,1.0,276.0,38146.0,,2016.0
    ASTURIAS (PRINCIPADO DE),3239.0,22.0,6.0,1989.0,1179.0,49.0,1824.0,130.0,1694.0,146.0,84.0,26.0,2.0,10.0,24.0,106.0,18359.0,7638.0,3043.0,565.0,1101.0,832.0,531.0,321.0,44.0,103.0,371.0,2955.0,1277.0,3025.0,12.0,0.0,784.0,1108.0,103.0,946.0,59.0,201.0,0.0,512.0,368.0,0.0,230.0,26093.0,,2016.0
    BALEARS (ILLES),6609.0,32.0,9.0,3456.0,3045.0,76.0,4258.0,514.0,3744.0,442.0,256.0,69.0,27.0,17.0,73.0,212.0,51859.0,27962.0,8737.0,2965.0,3104.0,1138.0,1186.0,721.0,78.0,175.0,1925.0,5028.0,2113.0,5064.0,91.0,4.0,1862.0,2332.0,500.0,1764.0,68.0,479.0,27.0,980.0,643.0,3.0,316.0,68160.0,,2016.0
    CANARIAS,11021.0,65.0,21.0,6370.0,4487.0,99.0,8344.0,695.0,7649.0,530.0,318.0,76.0,23.0,26.0,87.0,837.0,61781.0,30971.0,12658.0,4507.0,3572.0,2053.0,1537.0,962.0,132.0,249.0,1606.0,5481.0,1696.0,7240.0,87.0,15.0,2186.0,3029.0,601.0,2363.0,65.0,643.0,26.0,1298.0,863.0,3.0,407.0,88782.0,,2016.0
    CANTABRIA,1971.0,8.0,0.0,1341.0,572.0,50.0,1261.0,145.0,1116.0,69.0,36.0,8.0,0.0,8.0,17.0,37.0,12290.0,5108.0,2562.0,407.0,982.0,664.0,214.0,109.0,23.0,55.0,245.0,1666.0,1028.0,1956.0,11.0,1.0,527.0,733.0,92.0,618.0,23.0,145.0,2.0,229.0,154.0,1.0,110.0,17002.0,,2016.0
    CASTILLA Y LEÓN,6922.0,28.0,11.0,4523.0,2298.0,73.0,5110.0,545.0,4565.0,289.0,167.0,39.0,10.0,28.0,45.0,203.0,54234.0,22480.0,10186.0,1637.0,3521.0,2165.0,847.0,512.0,90.0,130.0,901.0,7852.0,3370.0,10667.0,61.0,6.0,1234.0,2404.0,352.0,1949.0,103.0,643.0,8.0,1057.0,622.0,2.0,543.0,72037.0,,2016.0
    CASTILLA - LA MANCHA,6383.0,38.0,11.0,3821.0,2457.0,67.0,4160.0,516.0,3644.0,348.0,189.0,55.0,24.0,15.0,65.0,336.0,46605.0,15746.0,14383.0,2651.0,5937.0,2215.0,1006.0,608.0,82.0,150.0,1511.0,4945.0,2075.0,7335.0,23.0,8.0,1648.0,2612.0,361.0,2177.0,74.0,840.0,10.0,1027.0,613.0,4.0,641.0,63579.0,,2016.0
    CATALUÑA,19569.0,196.0,54.0,13227.0,6112.0,34.0,18226.0,1962.0,16264.0,2249.0,1301.0,455.0,4.0,157.0,332.0,1417.0,344365.0,162942.0,66104.0,24579.0,23655.0,21.0,20152.0,66.0,344.0,6.0,7976.0,38526.0,18077.0,38365.0,352.0,42.0,9906.0,8126.0,2183.0,5805.0,138.0,3563.0,65.0,3240.0,2304.0,19.0,785.0,403928.0,,2016.0
    COMUNITAT VALENCIANA,20598.0,125.0,30.0,11061.0,9254.0,158.0,11726.0,1488.0,10238.0,1343.0,775.0,186.0,52.0,78.0,252.0,880.0,177644.0,77169.0,40730.0,11346.0,19096.0,4919.0,5917.0,3725.0,462.0,851.0,4390.0,17631.0,6246.0,27228.0,245.0,44.0,4290.0,7465.0,1654.0,5525.0,286.0,2687.0,48.0,4019.0,2450.0,6.0,1343.0,230209.0,,2016.0
    EXTREMADURA,3130.0,17.0,7.0,2059.0,1019.0,35.0,2092.0,246.0,1846.0,157.0,96.0,20.0,11.0,7.0,23.0,207.0,18274.0,7456.0,4414.0,880.0,1337.0,962.0,302.0,175.0,30.0,56.0,416.0,1953.0,852.0,3171.0,37.0,3.0,522.0,904.0,198.0,660.0,46.0,347.0,11.0,599.0,288.0,0.0,277.0,26286.0,,2016.0
    GALICIA,7854.0,35.0,12.0,4989.0,2714.0,116.0,5838.0,703.0,5135.0,434.0,241.0,65.0,19.0,33.0,76.0,242.0,52691.0,21326.0,10893.0,3040.0,3684.0,2320.0,1086.0,565.0,122.0,243.0,1032.0,7197.0,3070.0,9760.0,53.0,11.0,1333.0,4197.0,345.0,3716.0,136.0,652.0,18.0,1061.0,746.0,3.0,669.0,74405.0,,2016.0
    MADRID (COMUNIDAD DE),25275.0,117.0,33.0,12717.0,12111.0,330.0,13350.0,1025.0,12325.0,1551.0,864.0,302.0,63.0,55.0,267.0,893.0,314569.0,150409.0,54586.0,26262.0,15783.0,7175.0,16992.0,12130.0,1134.0,1547.0,10504.0,32206.0,7210.0,44007.0,255.0,37.0,5573.0,5913.0,1463.0,4227.0,223.0,2931.0,78.0,4029.0,3793.0,10.0,1010.0,373402.0,,2016.0
    MURCIA (REGIÓN DE),5768.0,34.0,12.0,3185.0,2510.0,39.0,3032.0,318.0,2714.0,379.0,229.0,51.0,14.0,16.0,69.0,535.0,38128.0,15735.0,11120.0,3099.0,5370.0,1173.0,1495.0,962.0,123.0,189.0,1352.0,2846.0,885.0,4715.0,46.0,6.0,813.0,1261.0,264.0,930.0,67.0,466.0,10.0,894.0,534.0,0.0,302.0,51309.0,,2016.0
    NAVARRA (COMUNIDAD FORAL DE),2352.0,7.0,1.0,1382.0,929.0,34.0,1812.0,119.0,1693.0,219.0,109.0,51.0,18.0,6.0,35.0,89.0,18875.0,8259.0,3253.0,927.0,1029.0,440.0,424.0,302.0,23.0,44.0,214.0,2935.0,1424.0,3238.0,29.0,3.0,520.0,921.0,200.0,691.0,30.0,515.0,10.0,341.0,340.0,0.0,230.0,25704.0,,2016.0
    PAÍS VASCO,5393.0,37.0,6.0,4191.0,750.0,415.0,7684.0,3084.0,4600.0,394.0,241.0,52.0,9.0,39.0,53.0,181.0,62837.0,28944.0,13167.0,34.0,4117.0,2829.0,1993.0,1372.0,164.0,236.0,985.0,8997.0,6954.0,7481.0,10.0,2.0,1258.0,2386.0,321.0,1936.0,129.0,952.0,27.0,1492.0,892.0,1.0,570.0,82809.0,,2016.0
    RIOJA (LA),979.0,3.0,0.0,557.0,406.0,13.0,444.0,42.0,402.0,48.0,34.0,7.0,3.0,1.0,3.0,20.0,5764.0,2791.0,1187.0,223.0,494.0,148.0,119.0,75.0,4.0,27.0,99.0,397.0,142.0,1004.0,8.0,2.0,157.0,347.0,63.0,274.0,10.0,66.0,3.0,157.0,111.0,1.0,57.0,7997.0,,2016.0
    CIUDAD AUTÓNOMA DE CEUTA,680.0,14.0,4.0,421.0,242.0,3.0,322.0,40.0,282.0,39.0,24.0,4.0,4.0,0.0,7.0,43.0,2361.0,950.0,346.0,223.0,67.0,32.0,197.0,156.0,8.0,4.0,387.0,142.0,64.0,296.0,6.0,1.0,36.0,451.0,257.0,189.0,5.0,362.0,4.0,148.0,120.0,3.0,100.0,4633.0,,2016.0
    CIUDAD AUTÓNOMA DE MELILLA,888.0,9.0,1.0,578.0,293.0,8.0,290.0,12.0,278.0,51.0,45.0,3.0,0.0,0.0,3.0,25.0,2953.0,1312.0,620.0,368.0,159.0,36.0,377.0,316.0,1.0,3.0,105.0,100.0,29.0,375.0,7.0,1.0,56.0,223.0,82.0,105.0,36.0,52.0,3.0,78.0,134.0,0.0,135.0,4832.0,,2016.0
    EN EL EXTRANJERO,134.0,0.0,0.0,19.0,113.0,2.0,402.0,16.0,386.0,32.0,12.0,10.0,1.0,6.0,3.0,98.0,17341.0,2882.0,277.0,168.0,26.0,12.0,236.0,159.0,1.0,22.0,93.0,13535.0,4064.0,32.0,5.0,11.0,270.0,15.0,14.0,1.0,0.0,478.0,4.0,22.0,4.0,0.0,11.0,18541.0,,2016.0
    DESCONOCIDA,0.0,0.0,0.0,0.0,0.0,0.0,0.0,0.0,0.0,0.0,0.0,0.0,0.0,0.0,0.0,0.0,0.0,0.0,0.0,0.0,0.0,0.0,0.0,0.0,0.0,0.0,0.0,0.0,0.0,0.0,0.0,0.0,0.0,0.0,0.0,0.0,0.0,0.0,0.0,0.0,0.0,0.0,0.0,0.0,,2016.0
    TOTAL NACIONAL,223893.0,964.0,302.0,97012.0,64118.0,61799.0,78815.0,15676.0,63139.0,9869.0,5338.0,1668.0,432.0,748.0,1683.0,9814.0,1573983.0,715469.0,322705.0,100021.0,115302.0,35959.0,64581.0,28949.0,3929.0,5168.0,43170.0,165300.0,62038.0,215519.0,2047.0,290.0,44902.0,60090.0,12069.0,45991.0,2030.0,19224.0,535.0,27538.0,23160.0,192.0,9702.0,2036815.0,,2015.0
    ANDALUCÍA,47420.0,218.0,65.0,19400.0,14031.0,13771.0,14587.0,2708.0,11879.0,1701.0,904.0,242.0,98.0,136.0,321.0,1641.0,241975.0,110768.0,54298.0,19160.0,17798.0,7348.0,7283.0,5016.0,524.0,931.0,9008.0,19406.0,6536.0,33579.0,526.0,71.0,7036.0,13484.0,3086.0,9997.0,401.0,3524.0,146.0,6379.0,4252.0,72.0,1943.0,337124.0,,2015.0
    ARAGÓN,4735.0,23.0,9.0,2016.0,1690.0,1006.0,1384.0,304.0,1080.0,251.0,137.0,41.0,21.0,19.0,33.0,159.0,29101.0,12155.0,5636.0,1348.0,1883.0,690.0,820.0,530.0,63.0,142.0,373.0,3685.0,1470.0,5355.0,47.0,5.0,1025.0,1054.0,285.0,693.0,76.0,303.0,10.0,674.0,494.0,2.0,217.0,38384.0,,2015.0
    ASTURIAS (PRINCIPADO DE),4238.0,18.0,4.0,1935.0,1175.0,1110.0,1155.0,128.0,1027.0,147.0,90.0,17.0,7.0,10.0,23.0,149.0,18946.0,8275.0,3075.0,467.0,956.0,1000.0,603.0,360.0,64.0,130.0,449.0,2446.0,1002.0,3112.0,16.0,1.0,969.0,1111.0,154.0,924.0,33.0,188.0,4.0,446.0,449.0,0.0,149.0,26982.0,,2015.0
    BALEARS (ILLES),7774.0,35.0,8.0,3301.0,2647.0,1791.0,2685.0,472.0,2213.0,411.0,238.0,69.0,17.0,11.0,76.0,234.0,50642.0,27662.0,8506.0,2528.0,3323.0,1042.0,1069.0,652.0,61.0,141.0,1770.0,4744.0,2264.0,4994.0,116.0,8.0,1773.0,2517.0,419.0,2017.0,81.0,417.0,8.0,916.0,791.0,2.0,283.0,66680.0,,2015.0
    CANARIAS,15540.0,64.0,20.0,6409.0,4346.0,4721.0,5244.0,681.0,4563.0,506.0,286.0,101.0,31.0,27.0,61.0,1010.0,60740.0,30242.0,12752.0,4766.0,3398.0,2011.0,1530.0,940.0,130.0,246.0,1677.0,5290.0,1838.0,7168.0,86.0,21.0,1974.0,3140.0,569.0,2489.0,82.0,701.0,18.0,1266.0,1001.0,5.0,368.0,89539.0,,2015.0
    CANTABRIA,2656.0,8.0,3.0,1366.0,582.0,700.0,864.0,126.0,738.0,70.0,36.0,13.0,1.0,12.0,8.0,51.0,11661.0,5097.0,2279.0,499.0,733.0,528.0,261.0,149.0,19.0,45.0,250.0,1371.0,776.0,1735.0,10.0,3.0,655.0,768.0,115.0,628.0,25.0,113.0,3.0,256.0,230.0,1.0,81.0,16754.0,,2015.0
    CASTILLA Y LEÓN,10203.0,27.0,9.0,4725.0,2240.0,3211.0,3208.0,523.0,2685.0,282.0,140.0,41.0,23.0,21.0,57.0,251.0,54991.0,24474.0,10304.0,1667.0,3547.0,1993.0,914.0,571.0,98.0,130.0,789.0,6319.0,2411.0,10672.0,64.0,6.0,1449.0,2626.0,313.0,2216.0,97.0,541.0,10.0,1005.0,951.0,2.0,433.0,74503.0,,2015.0
    CASTILLA - LA MANCHA,8877.0,38.0,13.0,3793.0,2493.0,2553.0,2707.0,577.0,2130.0,309.0,189.0,31.0,17.0,21.0,51.0,355.0,49126.0,17080.0,15750.0,2760.0,6248.0,2127.0,1010.0,644.0,83.0,123.0,1283.0,4457.0,2012.0,7897.0,22.0,5.0,1622.0,2548.0,352.0,2105.0,91.0,752.0,13.0,1086.0,693.0,7.0,505.0,66978.0,,2015.0
    CATALUÑA,27269.0,151.0,42.0,13296.0,5828.0,7994.0,15034.0,2771.0,12263.0,1928.0,970.0,439.0,16.0,195.0,308.0,2012.0,350445.0,165519.0,68484.0,23665.0,24592.0,18.0,21514.0,81.0,343.0,7.0,8651.0,35532.0,15791.0,38961.0,376.0,29.0,11379.0,7760.0,1953.0,5672.0,135.0,3241.0,58.0,3261.0,3236.0,46.0,1174.0,415464.0,,2015.0
    COMUNITAT VALENCIANA,26573.0,100.0,48.0,10833.0,9032.0,6608.0,7906.0,1518.0,6388.0,1216.0,658.0,156.0,86.0,88.0,228.0,988.0,179704.0,78850.0,41473.0,10618.0,19712.0,4850.0,6152.0,3925.0,535.0,782.0,4358.0,15845.0,5004.0,27949.0,254.0,24.0,4799.0,7501.0,1506.0,5658.0,337.0,2379.0,97.0,4137.0,3100.0,17.0,1107.0,234725.0,,2015.0
    EXTREMADURA,4245.0,9.0,1.0,1902.0,1013.0,1321.0,1312.0,277.0,1035.0,164.0,91.0,20.0,10.0,15.0,28.0,231.0,18942.0,8083.0,4585.0,878.0,1334.0,904.0,308.0,187.0,38.0,52.0,382.0,1748.0,602.0,3196.0,34.0,3.0,603.0,966.0,201.0,711.0,54.0,299.0,1.0,530.0,354.0,1.0,206.0,27251.0,,2015.0
    GALICIA,11296.0,56.0,19.0,5114.0,2651.0,3475.0,3736.0,651.0,3085.0,434.0,263.0,70.0,11.0,37.0,53.0,286.0,53286.0,22032.0,11616.0,2827.0,4235.0,2264.0,1070.0,567.0,113.0,253.0,980.0,6171.0,2628.0,9924.0,77.0,8.0,1408.0,4513.0,348.0,4020.0,145.0,630.0,37.0,1032.0,937.0,9.0,424.0,76620.0,,2015.0
    MADRID (COMUNIDAD DE),30615.0,90.0,30.0,12700.0,11249.0,6576.0,8609.0,1145.0,7464.0,1415.0,770.0,284.0,47.0,87.0,227.0,1228.0,304377.0,144569.0,52667.0,24021.0,15915.0,6488.0,17454.0,12307.0,1463.0,1607.0,10113.0,28952.0,7001.0,43823.0,285.0,74.0,6440.0,6081.0,1441.0,4373.0,267.0,3371.0,57.0,3587.0,4178.0,19.0,1469.0,365006.0,,2015.0
    MURCIA (REGIÓN DE),7534.0,37.0,12.0,3241.0,2516.0,1740.0,2122.0,329.0,1793.0,368.0,197.0,53.0,17.0,22.0,79.0,581.0,39276.0,16697.0,11376.0,2885.0,5068.0,1319.0,1480.0,925.0,139.0,204.0,1332.0,2543.0,718.0,4661.0,61.0,7.0,1119.0,1411.0,248.0,1116.0,47.0,532.0,5.0,810.0,492.0,1.0,242.0,53374.0,,2015.0
    NAVARRA (COMUNIDAD FORAL DE),2945.0,15.0,3.0,1299.0,759.0,872.0,977.0,137.0,840.0,139.0,60.0,26.0,9.0,8.0,36.0,122.0,17511.0,7845.0,2833.0,617.0,967.0,342.0,351.0,203.0,27.0,68.0,186.0,2633.0,1285.0,3158.0,33.0,3.0,469.0,990.0,146.0,791.0,53.0,245.0,15.0,321.0,453.0,3.0,211.0,23932.0,,2015.0
    PAÍS VASCO,8881.0,54.0,11.0,4223.0,796.0,3808.0,6342.0,3223.0,3119.0,411.0,238.0,47.0,16.0,34.0,76.0,302.0,62875.0,28194.0,14029.0,26.0,4739.0,2773.0,1908.0,1238.0,205.0,258.0,879.0,8465.0,6133.0,7588.0,24.0,5.0,1783.0,2392.0,356.0,1978.0,58.0,1017.0,34.0,1479.0,1165.0,3.0,600.0,85501.0,,2015.0
    RIOJA (LA),1176.0,6.0,1.0,543.0,414.0,213.0,327.0,46.0,281.0,49.0,30.0,9.0,3.0,1.0,6.0,34.0,6260.0,2877.0,1438.0,229.0,647.0,170.0,136.0,92.0,11.0,17.0,132.0,449.0,159.0,1042.0,2.0,1.0,183.0,339.0,61.0,270.0,8.0,62.0,1.0,126.0,123.0,0.0,30.0,8527.0,,2015.0
    CIUDAD AUTÓNOMA DE CEUTA,697.0,7.0,1.0,400.0,190.0,100.0,182.0,35.0,147.0,17.0,10.0,4.0,0.0,0.0,3.0,42.0,2723.0,1067.0,621.0,465.0,88.0,21.0,174.0,141.0,8.0,7.0,350.0,152.0,62.0,327.0,2.0,0.0,30.0,601.0,388.0,209.0,4.0,343.0,5.0,129.0,120.0,0.0,102.0,4961.0,,2015.0
    CIUDAD AUTÓNOMA DE MELILLA,979.0,5.0,1.0,491.0,350.0,133.0,172.0,15.0,157.0,30.0,21.0,2.0,1.0,1.0,5.0,35.0,2955.0,1328.0,686.0,417.0,97.0,58.0,320.0,270.0,4.0,4.0,120.0,119.0,30.0,348.0,4.0,1.0,29.0,272.0,112.0,124.0,36.0,91.0,12.0,80.0,135.0,1.0,134.0,4896.0,,2015.0
    EN EL EXTRANJERO,240.0,3.0,2.0,25.0,116.0,96.0,262.0,10.0,252.0,21.0,10.0,3.0,1.0,3.0,4.0,103.0,18447.0,2655.0,297.0,178.0,22.0,13.0,224.0,151.0,1.0,21.0,88.0,14973.0,4316.0,30.0,8.0,15.0,157.0,16.0,16.0,0.0,0.0,475.0,1.0,18.0,6.0,1.0,24.0,19614.0,,2015.0
    DESCONOCIDA,0.0,0.0,0.0,0.0,0.0,0.0,0.0,0.0,0.0,0.0,0.0,0.0,0.0,0.0,0.0,0.0,0.0,0.0,0.0,0.0,0.0,0.0,0.0,0.0,0.0,0.0,0.0,0.0,0.0,0.0,0.0,0.0,0.0,0.0,0.0,0.0,0.0,0.0,0.0,0.0,0.0,0.0,0.0,0.0,,2015.0
    TOTAL NACIONAL,281713.0,1048.0,323.0,98821.0,62392.0,119452.0,42953.0,15958.0,26995.0,9468.0,5150.0,1622.0,386.0,625.0,1685.0,10506.0,1595984.0,727800.0,344875.0,106174.0,120783.0,37962.0,70855.0,31830.0,4697.0,5489.0,43206.0,140440.0,32842.0,218166.0,2608.0,230.0,47804.0,66938.0,13411.0,51419.0,2108.0,18408.0,521.0,28034.0,29466.0,185.0,7864.0,2092040.0,,2014.0
    ANDALUCÍA,59774.0,224.0,69.0,20038.0,13308.0,26204.0,7364.0,2981.0,4383.0,1653.0,918.0,203.0,95.0,85.0,352.0,1633.0,249797.0,115850.0,58021.0,19519.0,19372.0,7599.0,8291.0,5829.0,560.0,1091.0,8312.0,16982.0,5666.0,34646.0,763.0,88.0,6844.0,15092.0,3336.0,11335.0,421.0,3150.0,215.0,6650.0,5224.0,56.0,1613.0,352221.0,,2014.0
    ARAGÓN,5975.0,18.0,5.0,2219.0,1718.0,2020.0,909.0,363.0,546.0,227.0,118.0,42.0,17.0,16.0,34.0,210.0,30042.0,12775.0,5958.0,1255.0,1894.0,791.0,915.0,589.0,86.0,147.0,406.0,3174.0,1426.0,5754.0,62.0,4.0,994.0,1212.0,313.0,768.0,131.0,306.0,9.0,808.0,636.0,4.0,122.0,40460.0,,2014.0
    ASTURIAS (PRINCIPADO DE),5429.0,27.0,7.0,1951.0,1213.0,2238.0,494.0,113.0,381.0,125.0,73.0,19.0,8.0,7.0,18.0,137.0,19530.0,8715.0,3222.0,568.0,931.0,944.0,683.0,408.0,85.0,116.0,484.0,2033.0,690.0,3265.0,26.0,1.0,1101.0,1320.0,167.0,1105.0,48.0,185.0,0.0,502.0,626.0,2.0,80.0,28430.0,,2014.0
    BALEARS (ILLES),9299.0,33.0,12.0,3325.0,2502.0,3439.0,1350.0,428.0,922.0,394.0,219.0,77.0,19.0,23.0,56.0,255.0,52211.0,29784.0,9219.0,2878.0,3608.0,1027.0,1217.0,769.0,89.0,150.0,1445.0,3651.0,1304.0,4949.0,140.0,6.0,1800.0,2810.0,560.0,2154.0,96.0,380.0,15.0,846.0,947.0,3.0,237.0,68747.0,,2014.0
    CANARIAS,19560.0,55.0,12.0,6075.0,3927.0,9503.0,2014.0,681.0,1333.0,446.0,282.0,63.0,15.0,34.0,52.0,1153.0,59759.0,30658.0,12614.0,4614.0,3609.0,1743.0,1628.0,1061.0,108.0,243.0,1822.0,4198.0,1371.0,7170.0,68.0,5.0,1596.0,3681.0,557.0,3022.0,102.0,552.0,17.0,1339.0,1309.0,3.0,300.0,90133.0,,2014.0
    CANTABRIA,3312.0,4.0,3.0,1304.0,548.0,1456.0,356.0,133.0,223.0,74.0,47.0,8.0,4.0,8.0,7.0,64.0,11701.0,5436.0,2550.0,615.0,860.0,532.0,296.0,166.0,27.0,58.0,245.0,1046.0,589.0,1672.0,28.0,0.0,428.0,880.0,110.0,740.0,30.0,99.0,1.0,277.0,377.0,0.0,46.0,17187.0,,2014.0
    CASTILLA Y LEÓN,13110.0,44.0,14.0,4708.0,2257.0,6101.0,1242.0,500.0,742.0,281.0,143.0,33.0,18.0,20.0,67.0,270.0,55997.0,25336.0,11363.0,1954.0,3847.0,2217.0,948.0,568.0,111.0,153.0,757.0,5092.0,1874.0,10879.0,101.0,3.0,1518.0,3050.0,380.0,2589.0,81.0,521.0,9.0,1004.0,1228.0,3.0,298.0,77013.0,,2014.0
    CASTILLA - LA MANCHA,11389.0,47.0,16.0,4036.0,2431.0,4875.0,1303.0,539.0,764.0,285.0,172.0,35.0,14.0,18.0,46.0,382.0,50648.0,17463.0,16892.0,2767.0,6627.0,2073.0,1091.0,690.0,95.0,159.0,1197.0,3957.0,1509.0,8177.0,37.0,4.0,1830.0,2975.0,438.0,2447.0,90.0,804.0,15.0,1119.0,961.0,2.0,315.0,70198.0,,2014.0
    CATALUÑA,36313.0,197.0,57.0,13505.0,6230.0,16381.0,10222.0,2574.0,7648.0,1877.0,904.0,457.0,8.0,182.0,326.0,2294.0,351985.0,164413.0,71452.0,25644.0,22825.0,11.0,24213.0,57.0,642.0,4.0,9102.0,29703.0,593.0,37739.0,421.0,34.0,14908.0,7804.0,2051.0,5607.0,146.0,3368.0,67.0,3405.0,3908.0,78.0,1543.0,422864.0,,2014.0
    COMUNITAT VALENCIANA,33506.0,100.0,32.0,11396.0,8763.0,13247.0,4413.0,1721.0,2692.0,1143.0,625.0,154.0,63.0,71.0,230.0,1056.0,187271.0,80030.0,47121.0,12860.0,21449.0,5424.0,6988.0,4542.0,569.0,911.0,4660.0,13978.0,3898.0,29589.0,243.0,30.0,4632.0,8470.0,1651.0,6469.0,350.0,2403.0,37.0,4086.0,4201.0,6.0,779.0,247371.0,,2014.0
    EXTREMADURA,5421.0,13.0,4.0,1936.0,986.0,2486.0,706.0,305.0,401.0,143.0,72.0,13.0,12.0,9.0,37.0,252.0,19164.0,8619.0,4687.0,877.0,1407.0,931.0,297.0,174.0,27.0,55.0,379.0,1344.0,517.0,3173.0,37.0,1.0,627.0,1076.0,270.0,753.0,53.0,269.0,2.0,523.0,452.0,2.0,211.0,28221.0,,2014.0
    GALICIA,14264.0,62.0,20.0,5147.0,2559.0,6496.0,1761.0,635.0,1126.0,377.0,227.0,64.0,25.0,18.0,43.0,298.0,53652.0,23027.0,12017.0,2909.0,4314.0,2468.0,1116.0,632.0,137.0,220.0,1258.0,4866.0,1882.0,9934.0,73.0,2.0,1359.0,4801.0,374.0,4332.0,95.0,573.0,38.0,1054.0,1189.0,8.0,238.0,78253.0,,2014.0
    MADRID (COMUNIDAD DE),35230.0,110.0,41.0,12354.0,11061.0,11705.0,3784.0,1096.0,2688.0,1401.0,752.0,296.0,41.0,73.0,239.0,1241.0,304167.0,145386.0,55553.0,25162.0,16656.0,7154.0,18466.0,13157.0,1754.0,1610.0,10352.0,23698.0,5128.0,43351.0,472.0,36.0,6853.0,7092.0,1599.0,5207.0,286.0,3170.0,32.0,3505.0,4930.0,9.0,1038.0,365599.0,,2014.0
    MURCIA (REGIÓN DE),8920.0,33.0,8.0,3289.0,2400.0,3198.0,1169.0,301.0,868.0,377.0,207.0,59.0,18.0,14.0,79.0,573.0,37824.0,15551.0,11745.0,2635.0,5429.0,1616.0,1433.0,930.0,157.0,193.0,1224.0,2236.0,581.0,4668.0,44.0,1.0,922.0,1534.0,239.0,1255.0,40.0,469.0,6.0,884.0,677.0,0.0,222.0,52655.0,,2014.0
    NAVARRA (COMUNIDAD FORAL DE),4294.0,15.0,1.0,1484.0,823.0,1972.0,523.0,113.0,410.0,160.0,107.0,28.0,4.0,5.0,16.0,97.0,19231.0,8954.0,3505.0,691.0,1133.0,520.0,309.0,203.0,23.0,48.0,244.0,2064.0,792.0,3532.0,54.0,1.0,568.0,949.0,196.0,711.0,42.0,294.0,12.0,261.0,627.0,1.0,109.0,26558.0,,2014.0
    PAÍS VASCO,12313.0,37.0,10.0,4537.0,732.0,7007.0,4788.0,3362.0,1426.0,391.0,218.0,59.0,17.0,28.0,69.0,375.0,63332.0,28217.0,16002.0,37.0,6007.0,2615.0,2136.0,1415.0,188.0,283.0,667.0,6994.0,163.0,7825.0,19.0,3.0,1469.0,2656.0,367.0,2218.0,71.0,829.0,36.0,1418.0,1636.0,3.0,454.0,88231.0,,2014.0
    RIOJA (LA),1527.0,9.0,3.0,603.0,399.0,516.0,194.0,43.0,151.0,40.0,28.0,3.0,5.0,3.0,1.0,36.0,6352.0,2725.0,1676.0,387.0,629.0,210.0,172.0,106.0,17.0,26.0,78.0,444.0,133.0,1092.0,1.0,2.0,162.0,384.0,62.0,313.0,9.0,73.0,2.0,131.0,163.0,1.0,22.0,8925.0,,2014.0
    CIUDAD AUTÓNOMA DE CEUTA,736.0,15.0,6.0,362.0,153.0,206.0,109.0,51.0,58.0,10.0,6.0,0.0,0.0,1.0,3.0,57.0,2767.0,1193.0,455.0,315.0,77.0,30.0,189.0,156.0,13.0,8.0,319.0,156.0,64.0,411.0,6.0,1.0,37.0,829.0,567.0,256.0,6.0,399.0,5.0,119.0,168.0,0.0,103.0,5302.0,,2014.0
    CIUDAD AUTÓNOMA DE MELILLA,1057.0,4.0,3.0,523.0,302.0,228.0,82.0,11.0,71.0,31.0,21.0,4.0,0.0,0.0,6.0,34.0,2627.0,1116.0,566.0,342.0,87.0,49.0,265.0,233.0,6.0,4.0,179.0,127.0,37.0,321.0,7.0,1.0,45.0,302.0,158.0,134.0,10.0,77.0,3.0,77.0,200.0,4.0,124.0,4618.0,,2014.0
    EN EL EXTRANJERO,284.0,1.0,0.0,29.0,80.0,174.0,170.0,8.0,162.0,33.0,11.0,5.0,3.0,10.0,4.0,89.0,17927.0,2552.0,257.0,145.0,22.0,8.0,202.0,145.0,3.0,10.0,76.0,14697.0,4625.0,19.0,6.0,7.0,111.0,21.0,16.0,4.0,1.0,487.0,0.0,26.0,7.0,0.0,10.0,19054.0,,2014.0
    DESCONOCIDA,0.0,0.0,0.0,0.0,0.0,0.0,0.0,0.0,0.0,0.0,0.0,0.0,0.0,0.0,0.0,0.0,0.0,0.0,0.0,0.0,0.0,0.0,0.0,0.0,0.0,0.0,0.0,0.0,0.0,0.0,0.0,0.0,0.0,0.0,0.0,0.0,0.0,0.0,0.0,0.0,0.0,0.0,0.0,0.0,,2014.0
    TOTAL NACIONAL,274655.0,964.0,302.0,100193.0,59819.0,113679.0,43322.0,16676.0,26646.0,8923.0,4859.0,1684.0,320.0,508.0,1552.0,10331.0,1679585.0,770296.0,381777.0,123355.0,127444.0,39940.0,86034.0,38975.0,6306.0,6747.0,48855.0,122483.0,26664.0,226619.0,3260.0,243.0,40018.0,71596.0,14296.0,55226.0,2074.0,17262.0,391.0,27245.0,31489.0,205.0,7129.0,2172133.0,,2013.0
    ANDALUCÍA,56840.0,247.0,65.0,19956.0,12241.0,24396.0,7773.0,3579.0,4194.0,1624.0,907.0,235.0,87.0,86.0,309.0,1559.0,273325.0,127933.0,67166.0,23407.0,22031.0,7951.0,10531.0,7437.0,695.0,1410.0,9125.0,15064.0,4481.0,36487.0,971.0,71.0,5977.0,16119.0,3274.0,12422.0,423.0,3013.0,103.0,6347.0,5666.0,76.0,1401.0,373846.0,,2013.0
    ARAGÓN,6330.0,14.0,7.0,2329.0,1719.0,2268.0,909.0,387.0,522.0,232.0,116.0,44.0,18.0,14.0,40.0,168.0,32032.0,14058.0,6993.0,1374.0,2179.0,1033.0,1240.0,790.0,86.0,217.0,504.0,2397.0,927.0,5993.0,67.0,7.0,773.0,1225.0,343.0,803.0,79.0,339.0,20.0,616.0,733.0,3.0,128.0,42735.0,,2013.0
    ASTURIAS (PRINCIPADO DE),5617.0,17.0,8.0,2102.0,1215.0,2283.0,513.0,69.0,444.0,119.0,59.0,22.0,7.0,9.0,22.0,144.0,20834.0,10060.0,3348.0,568.0,1029.0,896.0,766.0,458.0,81.0,130.0,451.0,1646.0,585.0,3718.0,23.0,3.0,819.0,1458.0,189.0,1219.0,50.0,157.0,8.0,447.0,664.0,1.0,87.0,30049.0,,2013.0
    BALEARS (ILLES),9030.0,33.0,10.0,3325.0,2425.0,3247.0,1327.0,474.0,853.0,406.0,225.0,87.0,18.0,27.0,49.0,274.0,57282.0,34526.0,10050.0,3037.0,3540.0,1300.0,1319.0,851.0,78.0,169.0,1582.0,3221.0,1049.0,4821.0,113.0,4.0,1646.0,3052.0,561.0,2413.0,78.0,405.0,7.0,798.0,1009.0,1.0,242.0,73833.0,,2013.0
    CANARIAS,19224.0,50.0,13.0,6408.0,4024.0,8742.0,2103.0,708.0,1395.0,469.0,285.0,78.0,14.0,32.0,60.0,1117.0,62970.0,32519.0,13661.0,4598.0,4001.0,1809.0,1818.0,1208.0,138.0,222.0,1893.0,3736.0,1161.0,8060.0,82.0,5.0,1196.0,4159.0,615.0,3443.0,101.0,516.0,12.0,1298.0,1293.0,4.0,176.0,93341.0,,2013.0
    CANTABRIA,3180.0,5.0,4.0,1405.0,547.0,1223.0,331.0,138.0,193.0,55.0,36.0,7.0,0.0,4.0,8.0,54.0,11875.0,5940.0,2432.0,450.0,905.0,543.0,371.0,199.0,45.0,79.0,264.0,803.0,281.0,1672.0,25.0,0.0,368.0,873.0,92.0,769.0,12.0,99.0,1.0,300.0,410.0,0.0,61.0,17239.0,,2013.0
    CASTILLA Y LEÓN,13015.0,41.0,19.0,4668.0,2135.0,6171.0,1221.0,484.0,737.0,238.0,150.0,35.0,7.0,15.0,31.0,282.0,58837.0,28107.0,12317.0,2203.0,3818.0,2402.0,1121.0,709.0,128.0,168.0,790.0,4138.0,1403.0,10914.0,140.0,8.0,1302.0,3329.0,380.0,2886.0,63.0,474.0,8.0,953.0,1332.0,0.0,215.0,79904.0,,2013.0
    CASTILLA - LA MANCHA,11134.0,34.0,15.0,3960.0,2334.0,4806.0,1343.0,563.0,780.0,309.0,177.0,47.0,6.0,11.0,68.0,392.0,53668.0,18960.0,18593.0,3126.0,7025.0,2197.0,1388.0,849.0,137.0,188.0,1261.0,3674.0,1255.0,8434.0,55.0,4.0,1299.0,3463.0,482.0,2878.0,103.0,706.0,15.0,1050.0,1106.0,2.0,275.0,73463.0,,2013.0
    CATALUÑA,35622.0,178.0,43.0,13579.0,6311.0,15554.0,10144.0,2621.0,7523.0,1647.0,795.0,415.0,5.0,122.0,310.0,2358.0,361187.0,166537.0,78187.0,30795.0,23636.0,8.0,28950.0,64.0,1408.0,6.0,10426.0,25363.0,585.0,39097.0,444.0,34.0,12149.0,8111.0,2064.0,5928.0,119.0,3486.0,68.0,3450.0,4467.0,83.0,1291.0,431914.0,,2013.0
    COMUNITAT VALENCIANA,32380.0,76.0,32.0,11626.0,8356.0,12322.0,4454.0,1762.0,2692.0,1102.0,567.0,202.0,57.0,59.0,217.0,967.0,201297.0,84869.0,53803.0,15308.0,23665.0,5681.0,9141.0,5974.0,770.0,1138.0,5119.0,12428.0,3133.0,31442.0,302.0,50.0,4143.0,8696.0,1872.0,6460.0,364.0,2102.0,31.0,4054.0,4333.0,8.0,864.0,260288.0,,2013.0
    EXTREMADURA,5210.0,17.0,7.0,1926.0,980.0,2287.0,663.0,320.0,343.0,147.0,88.0,27.0,6.0,8.0,18.0,251.0,20336.0,9523.0,5079.0,971.0,1439.0,965.0,390.0,206.0,48.0,81.0,402.0,1048.0,330.0,3269.0,48.0,0.0,577.0,1233.0,306.0,889.0,38.0,237.0,3.0,603.0,463.0,3.0,189.0,29338.0,,2013.0
    GALICIA,14182.0,50.0,15.0,5337.0,2645.0,6150.0,1667.0,635.0,1032.0,340.0,196.0,69.0,18.0,17.0,40.0,236.0,56486.0,24200.0,13303.0,3302.0,4563.0,2696.0,1338.0,668.0,150.0,346.0,1435.0,4168.0,1518.0,10771.0,112.0,3.0,1156.0,5145.0,409.0,4497.0,239.0,573.0,21.0,1022.0,1323.0,6.0,236.0,81237.0,,2013.0
    MADRID (COMUNIDAD DE),35149.0,90.0,37.0,12860.0,10396.0,11803.0,3797.0,1114.0,2683.0,1320.0,710.0,267.0,46.0,67.0,230.0,1232.0,317363.0,151459.0,59488.0,29116.0,15924.0,7347.0,21921.0,15807.0,2013.0,1829.0,12333.0,21601.0,4625.0,44149.0,709.0,34.0,5669.0,7690.0,1737.0,5688.0,265.0,2823.0,24.0,3553.0,5168.0,10.0,985.0,379114.0,,2013.0
    MURCIA (REGIÓN DE),8457.0,26.0,5.0,3209.0,2319.0,2903.0,1128.0,306.0,822.0,288.0,152.0,55.0,4.0,10.0,67.0,493.0,40564.0,17166.0,12637.0,2898.0,5878.0,1372.0,1690.0,1073.0,150.0,246.0,1422.0,2047.0,428.0,4730.0,69.0,8.0,795.0,1666.0,317.0,1301.0,48.0,405.0,8.0,783.0,673.0,1.0,158.0,54624.0,,2013.0
    NAVARRA (COMUNIDAD FORAL DE),3712.0,15.0,4.0,1321.0,660.0,1716.0,748.0,118.0,630.0,119.0,76.0,14.0,13.0,1.0,15.0,119.0,17447.0,8231.0,3310.0,741.0,1058.0,473.0,354.0,219.0,23.0,60.0,268.0,1540.0,612.0,3218.0,70.0,0.0,456.0,647.0,137.0,489.0,21.0,227.0,23.0,198.0,510.0,1.0,160.0,23911.0,,2013.0
    PAÍS VASCO,12268.0,41.0,13.0,4643.0,743.0,6841.0,4680.0,3251.0,1429.0,397.0,258.0,62.0,7.0,19.0,51.0,498.0,65419.0,28484.0,17789.0,41.0,5753.0,2848.0,2733.0,1743.0,314.0,364.0,733.0,6312.0,195.0,7967.0,15.0,1.0,1385.0,2787.0,345.0,2405.0,37.0,799.0,24.0,1470.0,1839.0,5.0,413.0,90599.0,,2013.0
    RIOJA (LA),1462.0,7.0,0.0,632.0,369.0,454.0,165.0,38.0,127.0,37.0,22.0,6.0,4.0,3.0,2.0,32.0,7086.0,2943.0,2066.0,446.0,823.0,262.0,211.0,137.0,17.0,43.0,134.0,482.0,122.0,1089.0,3.0,0.0,158.0,396.0,69.0,317.0,10.0,52.0,0.0,115.0,196.0,0.0,23.0,9564.0,,2013.0
    CIUDAD AUTÓNOMA DE CEUTA,743.0,17.0,2.0,404.0,110.0,212.0,143.0,81.0,62.0,16.0,10.0,1.0,1.0,0.0,4.0,55.0,3046.0,1260.0,615.0,397.0,80.0,83.0,223.0,169.0,13.0,25.0,403.0,94.0,32.0,416.0,2.0,0.0,33.0,1163.0,894.0,261.0,8.0,301.0,5.0,125.0,168.0,0.0,85.0,5850.0,,2013.0
    CIUDAD AUTÓNOMA DE MELILLA,879.0,4.0,1.0,474.0,226.0,175.0,89.0,20.0,69.0,38.0,25.0,6.0,2.0,0.0,5.0,22.0,2834.0,1192.0,668.0,424.0,82.0,64.0,295.0,251.0,10.0,12.0,221.0,94.0,20.0,327.0,5.0,1.0,31.0,379.0,206.0,158.0,15.0,145.0,6.0,43.0,130.0,1.0,130.0,4696.0,,2013.0
    EN EL EXTRANJERO,221.0,2.0,2.0,29.0,64.0,126.0,124.0,8.0,116.0,20.0,5.0,5.0,0.0,4.0,6.0,78.0,15697.0,2329.0,272.0,153.0,15.0,10.0,234.0,163.0,2.0,14.0,89.0,12627.0,3922.0,45.0,5.0,10.0,86.0,5.0,4.0,0.0,1.0,403.0,4.0,20.0,6.0,0.0,10.0,16588.0,,2013.0
    DESCONOCIDA,0.0,0.0,0.0,0.0,0.0,0.0,0.0,0.0,0.0,0.0,0.0,0.0,0.0,0.0,0.0,0.0,0.0,0.0,0.0,0.0,0.0,0.0,0.0,0.0,0.0,0.0,0.0,0.0,0.0,0.0,0.0,0.0,0.0,0.0,0.0,0.0,0.0,0.0,0.0,0.0,0.0,0.0,0.0,0.0,,2013.0
    TOTAL NACIONAL,286446.0,1125.0,364.0,105913.0,59703.0,119705.0,44476.0,17523.0,26953.0,9008.0,5101.0,1631.0,278.0,569.0,1429.0,10424.0,1754632.0,790281.0,405939.0,139483.0,126425.0,41559.0,96607.0,45144.0,6912.0,6822.0,55197.0,124675.0,27231.0,246355.0,2884.0,199.0,32495.0,76654.0,14509.0,59634.0,2511.0,18223.0,325.0,28205.0,33582.0,237.0,6655.0,2268867.0,,2012.0
    ANDALUCÍA,59894.0,247.0,68.0,20923.0,12522.0,26202.0,7671.0,3477.0,4194.0,1632.0,926.0,265.0,47.0,85.0,309.0,1691.0,289754.0,133759.0,70769.0,26001.0,21963.0,8092.0,11673.0,8411.0,715.0,1382.0,11294.0,15579.0,4378.0,41013.0,830.0,53.0,4784.0,17340.0,3407.0,13440.0,493.0,3211.0,67.0,6422.0,5800.0,82.0,1376.0,394940.0,,2012.0
    ARAGÓN,5987.0,16.0,6.0,2294.0,1558.0,2119.0,914.0,379.0,535.0,215.0,114.0,46.0,8.0,17.0,30.0,148.0,35860.0,16318.0,7806.0,1857.0,2229.0,1305.0,1460.0,965.0,122.0,223.0,573.0,2559.0,984.0,6545.0,52.0,5.0,542.0,1411.0,262.0,993.0,156.0,329.0,6.0,618.0,759.0,3.0,151.0,46401.0,,2012.0
    ASTURIAS (PRINCIPADO DE),5677.0,15.0,6.0,2200.0,1280.0,2182.0,539.0,81.0,458.0,149.0,100.0,19.0,2.0,11.0,17.0,160.0,20612.0,10381.0,3553.0,677.0,1130.0,867.0,836.0,540.0,71.0,117.0,480.0,1545.0,475.0,3429.0,32.0,0.0,356.0,1545.0,206.0,1295.0,44.0,204.0,6.0,408.0,781.0,1.0,82.0,30164.0,,2012.0
    BALEARS (ILLES),8966.0,30.0,5.0,3387.0,2232.0,3317.0,1384.0,506.0,878.0,383.0,211.0,78.0,20.0,13.0,61.0,258.0,58202.0,33392.0,11756.0,3694.0,4337.0,1346.0,1585.0,1031.0,101.0,190.0,1650.0,3177.0,956.0,5391.0,83.0,4.0,1164.0,2948.0,435.0,2421.0,92.0,419.0,15.0,781.0,1003.0,0.0,199.0,74558.0,,2012.0
    CANARIAS,19993.0,55.0,15.0,6839.0,3935.0,9164.0,1983.0,700.0,1283.0,525.0,325.0,73.0,30.0,38.0,59.0,1016.0,66731.0,32454.0,14956.0,4838.0,4294.0,1901.0,2011.0,1346.0,134.0,248.0,2168.0,5267.0,2118.0,8721.0,73.0,10.0,1071.0,4127.0,614.0,3406.0,107.0,554.0,21.0,1329.0,1497.0,5.0,192.0,97973.0,,2012.0
    CANTABRIA,3292.0,6.0,1.0,1448.0,534.0,1304.0,359.0,146.0,213.0,48.0,27.0,9.0,2.0,4.0,6.0,40.0,12651.0,6011.0,2859.0,672.0,1004.0,603.0,419.0,242.0,43.0,79.0,344.0,708.0,233.0,1935.0,26.0,2.0,347.0,1005.0,103.0,887.0,15.0,138.0,2.0,306.0,433.0,0.0,23.0,18297.0,,2012.0
    CASTILLA Y LEÓN,13943.0,48.0,15.0,5410.0,2171.0,6314.0,1220.0,480.0,740.0,309.0,181.0,46.0,7.0,26.0,49.0,290.0,61485.0,28694.0,13456.0,2333.0,3940.0,2480.0,1199.0,738.0,131.0,179.0,976.0,4130.0,1172.0,11887.0,69.0,3.0,1071.0,3882.0,364.0,3402.0,116.0,441.0,10.0,1009.0,1559.0,2.0,250.0,84400.0,,2012.0
    CASTILLA - LA MANCHA,11949.0,37.0,17.0,4281.0,2474.0,5157.0,1286.0,516.0,770.0,258.0,160.0,43.0,10.0,15.0,30.0,340.0,53616.0,18808.0,18255.0,3357.0,6711.0,2215.0,1419.0,873.0,127.0,205.0,1450.0,3751.0,1092.0,8840.0,48.0,3.0,1042.0,3749.0,418.0,3246.0,85.0,663.0,7.0,1021.0,1237.0,0.0,277.0,74403.0,,2012.0
    CATALUÑA,37270.0,275.0,74.0,14751.0,6266.0,15978.0,10819.0,3301.0,7518.0,1633.0,844.0,388.0,6.0,138.0,257.0,2416.0,379323.0,177583.0,83150.0,33772.0,23319.0,8.0,31792.0,77.0,1595.0,7.0,11227.0,24758.0,583.0,40860.0,553.0,28.0,9372.0,8282.0,2074.0,6033.0,175.0,3855.0,30.0,3478.0,4634.0,116.0,1300.0,453156.0,,2012.0
    COMUNITAT VALENCIANA,33893.0,114.0,51.0,12168.0,8319.0,13292.0,4640.0,1908.0,2732.0,1175.0,653.0,163.0,55.0,73.0,231.0,1018.0,217131.0,88359.0,59885.0,18383.0,25388.0,6056.0,10643.0,7154.0,848.0,1163.0,5986.0,12604.0,3193.0,35361.0,316.0,21.0,3956.0,8518.0,1494.0,6460.0,564.0,2234.0,55.0,4215.0,4478.0,5.0,555.0,277917.0,,2012.0
    EXTREMADURA,5312.0,21.0,13.0,2057.0,961.0,2273.0,629.0,262.0,367.0,134.0,89.0,20.0,3.0,5.0,17.0,248.0,20166.0,9014.0,5207.0,1129.0,1398.0,918.0,388.0,239.0,37.0,73.0,418.0,1124.0,400.0,3510.0,36.0,0.0,469.0,1480.0,291.0,1153.0,36.0,246.0,5.0,514.0,575.0,1.0,160.0,29470.0,,2012.0
    GALICIA,14814.0,46.0,16.0,5765.0,2435.0,6568.0,1761.0,658.0,1103.0,358.0,222.0,60.0,14.0,19.0,43.0,236.0,56690.0,23606.0,13300.0,3667.0,3845.0,2810.0,1558.0,877.0,142.0,340.0,1696.0,3983.0,1456.0,11394.0,98.0,7.0,1048.0,6032.0,432.0,5412.0,188.0,549.0,10.0,1048.0,1452.0,2.0,228.0,83180.0,,2012.0
    MADRID (COMUNIDAD DE),37374.0,107.0,48.0,13361.0,10683.0,13223.0,3846.0,1184.0,2662.0,1310.0,750.0,273.0,29.0,67.0,191.0,1302.0,329046.0,152503.0,63266.0,34034.0,14341.0,7457.0,24795.0,18007.0,2116.0,1929.0,13236.0,22223.0,4826.0,47782.0,543.0,49.0,4649.0,7649.0,1943.0,5448.0,258.0,2996.0,37.0,4013.0,5528.0,17.0,754.0,393872.0,,2012.0
    MURCIA (REGIÓN DE),9550.0,36.0,10.0,3545.0,2415.0,3554.0,1191.0,313.0,878.0,285.0,160.0,59.0,7.0,10.0,49.0,571.0,41734.0,17034.0,12954.0,3030.0,5534.0,1668.0,1787.0,1181.0,148.0,210.0,1582.0,2315.0,482.0,5202.0,50.0,3.0,807.0,1684.0,312.0,1330.0,42.0,542.0,9.0,971.0,722.0,2.0,188.0,57449.0,,2012.0
    NAVARRA (COMUNIDAD FORAL DE),2563.0,10.0,2.0,928.0,444.0,1181.0,974.0,176.0,798.0,111.0,58.0,14.0,14.0,3.0,22.0,87.0,15739.0,6661.0,3733.0,719.0,1176.0,545.0,313.0,178.0,31.0,56.0,187.0,1565.0,512.0,2920.0,8.0,0.0,352.0,1022.0,105.0,894.0,23.0,226.0,13.0,234.0,431.0,0.0,235.0,21635.0,,2012.0
    PAÍS VASCO,12425.0,35.0,12.0,5024.0,651.0,6715.0,4713.0,3276.0,1437.0,371.0,207.0,61.0,17.0,38.0,48.0,435.0,66523.0,27500.0,17519.0,41.0,4948.0,2823.0,3861.0,2619.0,515.0,362.0,811.0,6108.0,207.0,9493.0,33.0,3.0,1195.0,3335.0,394.0,2863.0,78.0,680.0,26.0,1458.0,2143.0,0.0,499.0,92608.0,,2012.0
    RIOJA (LA),1623.0,6.0,1.0,666.0,398.0,553.0,195.0,41.0,154.0,47.0,27.0,10.0,5.0,2.0,3.0,26.0,7267.0,3144.0,1931.0,435.0,628.0,311.0,242.0,171.0,22.0,28.0,126.0,532.0,123.0,1182.0,6.0,1.0,103.0,516.0,69.0,434.0,13.0,81.0,1.0,147.0,224.0,1.0,26.0,10154.0,,2012.0
    CIUDAD AUTÓNOMA DE CEUTA,812.0,11.0,0.0,370.0,118.0,313.0,175.0,98.0,77.0,15.0,14.0,0.0,0.0,0.0,1.0,74.0,3433.0,1243.0,667.0,385.0,115.0,87.0,165.0,141.0,5.0,5.0,653.0,137.0,66.0,486.0,14.0,0.0,68.0,1806.0,1417.0,378.0,11.0,325.0,2.0,157.0,174.0,0.0,79.0,7052.0,,2012.0
    CIUDAD AUTÓNOMA DE MELILLA,887.0,9.0,4.0,452.0,242.0,184.0,87.0,5.0,82.0,26.0,21.0,2.0,0.0,0.0,3.0,21.0,2770.0,1250.0,592.0,328.0,103.0,54.0,256.0,210.0,6.0,16.0,191.0,69.0,12.0,363.0,12.0,1.0,36.0,314.0,167.0,132.0,15.0,244.0,3.0,69.0,147.0,0.0,71.0,4639.0,,2012.0
    EN EL EXTRANJERO,222.0,1.0,0.0,44.0,65.0,112.0,90.0,16.0,74.0,24.0,12.0,2.0,2.0,5.0,3.0,47.0,15899.0,2567.0,325.0,131.0,22.0,13.0,205.0,144.0,3.0,10.0,149.0,12541.0,3963.0,41.0,2.0,6.0,63.0,9.0,2.0,7.0,0.0,286.0,0.0,7.0,5.0,0.0,10.0,16599.0,,2012.0
    DESCONOCIDA,0.0,0.0,0.0,0.0,0.0,0.0,0.0,0.0,0.0,0.0,0.0,0.0,0.0,0.0,0.0,0.0,0.0,0.0,0.0,0.0,0.0,0.0,0.0,0.0,0.0,0.0,0.0,0.0,0.0,0.0,0.0,0.0,0.0,0.0,0.0,0.0,0.0,0.0,0.0,0.0,0.0,0.0,0.0,0.0,,2012.0
    TOTAL NACIONAL,300654.0,1210.0,385.0,112824.0,62260.0,124360.0,45131.0,17694.0,27437.0,9892.0,5479.0,1887.0,253.0,715.0,1558.0,9087.0,1742631.0,786704.0,414961.0,153259.0,100780.0,41250.0,87718.0,38831.0,5450.0,6458.0,60061.0,106304.0,21075.0,254361.0,2643.0,171.0,29708.0,85010.0,15220.0,67374.0,2416.0,20175.0,341.0,29410.0,36317.0,285.0,6592.0,2285525.0,,2011.0
    ANDALUCÍA,64275.0,305.0,85.0,22084.0,13802.0,28084.0,7145.0,2776.0,4369.0,1725.0,991.0,288.0,64.0,97.0,285.0,1480.0,295431.0,134955.0,74161.0,28610.0,17972.0,8025.0,11867.0,8216.0,602.0,1296.0,12037.0,15119.0,3609.0,42657.0,579.0,46.0,4010.0,19296.0,3513.0,15360.0,423.0,3265.0,70.0,6537.0,6492.0,106.0,1298.0,407120.0,,2011.0
    ARAGÓN,6848.0,14.0,6.0,2584.0,1913.0,2337.0,1038.0,463.0,575.0,271.0,142.0,55.0,15.0,24.0,35.0,139.0,38211.0,17216.0,8712.0,2546.0,1618.0,1040.0,1566.0,981.0,112.0,255.0,811.0,2222.0,631.0,7121.0,64.0,6.0,493.0,1640.0,318.0,1159.0,163.0,401.0,17.0,627.0,868.0,6.0,144.0,50210.0,,2011.0
    ASTURIAS (PRINCIPADO DE),6256.0,22.0,9.0,2416.0,1469.0,2349.0,532.0,99.0,433.0,125.0,71.0,19.0,8.0,8.0,19.0,160.0,18959.0,9322.0,3489.0,736.0,683.0,1038.0,643.0,429.0,57.0,84.0,664.0,1353.0,376.0,3195.0,19.0,2.0,272.0,1583.0,240.0,1300.0,43.0,179.0,7.0,516.0,766.0,0.0,75.0,29158.0,,2011.0
    BALEARS (ILLES),9608.0,60.0,12.0,3702.0,2347.0,3499.0,1590.0,619.0,971.0,419.0,238.0,68.0,15.0,24.0,74.0,212.0,57572.0,31650.0,13000.0,4211.0,2921.0,1945.0,1608.0,939.0,82.0,156.0,1861.0,2826.0,749.0,5573.0,79.0,10.0,965.0,2524.0,436.0,1988.0,100.0,450.0,24.0,832.0,1000.0,0.0,224.0,74455.0,,2011.0
    CANARIAS,21243.0,58.0,17.0,6839.0,4109.0,10237.0,2228.0,811.0,1417.0,529.0,306.0,93.0,24.0,27.0,79.0,919.0,65378.0,31825.0,14378.0,4939.0,3109.0,1600.0,2017.0,1226.0,112.0,264.0,2789.0,4207.0,1384.0,9131.0,44.0,4.0,983.0,4722.0,777.0,3854.0,91.0,662.0,16.0,1428.0,1586.0,19.0,212.0,98942.0,,2011.0
    CANTABRIA,3711.0,4.0,2.0,1603.0,572.0,1532.0,384.0,157.0,227.0,81.0,49.0,16.0,0.0,6.0,10.0,50.0,11901.0,5391.0,2560.0,675.0,543.0,507.0,323.0,185.0,24.0,49.0,330.0,795.0,231.0,2207.0,18.0,3.0,274.0,1098.0,101.0,981.0,16.0,159.0,1.0,327.0,481.0,3.0,53.0,18249.0,,2011.0
    CASTILLA Y LEÓN,14733.0,47.0,20.0,5702.0,2310.0,6674.0,1266.0,539.0,727.0,278.0,164.0,51.0,6.0,16.0,41.0,248.0,59573.0,27745.0,12460.0,2850.0,2390.0,2451.0,1276.0,783.0,106.0,215.0,1120.0,3618.0,849.0,12354.0,91.0,3.0,906.0,4280.0,407.0,3770.0,103.0,453.0,4.0,1105.0,1612.0,4.0,253.0,83809.0,,2011.0
    CASTILLA - LA MANCHA,12264.0,27.0,8.0,4581.0,2503.0,5153.0,1358.0,561.0,797.0,327.0,198.0,55.0,14.0,12.0,48.0,241.0,52494.0,18555.0,17690.0,3261.0,5728.0,2572.0,1346.0,804.0,130.0,191.0,1661.0,3306.0,861.0,8962.0,57.0,6.0,911.0,4315.0,444.0,3805.0,66.0,713.0,9.0,1109.0,1389.0,3.0,238.0,74460.0,,2011.0
    CATALUÑA,38159.0,242.0,76.0,15687.0,6365.0,15865.0,10904.0,3370.0,7534.0,1862.0,931.0,469.0,11.0,173.0,278.0,2087.0,375452.0,179788.0,83564.0,37019.0,21249.0,19.0,27961.0,54.0,1325.0,8.0,11887.0,17427.0,491.0,43557.0,670.0,28.0,10570.0,11715.0,2169.0,9349.0,197.0,4339.0,45.0,3724.0,5258.0,79.0,1247.0,454871.0,,2011.0
    COMUNITAT VALENCIANA,34817.0,125.0,46.0,12963.0,8416.0,13313.0,4863.0,1973.0,2890.0,1244.0,640.0,226.0,45.0,109.0,224.0,941.0,221719.0,89452.0,63936.0,21679.0,18988.0,6155.0,10166.0,5767.0,670.0,1048.0,7072.0,11011.0,2451.0,36589.0,283.0,7.0,3203.0,8729.0,1399.0,6734.0,596.0,2569.0,42.0,4337.0,4733.0,12.0,690.0,284696.0,,2011.0
    EXTREMADURA,5655.0,26.0,10.0,2150.0,948.0,2531.0,683.0,267.0,416.0,178.0,105.0,24.0,5.0,16.0,28.0,159.0,19568.0,8411.0,5313.0,1260.0,1030.0,1033.0,378.0,222.0,42.0,71.0,560.0,1005.0,287.0,3560.0,43.0,0.0,298.0,1638.0,313.0,1297.0,28.0,246.0,5.0,542.0,635.0,2.0,168.0,29479.0,,2011.0
    GALICIA,14957.0,53.0,14.0,5977.0,2525.0,6402.0,1807.0,784.0,1023.0,398.0,240.0,63.0,6.0,26.0,63.0,169.0,54185.0,22464.0,12513.0,3384.0,2875.0,2582.0,1364.0,692.0,120.0,299.0,1750.0,3383.0,1070.0,11670.0,116.0,0.0,925.0,6888.0,460.0,6256.0,172.0,540.0,22.0,1120.0,1523.0,9.0,197.0,81815.0,,2011.0
    MADRID (COMUNIDAD DE),38965.0,95.0,46.0,14689.0,10587.0,13594.0,4105.0,1384.0,2721.0,1443.0,799.0,306.0,16.0,91.0,231.0,1174.0,325156.0,153109.0,65192.0,36153.0,11279.0,7016.0,21619.0,15033.0,1576.0,1776.0,13571.0,20151.0,3665.0,47421.0,470.0,30.0,3593.0,7342.0,2112.0,4976.0,254.0,3737.0,28.0,4387.0,5948.0,15.0,729.0,393029.0,,2011.0
    MURCIA (REGIÓN DE),10017.0,39.0,10.0,3727.0,2478.0,3773.0,1294.0,389.0,905.0,316.0,186.0,62.0,3.0,14.0,51.0,505.0,41304.0,16390.0,13165.0,3883.0,4228.0,1454.0,1723.0,946.0,121.0,248.0,1747.0,1914.0,306.0,5622.0,58.0,5.0,680.0,1748.0,305.0,1375.0,68.0,620.0,3.0,931.0,898.0,1.0,245.0,57882.0,,2011.0
    NAVARRA (COMUNIDAD FORAL DE),2961.0,16.0,5.0,1040.0,456.0,1449.0,711.0,146.0,565.0,113.0,67.0,18.0,6.0,7.0,15.0,105.0,14576.0,6124.0,3667.0,690.0,868.0,601.0,175.0,95.0,10.0,32.0,216.0,1262.0,310.0,2874.0,4.0,0.0,254.0,1194.0,146.0,1025.0,23.0,264.0,21.0,230.0,357.0,8.0,240.0,20780.0,,2011.0
    PAÍS VASCO,12633.0,50.0,12.0,5419.0,707.0,6457.0,4679.0,3144.0,1535.0,435.0,265.0,50.0,10.0,46.0,64.0,380.0,63215.0,26242.0,17473.0,49.0,4787.0,2781.0,2888.0,1940.0,322.0,392.0,974.0,4755.0,141.0,9779.0,17.0,8.0,1079.0,3568.0,384.0,3135.0,49.0,702.0,18.0,1357.0,2161.0,2.0,417.0,89567.0,,2011.0
    RIOJA (LA),1625.0,7.0,2.0,760.0,362.0,496.0,150.0,31.0,119.0,62.0,41.0,11.0,2.0,5.0,3.0,18.0,7007.0,2855.0,1967.0,405.0,327.0,261.0,224.0,111.0,20.0,51.0,149.0,475.0,64.0,1214.0,10.0,1.0,112.0,618.0,62.0,546.0,10.0,93.0,0.0,141.0,263.0,0.0,21.0,9998.0,,2011.0
    CIUDAD AUTÓNOMA DE CEUTA,783.0,11.0,4.0,395.0,54.0,323.0,203.0,162.0,41.0,13.0,10.0,1.0,0.0,0.0,2.0,39.0,2860.0,1081.0,479.0,281.0,79.0,62.0,168.0,125.0,16.0,6.0,463.0,117.0,63.0,485.0,6.0,1.0,60.0,1741.0,1413.0,326.0,2.0,339.0,4.0,84.0,155.0,10.0,63.0,6294.0,,2011.0
    CIUDAD AUTÓNOMA DE MELILLA,948.0,7.0,0.0,478.0,259.0,204.0,95.0,3.0,92.0,34.0,25.0,2.0,1.0,0.0,6.0,27.0,2917.0,1181.0,774.0,474.0,90.0,91.0,240.0,182.0,3.0,15.0,260.0,67.0,22.0,336.0,11.0,3.0,45.0,347.0,198.0,137.0,12.0,248.0,2.0,67.0,187.0,3.0,67.0,4942.0,,2011.0
    EN EL EXTRANJERO,190.0,2.0,1.0,27.0,75.0,86.0,94.0,15.0,79.0,37.0,10.0,10.0,2.0,13.0,2.0,34.0,15035.0,2902.0,445.0,144.0,16.0,14.0,162.0,101.0,0.0,2.0,137.0,11261.0,3502.0,45.0,4.0,8.0,71.0,17.0,16.0,1.0,0.0,189.0,1.0,8.0,3.0,3.0,5.0,15616.0,,2011.0
    DESCONOCIDA,6.0,0.0,0.0,1.0,3.0,2.0,2.0,1.0,1.0,2.0,1.0,0.0,0.0,1.0,0.0,0.0,118.0,46.0,23.0,10.0,0.0,3.0,4.0,0.0,0.0,0.0,2.0,30.0,13.0,9.0,0.0,0.0,4.0,7.0,7.0,0.0,0.0,7.0,2.0,1.0,2.0,0.0,6.0,153.0,,2011.0
    TOTAL NACIONAL,297488.0,1177.0,401.0,113067.0,60307.0,122937.0,42376.0,17270.0,25106.0,9957.0,5068.0,1991.0,345.0,953.0,1600.0,7877.0,1779019.0,785635.0,443772.0,141674.0,111656.0,48958.0,84411.0,42238.0,4950.0,7772.0,65948.0,102567.0,20563.0,266291.0,3619.0,182.0,26594.0,74158.0,14391.0,57088.0,2679.0,17502.0,416.0,27905.0,33767.0,234.0,6785.0,2297484.0,,2010.0
    ANDALUCÍA,63795.0,276.0,78.0,22742.0,12849.0,27928.0,6570.0,2488.0,4082.0,1768.0,959.0,279.0,75.0,138.0,317.0,1405.0,303476.0,136528.0,79070.0,25045.0,20541.0,10205.0,12194.0,8925.0,670.0,1699.0,14065.0,12900.0,3433.0,44486.0,809.0,49.0,3375.0,16049.0,3019.0,12409.0,621.0,2638.0,101.0,5957.0,6181.0,78.0,1378.0,409396.0,,2010.0
    ARAGÓN,6752.0,23.0,10.0,2658.0,1513.0,2558.0,966.0,418.0,548.0,310.0,168.0,65.0,7.0,29.0,41.0,140.0,39806.0,17195.0,9835.0,2003.0,2184.0,1686.0,1620.0,1102.0,102.0,256.0,1017.0,1862.0,536.0,7686.0,101.0,3.0,487.0,1380.0,311.0,907.0,162.0,331.0,11.0,593.0,772.0,3.0,150.0,51214.0,,2010.0
    ASTURIAS (PRINCIPADO DE),6171.0,37.0,19.0,2315.0,1342.0,2477.0,660.0,208.0,452.0,153.0,76.0,25.0,6.0,25.0,21.0,117.0,18724.0,8721.0,4028.0,797.0,770.0,1122.0,612.0,396.0,46.0,114.0,665.0,1125.0,320.0,3294.0,32.0,1.0,246.0,1194.0,154.0,994.0,46.0,129.0,2.0,519.0,708.0,2.0,102.0,28481.0,,2010.0
    BALEARS (ILLES),8938.0,41.0,6.0,3358.0,2137.0,3402.0,1515.0,592.0,923.0,426.0,213.0,65.0,16.0,43.0,89.0,161.0,54693.0,28551.0,13221.0,2774.0,3476.0,2468.0,1476.0,1031.0,73.0,189.0,1970.0,2634.0,546.0,5763.0,89.0,10.0,979.0,2078.0,320.0,1638.0,120.0,388.0,20.0,888.0,854.0,1.0,200.0,70162.0,,2010.0
    CANARIAS,21268.0,61.0,17.0,7562.0,3512.0,10133.0,2133.0,967.0,1166.0,598.0,283.0,165.0,29.0,51.0,70.0,836.0,61351.0,29107.0,13784.0,3573.0,3750.0,2204.0,1944.0,1321.0,124.0,281.0,2929.0,3335.0,978.0,9348.0,61.0,2.0,841.0,4187.0,799.0,3267.0,121.0,439.0,22.0,1312.0,1643.0,5.0,171.0,93965.0,,2010.0
    CANTABRIA,3564.0,7.0,2.0,1519.0,562.0,1476.0,375.0,188.0,187.0,106.0,44.0,22.0,5.0,16.0,19.0,56.0,11770.0,5194.0,2547.0,383.0,604.0,641.0,397.0,277.0,27.0,70.0,396.0,681.0,210.0,2286.0,31.0,16.0,222.0,777.0,102.0,637.0,38.0,104.0,3.0,246.0,412.0,1.0,73.0,17487.0,,2010.0
    CASTILLA Y LEÓN,14241.0,38.0,10.0,5484.0,2214.0,6505.0,1260.0,569.0,691.0,295.0,155.0,41.0,7.0,34.0,58.0,229.0,61232.0,28537.0,13339.0,2862.0,2802.0,2865.0,1321.0,818.0,110.0,273.0,1410.0,3173.0,845.0,12712.0,78.0,5.0,657.0,3843.0,339.0,3375.0,129.0,432.0,12.0,1130.0,1539.0,2.0,294.0,84509.0,,2010.0
    CASTILLA - LA MANCHA,12305.0,44.0,12.0,4506.0,2635.0,5120.0,1099.0,494.0,605.0,307.0,174.0,47.0,10.0,24.0,52.0,222.0,50702.0,17432.0,17045.0,2249.0,5049.0,2867.0,1220.0,772.0,95.0,226.0,1876.0,2754.0,689.0,9568.0,81.0,6.0,720.0,3775.0,409.0,3269.0,97.0,550.0,7.0,1149.0,1275.0,1.0,211.0,71603.0,,2010.0
    CATALUÑA,37650.0,270.0,97.0,15552.0,6481.0,15347.0,10503.0,3878.0,6625.0,1825.0,823.0,495.0,59.0,157.0,291.0,1800.0,388023.0,181198.0,93702.0,44719.0,21337.0,26.0,25154.0,63.0,1344.0,10.0,12538.0,16275.0,552.0,47961.0,596.0,21.0,10578.0,10534.0,1715.0,8624.0,195.0,4550.0,52.0,3766.0,4677.0,97.0,1446.0,464923.0,,2010.0
    COMUNITAT VALENCIANA,34995.0,106.0,46.0,12694.0,9012.0,13183.0,4431.0,1573.0,2858.0,1303.0,636.0,230.0,39.0,167.0,231.0,802.0,225991.0,90667.0,67089.0,15266.0,23268.0,7526.0,10385.0,7295.0,646.0,1288.0,8033.0,9050.0,2269.0,37604.0,494.0,11.0,2658.0,7933.0,1409.0,6011.0,513.0,2259.0,60.0,4249.0,4383.0,19.0,733.0,287158.0,,2010.0
    EXTREMADURA,6059.0,15.0,3.0,2380.0,924.0,2740.0,570.0,206.0,364.0,159.0,85.0,27.0,8.0,18.0,21.0,182.0,20060.0,8710.0,5273.0,1224.0,1187.0,1080.0,441.0,275.0,29.0,100.0,610.0,907.0,279.0,3816.0,58.0,0.0,245.0,1489.0,253.0,1197.0,39.0,197.0,3.0,536.0,573.0,0.0,188.0,30016.0,,2010.0
    GALICIA,14617.0,50.0,17.0,5876.0,2477.0,6214.0,1750.0,851.0,899.0,389.0,213.0,75.0,10.0,37.0,54.0,169.0,51987.0,21461.0,11989.0,2213.0,2731.0,2756.0,1440.0,895.0,119.0,305.0,1934.0,2934.0,946.0,11332.0,159.0,2.0,736.0,5266.0,459.0,4611.0,196.0,447.0,17.0,1150.0,1518.0,5.0,233.0,77548.0,,2010.0
    MADRID (COMUNIDAD DE),39030.0,98.0,51.0,14764.0,10360.0,13808.0,3796.0,1173.0,2623.0,1339.0,708.0,298.0,29.0,90.0,214.0,726.0,336388.0,156514.0,70721.0,34265.0,13005.0,7890.0,20832.0,15318.0,1213.0,2205.0,13739.0,21502.0,3226.0,49311.0,819.0,37.0,2913.0,7563.0,2876.0,4473.0,214.0,3370.0,46.0,3802.0,5136.0,2.0,673.0,401871.0,,2010.0
    MURCIA (REGIÓN DE),9882.0,43.0,15.0,3953.0,2391.0,3495.0,1169.0,428.0,741.0,288.0,146.0,63.0,14.0,9.0,56.0,490.0,41988.0,16128.0,13907.0,2365.0,4972.0,1433.0,1581.0,1079.0,101.0,250.0,2393.0,1483.0,297.0,5869.0,143.0,7.0,477.0,1579.0,314.0,1201.0,64.0,485.0,10.0,882.0,822.0,1.0,173.0,57769.0,,2010.0
    NAVARRA (COMUNIDAD FORAL DE),2726.0,13.0,3.0,973.0,541.0,1199.0,675.0,119.0,556.0,130.0,95.0,14.0,6.0,8.0,7.0,82.0,13770.0,5834.0,3570.0,492.0,854.0,626.0,218.0,117.0,15.0,46.0,207.0,1138.0,280.0,2537.0,10.0,1.0,255.0,1059.0,131.0,878.0,50.0,259.0,21.0,235.0,324.0,3.0,190.0,19474.0,,2010.0
    PAÍS VASCO,11792.0,38.0,10.0,4968.0,653.0,6133.0,4257.0,2818.0,1439.0,417.0,240.0,47.0,12.0,77.0,41.0,337.0,65555.0,26549.0,20220.0,51.0,4366.0,2991.0,2791.0,1967.0,204.0,385.0,1179.0,3208.0,173.0,10629.0,26.0,4.0,949.0,3241.0,420.0,2777.0,44.0,543.0,25.0,1170.0,2405.0,1.0,432.0,90175.0,,2010.0
    RIOJA (LA),1695.0,6.0,2.0,847.0,327.0,515.0,170.0,37.0,133.0,49.0,20.0,14.0,3.0,7.0,5.0,31.0,6555.0,2668.0,2043.0,327.0,489.0,363.0,220.0,135.0,17.0,48.0,165.0,308.0,86.0,1066.0,7.0,2.0,76.0,519.0,64.0,436.0,19.0,54.0,0.0,137.0,212.0,0.0,26.0,9448.0,,2010.0
    CIUDAD AUTÓNOMA DE CEUTA,833.0,5.0,1.0,393.0,71.0,364.0,277.0,221.0,56.0,18.0,9.0,0.0,3.0,3.0,3.0,31.0,3053.0,983.0,723.0,497.0,93.0,49.0,189.0,141.0,8.0,13.0,436.0,96.0,60.0,553.0,9.0,0.0,64.0,1381.0,1116.0,263.0,2.0,53.0,2.0,101.0,160.0,13.0,52.0,5974.0,,2010.0
    CIUDAD AUTÓNOMA DE MELILLA,1011.0,4.0,0.0,501.0,252.0,254.0,126.0,23.0,103.0,38.0,16.0,10.0,1.0,3.0,8.0,30.0,2810.0,1043.0,774.0,427.0,156.0,79.0,194.0,171.0,1.0,8.0,250.0,68.0,23.0,438.0,14.0,0.0,29.0,304.0,174.0,121.0,9.0,42.0,1.0,70.0,170.0,0.0,50.0,4652.0,,2010.0
    EN EL EXTRANJERO,158.0,2.0,2.0,17.0,53.0,86.0,70.0,17.0,53.0,33.0,3.0,8.0,5.0,15.0,2.0,29.0,20188.0,2427.0,674.0,142.0,19.0,51.0,177.0,138.0,5.0,6.0,125.0,16688.0,4647.0,28.0,1.0,5.0,63.0,6.0,6.0,0.0,0.0,226.0,1.0,13.0,2.0,0.0,8.0,20734.0,,2010.0
    DESCONOCIDA,6.0,0.0,0.0,5.0,1.0,0.0,4.0,2.0,2.0,6.0,2.0,1.0,1.0,2.0,0.0,2.0,897.0,188.0,218.0,0.0,3.0,30.0,5.0,2.0,1.0,0.0,11.0,446.0,168.0,4.0,1.0,0.0,24.0,1.0,1.0,0.0,0.0,6.0,0.0,0.0,1.0,0.0,2.0,925.0,,2010.0
