,year,region,latitude,longitude,population,variable,value,1_against_people_indicator,2_against_freedom_indicator,3_sexual_freedom_indicator,4_family_relationships_indicator,5_property_crimes_indicator,6_collective_security_indicator,7_forgeries_indicator,8_public_administration_indicator,9_justice_administration_indicator,Values_year_PCA
0,2019,0,37.3873,-5.9869,8414240.0,1_against_people,37130.0,1,0,0,0,0,0,0,0,0,0.8706815012876513
1,2019,1,41.6488,-0.8891,1319291.0,1_against_people,4760.0,1,0,0,0,0,0,0,0,0,-0.2983352089337612
2,2019,2,43.3619,-5.8494,1022800.0,1_against_people,3368.0,1,0,0,0,0,0,0,0,0,-0.33738532401150245
3,2019,3,39.5712,2.6466,1149460.0,1_against_people,8110.0,1,0,0,0,0,0,0,0,0,-0.18794081103845217
4,2019,5,28.2916,-16.6291,2153389.0,1_against_people,12396.0,1,0,0,0,0,0,0,0,0,-0.016985323591367042
5,2019,4,43.1828,-3.9878,581078.0,1_against_people,2053.0,1,0,0,0,0,0,0,0,0,-0.3828635864029521
6,2019,7,41.6523,-4.7245,2399548.0,1_against_people,7345.0,1,0,0,0,0,0,0,0,0,-0.18744143467379545
7,2019,6,39.8628,-4.0273,2032863.0,1_against_people,7335.0,1,0,0,0,0,0,0,0,0,-0.2063562044837934
8,2019,8,41.3851,2.1734,7675217.0,1_against_people,21109.0,1,0,0,0,0,0,0,0,0,0.3197723249186565
9,2019,11,39.4699,-0.3763,5003769.0,1_against_people,23332.0,1,0,0,0,0,0,0,0,0,0.35764293370119293
10,2019,12,39.4765,-6.3722,1067710.0,1_against_people,3185.0,1,0,0,0,0,0,0,0,0,-0.339295600464442
11,2019,13,42.5751,-8.1339,2699499.0,1_against_people,8027.0,1,0,0,0,0,0,0,0,0,-0.15457048607992047
12,2019,14,40.4168,-3.7038,6663394.0,1_against_people,29288.0,1,0,0,0,0,0,0,0,0,0.5616192218891296
13,2019,15,37.9922,-1.1307,1493898.0,1_against_people,6237.0,1,0,0,0,0,0,0,0,0,-0.23168502610082956
14,2019,16,42.6954,-1.6761,654214.0,1_against_people,2693.0,1,0,0,0,0,0,0,0,0,-0.3656488837601108
15,2019,17,43.263,-2.9349,2207776.0,1_against_people,6884.0,1,0,0,0,0,0,0,0,0,-0.22995924198643278
16,2019,18,42.2871,-2.5396,316798.0,1_against_people,1042.0,1,0,0,0,0,0,0,0,0,-0.42105863067286514
17,2019,9,35.8894,-5.3198,84777.0,1_against_people,710.0,1,0,0,0,0,0,0,0,0,-0.4332822110689647
18,2019,10,35.293,-2.9387,86487.0,1_against_people,931.0,1,0,0,0,0,0,0,0,0,-0.42602512417639116
19,2019,0,37.3873,-5.9869,8414240.0,2_against_freedom,25751.0,0,1,0,0,0,0,0,0,0,0.4644766565914398
20,2019,1,41.6488,-0.8891,1319291.0,2_against_freedom,2276.0,0,1,0,0,0,0,0,0,0,-0.37750569983587035
21,2019,2,43.3619,-5.8494,1022800.0,2_against_freedom,1872.0,0,1,0,0,0,0,0,0,0,-0.39051032975867006
22,2019,3,39.5712,2.6466,1149460.0,2_against_freedom,4718.0,0,1,0,0,0,0,0,0,0,-0.29323163355705106
23,2019,5,28.2916,-16.6291,2153389.0,2_against_freedom,9328.0,0,1,0,0,0,0,0,0,0,-0.12524106069568258
24,2019,4,43.1828,-3.9878,581078.0,2_against_freedom,1455.0,0,1,0,0,0,0,0,0,0,-0.4091553884371751
25,2019,7,41.6523,-4.7245,2399548.0,2_against_freedom,5398.0,0,1,0,0,0,0,0,0,0,-0.26176332618494713
26,2019,6,39.8628,-4.0273,2032863.0,2_against_freedom,4655.0,0,1,0,0,0,0,0,0,0,-0.2923614766868455
27,2019,8,41.3851,2.1734,7675217.0,2_against_freedom,18675.0,0,1,0,0,0,0,0,0,0,0.2440236407518572
28,2019,11,39.4699,-0.3763,5003769.0,2_against_freedom,13046.0,0,1,0,0,0,0,0,0,0,0.007732768045637809
29,2019,12,39.4765,-6.3722,1067710.0,2_against_freedom,2423.0,0,1,0,0,0,0,0,0,0,-0.37641788887524336
30,2019,13,42.5751,-8.1339,2699499.0,2_against_freedom,5692.0,0,1,0,0,0,0,0,0,0,-0.2343549426792749
31,2019,14,40.4168,-3.7038,6663394.0,2_against_freedom,15655.0,0,1,0,0,0,0,0,0,0,0.0770171787695219
32,2019,15,37.9922,-1.1307,1493898.0,2_against_freedom,3741.0,0,1,0,0,0,0,0,0,0,-0.335066197712193
33,2019,16,42.6954,-1.6761,654214.0,2_against_freedom,1799.0,0,1,0,0,0,0,0,0,0,-0.3936485816302011
34,2019,17,43.263,-2.9349,2207776.0,2_against_freedom,7779.0,0,1,0,0,0,0,0,0,0,-0.16204140276751386
35,2019,18,42.2871,-2.5396,316798.0,2_against_freedom,518.0,0,1,0,0,0,0,0,0,0,-0.44202212138437236
36,2019,9,35.8894,-5.3198,84777.0,2_against_freedom,283.0,0,1,0,0,0,0,0,0,0,-0.44945612445170274
37,2019,10,35.293,-2.9387,86487.0,2_against_freedom,296.0,0,1,0,0,0,0,0,0,0,-0.4474182290470309
38,2019,0,37.3873,-5.9869,8414240.0,3_sexual_freedom,2510.0,0,0,1,0,0,0,0,0,0,-0.38026086940101267
39,2019,1,41.6488,-0.8891,1319291.0,3_sexual_freedom,330.0,0,0,1,0,0,0,0,0,0,-0.44843695922571947
40,2019,2,43.3619,-5.8494,1022800.0,3_sexual_freedom,193.0,0,0,1,0,0,0,0,0,0,-0.45367188793676827
41,2019,3,39.5712,2.6466,1149460.0,3_sexual_freedom,743.0,0,0,1,0,0,0,0,0,0,-0.44032234343664545
42,2019,5,28.2916,-16.6291,2153389.0,3_sexual_freedom,907.0,0,0,1,0,0,0,0,0,0,-0.4357203707273361
43,2019,4,43.1828,-3.9878,581078.0,3_sexual_freedom,107.0,0,0,1,0,0,0,0,0,0,-0.456786829059076
44,2019,7,41.6523,-4.7245,2399548.0,3_sexual_freedom,507.0,0,0,1,0,0,0,0,0,0,-0.4460608544134658
45,2019,6,39.8628,-4.0273,2032863.0,3_sexual_freedom,520.0,0,0,1,0,0,0,0,0,0,-0.44461957008356684
46,2019,8,41.3851,2.1734,7675217.0,3_sexual_freedom,3034.0,0,0,1,0,0,0,0,0,0,-0.3696737249611337
47,2019,11,39.4699,-0.3763,5003769.0,3_sexual_freedom,1749.0,0,0,1,0,0,0,0,0,0,-0.4053783888148077
48,2019,12,39.4765,-6.3722,1067710.0,3_sexual_freedom,214.0,0,0,1,0,0,0,0,0,0,-0.45341050318362697
49,2019,13,42.5751,-8.1339,2699499.0,3_sexual_freedom,634.0,0,0,1,0,0,0,0,0,0,-0.4417635292985359
50,2019,14,40.4168,-3.7038,6663394.0,3_sexual_freedom,2215.0,0,0,1,0,0,0,0,0,0,-0.3917724957549718
51,2019,15,37.9922,-1.1307,1493898.0,3_sexual_freedom,535.0,0,0,1,0,0,0,0,0,0,-0.44408390390140284
52,2019,16,42.6954,-1.6761,654214.0,3_sexual_freedom,232.0,0,0,1,0,0,0,0,0,0,-0.45080626969605836
53,2019,17,43.263,-2.9349,2207776.0,3_sexual_freedom,668.0,0,0,1,0,0,0,0,0,0,-0.44026006629245684
54,2019,18,42.2871,-2.5396,316798.0,3_sexual_freedom,92.0,0,0,1,0,0,0,0,0,0,-0.4579178165794895
55,2019,9,35.8894,-5.3198,84777.0,3_sexual_freedom,23.0,0,0,1,0,0,0,0,0,0,-0.45858394219027493
56,2019,10,35.293,-2.9387,86487.0,3_sexual_freedom,33.0,0,0,1,0,0,0,0,0,0,-0.45865495321007393
57,2019,0,37.3873,-5.9869,8414240.0,4_family_relationships,1503.0,0,0,0,1,0,0,0,0,0,-0.4008131965951704
58,2019,1,41.6488,-0.8891,1319291.0,4_family_relationships,161.0,0,0,0,1,0,0,0,0,0,-0.45372783767045594
59,2019,2,43.3619,-5.8494,1022800.0,4_family_relationships,99.0,0,0,0,1,0,0,0,0,0,-0.4558443849827022
60,2019,3,39.5712,2.6466,1149460.0,4_family_relationships,188.0,0,0,0,1,0,0,0,0,0,-0.4528330503140863
61,2019,5,28.2916,-16.6291,2153389.0,4_family_relationships,639.0,0,0,0,1,0,0,0,0,0,-0.4289000389136704
62,2019,4,43.1828,-3.9878,581078.0,4_family_relationships,41.0,0,0,0,1,0,0,0,0,0,-0.45842718015074935
63,2019,7,41.6523,-4.7245,2399548.0,4_family_relationships,196.0,0,0,0,1,0,0,0,0,0,-0.4522154485567961
64,2019,6,39.8628,-4.0273,2032863.0,4_family_relationships,326.0,0,0,0,1,0,0,0,0,0,-0.44758934436418424
65,2019,8,41.3851,2.1734,7675217.0,4_family_relationships,1134.0,0,0,0,1,0,0,0,0,0,-0.40922268151524377
66,2019,11,39.4699,-0.3763,5003769.0,4_family_relationships,858.0,0,0,0,1,0,0,0,0,0,-0.4259353660001982
67,2019,12,39.4765,-6.3722,1067710.0,4_family_relationships,224.0,0,0,0,1,0,0,0,0,0,-0.45193393147889777
68,2019,13,42.5751,-8.1339,2699499.0,4_family_relationships,171.0,0,0,0,1,0,0,0,0,0,-0.4515971526035757
69,2019,14,40.4168,-3.7038,6663394.0,4_family_relationships,822.0,0,0,0,1,0,0,0,0,0,-0.42719669492910944
70,2019,15,37.9922,-1.1307,1493898.0,4_family_relationships,552.0,0,0,0,1,0,0,0,0,0,-0.43835044666947215
71,2019,16,42.6954,-1.6761,654214.0,4_family_relationships,74.0,0,0,0,1,0,0,0,0,0,-0.4567476924299431
72,2019,17,43.263,-2.9349,2207776.0,4_family_relationships,139.0,0,0,0,1,0,0,0,0,0,-0.4526898195248886
73,2019,18,42.2871,-2.5396,316798.0,4_family_relationships,31.0,0,0,0,1,0,0,0,0,0,-0.4592321662253886
74,2019,9,35.8894,-5.3198,84777.0,4_family_relationships,31.0,0,0,0,1,0,0,0,0,0,-0.4587623816257379
75,2019,10,35.293,-2.9387,86487.0,4_family_relationships,25.0,0,0,0,1,0,0,0,0,0,-0.45903811088077634
76,2019,0,37.3873,-5.9869,8414240.0,5_property_crimes,239711.0,0,0,0,0,1,0,0,0,0,8.85787503280416
77,2019,1,41.6488,-0.8891,1319291.0,5_property_crimes,31651.0,0,0,0,0,1,0,0,0,0,0.658808962595149
78,2019,2,43.3619,-5.8494,1022800.0,5_property_crimes,19066.0,0,0,0,0,1,0,0,0,0,0.24693792208617893
79,2019,3,39.5712,2.6466,1149460.0,5_property_crimes,58274.0,0,0,0,0,1,0,0,0,0,1.626143659372254
80,2019,5,28.2916,-16.6291,2153389.0,5_property_crimes,64716.0,0,0,0,0,1,0,0,0,0,1.9214331649504837
81,2019,4,43.1828,-3.9878,581078.0,5_property_crimes,12953.0,0,0,0,0,1,0,0,0,0,0.021136972360289774
82,2019,7,41.6523,-4.7245,2399548.0,5_property_crimes,56640.0,0,0,0,0,1,0,0,0,0,1.6369706827328843
83,2019,6,39.8628,-4.0273,2032863.0,5_property_crimes,50473.0,0,0,0,0,1,0,0,0,0,1.3728777531930072
84,2019,8,41.3851,2.1734,7675217.0,5_property_crimes,425113.0,0,0,0,0,1,0,0,0,0,13.8143979422822
85,2019,11,39.4699,-0.3763,5003769.0,5_property_crimes,174091.0,0,0,0,0,1,0,0,0,0,6.295471907318812
86,2019,12,39.4765,-6.3722,1067710.0,5_property_crimes,18583.0,0,0,0,0,1,0,0,0,0,0.24119596394552836
87,2019,13,42.5751,-8.1339,2699499.0,5_property_crimes,56924.0,0,0,0,0,1,0,0,0,0,1.5936851216981078
88,2019,14,40.4168,-3.7038,6663394.0,5_property_crimes,337836.0,0,0,0,0,1,0,0,0,0,11.845731182390153
89,2019,15,37.9922,-1.1307,1493898.0,5_property_crimes,41700.0,0,0,0,0,1,0,0,0,0,1.0464922525645022
90,2019,16,42.6954,-1.6761,654214.0,5_property_crimes,21485.0,0,0,0,0,1,0,0,0,0,0.27376763078782684
91,2019,17,43.263,-2.9349,2207776.0,5_property_crimes,71978.0,0,0,0,0,1,0,0,0,0,2.029269951398493
92,2019,18,42.2871,-2.5396,316798.0,5_property_crimes,6179.0,0,0,0,0,1,0,0,0,0,-0.23774587279573783
93,2019,9,35.8894,-5.3198,84777.0,5_property_crimes,2159.0,0,0,0,0,1,0,0,0,0,-0.37356707336249034
94,2019,10,35.293,-2.9387,86487.0,5_property_crimes,3281.0,0,0,0,0,1,0,0,0,0,-0.3434036802742568
95,2019,0,37.3873,-5.9869,8414240.0,6_collective_security,15094.0,0,0,0,0,0,1,0,0,0,0.049752914668930115
96,2019,1,41.6488,-0.8891,1319291.0,6_collective_security,1360.0,0,0,0,0,0,1,0,0,0,-0.4167887324503123
97,2019,2,43.3619,-5.8494,1022800.0,6_collective_security,1205.0,0,0,0,0,0,1,0,0,0,-0.41881849318849845
98,2019,3,39.5712,2.6466,1149460.0,6_collective_security,2880.0,0,0,0,0,0,1,0,0,0,-0.3634736103051129
99,2019,5,28.2916,-16.6291,2153389.0,6_collective_security,3439.0,0,0,0,0,0,1,0,0,0,-0.33687737012716656
100,2019,4,43.1828,-3.9878,581078.0,6_collective_security,716.0,0,0,0,0,0,1,0,0,0,-0.4321343738558308
101,2019,7,41.6523,-4.7245,2399548.0,6_collective_security,2911.0,0,0,0,0,0,1,0,0,0,-0.3628889486339931
102,2019,6,39.8628,-4.0273,2032863.0,6_collective_security,3224.0,0,0,0,0,0,1,0,0,0,-0.35741187229092863
103,2019,8,41.3851,2.1734,7675217.0,6_collective_security,8938.0,0,0,0,0,0,1,0,0,0,-0.138077072897384
104,2019,11,39.4699,-0.3763,5003769.0,6_collective_security,7739.0,0,0,0,0,0,1,0,0,0,-0.17103709631828273
105,2019,12,39.4765,-6.3722,1067710.0,6_collective_security,1248.0,0,0,0,0,0,1,0,0,0,-0.42145019015660984
106,2019,13,42.5751,-8.1339,2699499.0,6_collective_security,4992.0,0,0,0,0,0,1,0,0,0,-0.28812178524693655
107,2019,14,40.4168,-3.7038,6663394.0,6_collective_security,7696.0,0,0,0,0,0,1,0,0,0,-0.2250158165575592
108,2019,15,37.9922,-1.1307,1493898.0,6_collective_security,1664.0,0,0,0,0,0,1,0,0,0,-0.4068678922279645
109,2019,16,42.6954,-1.6761,654214.0,6_collective_security,1583.0,0,0,0,0,0,1,0,0,0,-0.41851672558308417
110,2019,17,43.263,-2.9349,2207776.0,6_collective_security,2773.0,0,0,0,0,0,1,0,0,0,-0.36503648365129937
111,2019,18,42.2871,-2.5396,316798.0,6_collective_security,413.0,0,0,0,0,0,1,0,0,0,-0.4473417740788396
112,2019,9,35.8894,-5.3198,84777.0,6_collective_security,509.0,0,0,0,0,0,1,0,0,0,-0.4437130659529653
113,2019,10,35.293,-2.9387,86487.0,6_collective_security,348.0,0,0,0,0,0,1,0,0,0,-0.4504810303983949
114,2019,0,37.3873,-5.9869,8414240.0,7_forgeries,3988.0,0,0,0,0,0,0,1,0,0,-0.3197714408116551
115,2019,1,41.6488,-0.8891,1319291.0,7_forgeries,446.0,0,0,0,0,0,0,1,0,0,-0.44572798622725524
116,2019,2,43.3619,-5.8494,1022800.0,7_forgeries,220.0,0,0,0,0,0,0,1,0,0,-0.45279675171615463
117,2019,3,39.5712,2.6466,1149460.0,7_forgeries,716.0,0,0,0,0,0,0,1,0,0,-0.43967823761571595
118,2019,5,28.2916,-16.6291,2153389.0,7_forgeries,1114.0,0,0,0,0,0,0,1,0,0,-0.4309529609465647
119,2019,4,43.1828,-3.9878,581078.0,7_forgeries,162.0,0,0,0,0,0,0,1,0,0,-0.45521869347778876
120,2019,7,41.6523,-4.7245,2399548.0,7_forgeries,840.0,0,0,0,0,0,0,1,0,0,-0.4315486570078856
121,2019,6,39.8628,-4.0273,2032863.0,7_forgeries,1177.0,0,0,0,0,0,0,1,0,0,-0.4236879665397636
122,2019,8,41.3851,2.1734,7675217.0,7_forgeries,3791.0,0,0,0,0,0,0,1,0,0,-0.3284437666415823
123,2019,11,39.4699,-0.3763,5003769.0,7_forgeries,3250.0,0,0,0,0,0,0,1,0,0,-0.3488799718809267
124,2019,12,39.4765,-6.3722,1067710.0,7_forgeries,445.0,0,0,0,0,0,0,1,0,0,-0.4451480301675448
125,2019,13,42.5751,-8.1339,2699499.0,7_forgeries,886.0,0,0,0,0,0,0,1,0,0,-0.4323737784434508
126,2019,14,40.4168,-3.7038,6663394.0,7_forgeries,4042.0,0,0,0,0,0,0,1,0,0,-0.336740491079702
127,2019,15,37.9922,-1.1307,1493898.0,7_forgeries,708.0,0,0,0,0,0,0,1,0,0,-0.4385389410107069
128,2019,16,42.6954,-1.6761,654214.0,7_forgeries,374.0,0,0,0,0,0,0,1,0,0,-0.44552866012951675
129,2019,17,43.263,-2.9349,2207776.0,7_forgeries,1195.0,0,0,0,0,0,0,1,0,0,-0.42236451436752026
130,2019,18,42.2871,-2.5396,316798.0,7_forgeries,73.0,0,0,0,0,0,0,1,0,0,-0.4577046258756343
131,2019,9,35.8894,-5.3198,84777.0,7_forgeries,543.0,0,0,0,0,0,0,1,0,0,-0.4417218288222342
132,2019,10,35.293,-2.9387,86487.0,7_forgeries,289.0,0,0,0,0,0,0,1,0,0,-0.4563977114057628
133,2019,0,37.3873,-5.9869,8414240.0,8_public_administration,93.0,0,0,0,0,0,0,0,1,0,-0.454450081693477
134,2019,1,41.6488,-0.8891,1319291.0,8_public_administration,3.0,0,0,0,0,0,0,0,1,0,-0.45973250270499477
135,2019,2,43.3619,-5.8494,1022800.0,8_public_administration,6.0,0,0,0,0,0,0,0,1,0,-0.4599649909292692
136,2019,3,39.5712,2.6466,1149460.0,8_public_administration,11.0,0,0,0,0,0,0,0,1,0,-0.4593748747207014
137,2019,5,28.2916,-16.6291,2153389.0,8_public_administration,17.0,0,0,0,0,0,0,0,1,0,-0.4578006239580326
138,2019,4,43.1828,-3.9878,581078.0,8_public_administration,3.0,0,0,0,0,0,0,0,1,0,-0.4599751403017422
139,2019,7,41.6523,-4.7245,2399548.0,8_public_administration,14.0,0,0,0,0,0,0,0,1,0,-0.4593908615389436
140,2019,6,39.8628,-4.0273,2032863.0,8_public_administration,29.0,0,0,0,0,0,0,0,1,0,-0.45861781025426396
141,2019,8,41.3851,2.1734,7675217.0,8_public_administration,58.0,0,0,0,0,0,0,0,1,0,-0.45749328197702815
142,2019,11,39.4699,-0.3763,5003769.0,8_public_administration,48.0,0,0,0,0,0,0,0,1,0,-0.45750408321770375
143,2019,12,39.4765,-6.3722,1067710.0,8_public_administration,8.0,0,0,0,0,0,0,0,1,0,-0.4597191594276245
144,2019,13,42.5751,-8.1339,2699499.0,8_public_administration,21.0,0,0,0,0,0,0,0,1,0,-0.4593850521633148
145,2019,14,40.4168,-3.7038,6663394.0,8_public_administration,55.0,0,0,0,0,0,0,0,1,0,-0.4574541353493207
146,2019,15,37.9922,-1.1307,1493898.0,8_public_administration,14.0,0,0,0,0,0,0,0,1,0,-0.4594149326229526
147,2019,16,42.6954,-1.6761,654214.0,8_public_administration,10.0,0,0,0,0,0,0,0,1,0,-0.4593769744149197
148,2019,17,43.263,-2.9349,2207776.0,8_public_administration,12.0,0,0,0,0,0,0,0,1,0,-0.4593016775379037
149,2019,18,42.2871,-2.5396,316798.0,8_public_administration,5.0,0,0,0,0,0,0,0,1,0,-0.45993719938746547
150,2019,9,35.8894,-5.3198,84777.0,8_public_administration,8.0,0,0,0,0,0,0,0,1,0,-0.4597474256410576
151,2019,10,35.293,-2.9387,86487.0,8_public_administration,1.0,0,0,0,0,0,0,0,1,0,-0.45996232357726946
152,2019,0,37.3873,-5.9869,8414240.0,9_justice_administration,6728.0,0,0,0,0,0,0,0,0,1,-0.22265056497950778
153,2019,1,41.6488,-0.8891,1319291.0,9_justice_administration,799.0,0,0,0,0,0,0,0,0,1,-0.4355237432752351
154,2019,2,43.3619,-5.8494,1022800.0,9_justice_administration,567.0,0,0,0,0,0,0,0,0,1,-0.43897456503306476
155,2019,3,39.5712,2.6466,1149460.0,9_justice_administration,1095.0,0,0,0,0,0,0,0,0,1,-0.42291925125062096
156,2019,5,28.2916,-16.6291,2153389.0,9_justice_administration,1721.0,0,0,0,0,0,0,0,0,1,-0.4049268956615555
157,2019,4,43.1828,-3.9878,581078.0,9_justice_administration,282.0,0,0,0,0,0,0,0,0,1,-0.44962016724629505
158,2019,7,41.6523,-4.7245,2399548.0,9_justice_administration,1186.0,0,0,0,0,0,0,0,0,1,-0.41890886638702285
159,2019,6,39.8628,-4.0273,2032863.0,9_justice_administration,1250.0,0,0,0,0,0,0,0,0,1,-0.4191214167768695
160,2019,8,41.3851,2.1734,7675217.0,9_justice_administration,3519.0,0,0,0,0,0,0,0,0,1,-0.3307614750449165
161,2019,11,39.4699,-0.3763,5003769.0,9_justice_administration,4643.0,0,0,0,0,0,0,0,0,1,-0.298664237086434
162,2019,12,39.4765,-6.3722,1067710.0,9_justice_administration,680.0,0,0,0,0,0,0,0,0,1,-0.4367586109132687
163,2019,13,42.5751,-8.1339,2699499.0,9_justice_administration,1409.0,0,0,0,0,0,0,0,0,1,-0.4145452659344973
164,2019,14,40.4168,-3.7038,6663394.0,9_justice_administration,4671.0,0,0,0,0,0,0,0,0,1,-0.2959171717889011
165,2019,15,37.9922,-1.1307,1493898.0,9_justice_administration,1040.0,0,0,0,0,0,0,0,0,1,-0.42423445151406486
166,2019,16,42.6954,-1.6761,654214.0,9_justice_administration,415.0,0,0,0,0,0,0,0,0,1,-0.44628558495268505
167,2019,17,43.263,-2.9349,2207776.0,9_justice_administration,1573.0,0,0,0,0,0,0,0,0,1,-0.40346074984206776
168,2019,18,42.2871,-2.5396,316798.0,9_justice_administration,229.0,0,0,0,0,0,0,0,0,1,-0.45392364561132137
169,2019,9,35.8894,-5.3198,84777.0,9_justice_administration,148.0,0,0,0,0,0,0,0,0,1,-0.4535010550592739
170,2019,10,35.293,-2.9387,86487.0,9_justice_administration,97.0,0,0,0,0,0,0,0,0,1,-0.45717972634663384
171,2020,0,37.3873,-5.9869,8414240.0,1_against_people,39193.46916666666,1,0,0,0,0,0,0,0,0,0.9148185669891504
172,2020,1,41.6488,-0.8891,1319291.0,1_against_people,3987.988333333335,1,0,0,0,0,0,0,0,0,-0.2887268213553983
173,2020,2,43.3619,-5.8494,1022800.0,1_against_people,3199.0055555555537,1,0,0,0,0,0,0,0,0,-0.33588499728949056
174,2020,3,39.5712,2.6466,1149460.0,1_against_people,6983.27777777779,1,0,0,0,0,0,0,0,0,-0.16872779177521946
175,2020,5,28.2916,-16.6291,2153389.0,1_against_people,11980.938888888892,1,0,0,0,0,0,0,0,0,0.0007207358458583674
176,2020,4,43.1828,-3.9878,581078.0,1_against_people,1879.5419444444435,1,0,0,0,0,0,0,0,0,-0.38179599423586247
177,2020,7,41.6523,-4.7245,2399548.0,1_against_people,6810.446944444442,1,0,0,0,0,0,0,0,0,-0.1819764893772987
178,2020,6,39.8628,-4.0273,2032863.0,1_against_people,6323.563888888892,1,0,0,0,0,0,0,0,0,-0.19430863880384647
179,2020,8,41.3851,2.1734,7675217.0,1_against_people,20574.881666666657,1,0,0,0,0,0,0,0,0,0.33983897624840637
180,2020,11,39.4699,-0.3763,5003769.0,1_against_people,22565.97555555554,1,0,0,0,0,0,0,0,0,0.39232597475562225
181,2020,12,39.4765,-6.3722,1067710.0,1_against_people,3368.641944444443,1,0,0,0,0,0,0,0,0,-0.33860915411090775
182,2020,13,42.5751,-8.1339,2699499.0,1_against_people,7404.859722222219,1,0,0,0,0,0,0,0,0,-0.15230523640497792
183,2020,14,40.4168,-3.7038,6663394.0,1_against_people,25503.28472222222,1,0,0,0,0,0,0,0,0,0.6130308738608482
184,2020,15,37.9922,-1.1307,1493898.0,1_against_people,5782.531944444446,1,0,0,0,0,0,0,0,0,-0.22564978822404771
185,2020,16,42.6954,-1.6761,654214.0,1_against_people,2595.3488888888883,1,0,0,0,0,0,0,0,0,-0.36128955212875163
186,2020,17,43.263,-2.9349,2207776.0,1_against_people,5829.4538888888865,1,0,0,0,0,0,0,0,0,-0.21067059488950793
187,2020,18,42.2871,-2.5396,316798.0,1_against_people,1097.3922222222232,1,0,0,0,0,0,0,0,0,-0.42022771289641464
188,2020,9,35.8894,-5.3198,84777.0,1_against_people,739.834444444446,1,0,0,0,0,0,0,0,0,-0.4328882910041114
189,2020,10,35.293,-2.9387,86487.0,1_against_people,945.9397222222213,1,0,0,0,0,0,0,0,0,-0.42550373409890974
190,2020,0,37.3873,-5.9869,8414240.0,2_against_freedom,23631.34111111112,0,1,0,0,0,0,0,0,0,0.4974028044792256
191,2020,1,41.6488,-0.8891,1319291.0,2_against_freedom,3366.7975000000015,0,1,0,0,0,0,0,0,0,-0.3757398274860294
192,2020,2,43.3619,-5.8494,1022800.0,2_against_freedom,3090.4569444444446,0,1,0,0,0,0,0,0,0,-0.38995062437661615
193,2020,3,39.5712,2.6466,1149460.0,2_against_freedom,4611.934722222222,0,1,0,0,0,0,0,0,0,-0.2874529524724882
194,2020,5,28.2916,-16.6291,2153389.0,2_against_freedom,10043.841666666665,0,1,0,0,0,0,0,0,0,-0.11256196961663265
195,2020,4,43.1828,-3.9878,581078.0,2_against_freedom,1536.4619444444443,0,1,0,0,0,0,0,0,0,-0.40667028736246447
196,2020,7,41.6523,-4.7245,2399548.0,2_against_freedom,6910.221944444441,0,1,0,0,0,0,0,0,0,-0.25815095823494644
197,2020,6,39.8628,-4.0273,2032863.0,2_against_freedom,4936.995000000001,0,1,0,0,0,0,0,0,0,-0.2859506763304642
198,2020,8,41.3851,2.1734,7675217.0,2_against_freedom,18660.691944444447,0,1,0,0,0,0,0,0,0,0.24966358012861817
199,2020,11,39.4699,-0.3763,5003769.0,2_against_freedom,13913.064444444446,0,1,0,0,0,0,0,0,0,0.024662969085962827
200,2020,12,39.4765,-6.3722,1067710.0,2_against_freedom,3122.7411111111105,0,1,0,0,0,0,0,0,0,-0.37221795038001954
201,2020,13,42.5751,-8.1339,2699499.0,2_against_freedom,6759.635833333335,0,1,0,0,0,0,0,0,0,-0.23610856518461462
202,2020,14,40.4168,-3.7038,6663394.0,2_against_freedom,15640.54694444444,0,1,0,0,0,0,0,0,0,0.10634682823666032
203,2020,15,37.9922,-1.1307,1493898.0,2_against_freedom,4031.743888888889,0,1,0,0,0,0,0,0,0,-0.3259972818323966
204,2020,16,42.6954,-1.6761,654214.0,2_against_freedom,2641.4480555555556,0,1,0,0,0,0,0,0,0,-0.39395068241346254
205,2020,17,43.263,-2.9349,2207776.0,2_against_freedom,8159.368055555557,0,1,0,0,0,0,0,0,0,-0.1607744258463404
206,2020,18,42.2871,-2.5396,316798.0,2_against_freedom,600.1697222222216,0,1,0,0,0,0,0,0,0,-0.44107215418264145
207,2020,9,35.8894,-5.3198,84777.0,2_against_freedom,331.34222222222223,0,1,0,0,0,0,0,0,0,-0.4500125444983271
208,2020,10,35.293,-2.9387,86487.0,2_against_freedom,376.4969444444445,0,1,0,0,0,0,0,0,0,-0.44728254319366445
209,2020,0,37.3873,-5.9869,8414240.0,3_sexual_freedom,2130.6455555555563,0,0,1,0,0,0,0,0,0,-0.3715970454030623
210,2020,1,41.6488,-0.8891,1319291.0,3_sexual_freedom,332.6997222222223,0,0,1,0,0,0,0,0,0,-0.44788324008309177
211,2020,2,43.3619,-5.8494,1022800.0,3_sexual_freedom,204.0025000000002,0,0,1,0,0,0,0,0,0,-0.45306107522686484
212,2020,3,39.5712,2.6466,1149460.0,3_sexual_freedom,543.6219444444445,0,0,1,0,0,0,0,0,0,-0.43650628410038494
213,2020,5,28.2916,-16.6291,2153389.0,3_sexual_freedom,715.5836111111112,0,0,1,0,0,0,0,0,0,-0.43091730725442995
214,2020,4,43.1828,-3.9878,581078.0,3_sexual_freedom,101.80916666666663,0,0,1,0,0,0,0,0,0,-0.4562939573061872
215,2020,7,41.6523,-4.7245,2399548.0,3_sexual_freedom,400.5838888888887,0,0,1,0,0,0,0,0,0,-0.44325842233312907
216,2020,6,39.8628,-4.0273,2032863.0,3_sexual_freedom,419.81916666666655,0,0,1,0,0,0,0,0,0,-0.4424168674778328
217,2020,8,41.3851,2.1734,7675217.0,3_sexual_freedom,2358.590833333333,0,0,1,0,0,0,0,0,0,-0.35985562024970175
218,2020,11,39.4699,-0.3763,5003769.0,3_sexual_freedom,1530.3569444444454,0,0,1,0,0,0,0,0,0,-0.40025705473388606
219,2020,12,39.4765,-6.3722,1067710.0,3_sexual_freedom,207.37722222222214,0,0,1,0,0,0,0,0,0,-0.45268378958944366
220,2020,13,42.5751,-8.1339,2699499.0,3_sexual_freedom,469.93555555555525,0,0,1,0,0,0,0,0,0,-0.4392368588023906
221,2020,14,40.4168,-3.7038,6663394.0,3_sexual_freedom,2047.0930555555553,0,0,1,0,0,0,0,0,0,-0.38324154642648306
222,2020,15,37.9922,-1.1307,1493898.0,3_sexual_freedom,421.5652777777777,0,0,1,0,0,0,0,0,0,-0.4421064776821953
223,2020,16,42.6954,-1.6761,654214.0,3_sexual_freedom,244.24666666666673,0,0,1,0,0,0,0,0,0,-0.45061137225192666
224,2020,17,43.263,-2.9349,2207776.0,3_sexual_freedom,498.56583333333333,0,0,1,0,0,0,0,0,0,-0.4366926253105136
225,2020,18,42.2871,-2.5396,316798.0,3_sexual_freedom,59.2441666666667,0,0,1,0,0,0,0,0,0,-0.45736524004760604
226,2020,9,35.8894,-5.3198,84777.0,3_sexual_freedom,45.57555555555557,0,0,1,0,0,0,0,0,0,-0.45878197436285406
227,2020,10,35.293,-2.9387,86487.0,3_sexual_freedom,48.66722222222223,0,0,1,0,0,0,0,0,0,-0.45890081278185896
228,2020,0,37.3873,-5.9869,8414240.0,4_family_relationships,1663.1974999999995,0,0,0,1,0,0,0,0,0,-0.4010891702211528
229,2020,1,41.6488,-0.8891,1319291.0,4_family_relationships,170.56777777777802,0,0,0,1,0,0,0,0,0,-0.4536389726972408
230,2020,2,43.3619,-5.8494,1022800.0,4_family_relationships,117.4125,0,0,0,1,0,0,0,0,0,-0.4559257117951631
231,2020,3,39.5712,2.6466,1149460.0,4_family_relationships,233.5352777777777,0,0,0,1,0,0,0,0,0,-0.4531687933773694
232,2020,5,28.2916,-16.6291,2153389.0,4_family_relationships,988.5561111111115,0,0,0,1,0,0,0,0,0,-0.43138073836939933
233,2020,4,43.1828,-3.9878,581078.0,4_family_relationships,47.570277777777754,0,0,0,1,0,0,0,0,0,-0.45837001740844935
234,2020,7,41.6523,-4.7245,2399548.0,4_family_relationships,232.59194444444432,0,0,0,1,0,0,0,0,0,-0.45230187751421214
235,2020,6,39.8628,-4.0273,2032863.0,4_family_relationships,351.39305555555563,0,0,0,1,0,0,0,0,0,-0.44773343880566996
236,2020,8,41.3851,2.1734,7675217.0,4_family_relationships,1662.085277777778,0,0,0,1,0,0,0,0,0,-0.4128611888794571
237,2020,11,39.4699,-0.3763,5003769.0,4_family_relationships,962.0116666666667,0,0,0,1,0,0,0,0,0,-0.4261955723322394
238,2020,12,39.4765,-6.3722,1067710.0,4_family_relationships,222.00361111111116,0,0,0,1,0,0,0,0,0,-0.45171917189273436
239,2020,13,42.5751,-8.1339,2699499.0,4_family_relationships,256.77944444444444,0,0,0,1,0,0,0,0,0,-0.45250751276355716
240,2020,14,40.4168,-3.7038,6663394.0,4_family_relationships,941.430555555556,0,0,0,1,0,0,0,0,0,-0.42813301956508926
241,2020,15,37.9922,-1.1307,1493898.0,4_family_relationships,536.3544444444444,0,0,0,1,0,0,0,0,0,-0.43809426052864076
242,2020,16,42.6954,-1.6761,654214.0,4_family_relationships,103.34388888888883,0,0,0,1,0,0,0,0,0,-0.456938113785541
243,2020,17,43.263,-2.9349,2207776.0,4_family_relationships,219.8702777777776,0,0,0,1,0,0,0,0,0,-0.453189268541079
244,2020,18,42.2871,-2.5396,316798.0,4_family_relationships,31.35055555555556,0,0,0,1,0,0,0,0,0,-0.4590953946793688
245,2020,9,35.8894,-5.3198,84777.0,4_family_relationships,46.79833333333332,0,0,0,1,0,0,0,0,0,-0.4589259196779069
246,2020,10,35.293,-2.9387,86487.0,4_family_relationships,39.544166666666676,0,0,0,1,0,0,0,0,0,-0.459036583103352
247,2020,0,37.3873,-5.9869,8414240.0,5_property_crimes,244746.735,0,0,0,0,1,0,0,0,0,8.81371381922435
248,2020,1,41.6488,-0.8891,1319291.0,5_property_crimes,29133.951111111113,0,0,0,0,1,0,0,0,0,0.6932949321358546
249,2020,2,43.3619,-5.8494,1022800.0,5_property_crimes,18225.705277777775,0,0,0,0,1,0,0,0,0,0.2556627282961386
250,2020,3,39.5712,2.6466,1149460.0,5_property_crimes,53768.386666666695,0,0,0,0,1,0,0,0,0,1.7088502376638663
251,2020,5,28.2916,-16.6291,2153389.0,5_property_crimes,61237.19305555556,0,0,0,0,1,0,0,0,0,1.9576554245061966
252,2020,4,43.1828,-3.9878,581078.0,5_property_crimes,12383.662222222207,0,0,0,0,1,0,0,0,0,0.029632146462128407
253,2020,7,41.6523,-4.7245,2399548.0,5_property_crimes,54417.341666666674,0,0,0,0,1,0,0,0,0,1.6670078063128786
254,2020,6,39.8628,-4.0273,2032863.0,5_property_crimes,47156.45638888883,0,0,0,0,1,0,0,0,0,1.4221599531432125
255,2020,8,41.3851,2.1734,7675217.0,5_property_crimes,354290.6663888889,0,0,0,0,1,0,0,0,0,14.85129186409352
256,2020,11,39.4699,-0.3763,5003769.0,5_property_crimes,179758.20833333328,0,0,0,0,1,0,0,0,0,6.248394640534851
257,2020,12,39.4765,-6.3722,1067710.0,5_property_crimes,18459.02861111111,0,0,0,0,1,0,0,0,0,0.2449125050418639
258,2020,13,42.5751,-8.1339,2699499.0,5_property_crimes,53176.403611111105,0,0,0,0,1,0,0,0,0,1.6468908148308252
259,2020,14,40.4168,-3.7038,6663394.0,5_property_crimes,315133.431388889,0,0,0,0,1,0,0,0,0,12.140323087798324
260,2020,15,37.9922,-1.1307,1493898.0,5_property_crimes,39107.44222222223,0,0,0,0,1,0,0,0,0,1.0921067548988659
261,2020,16,42.6954,-1.6761,654214.0,5_property_crimes,18289.13166666666,0,0,0,0,1,0,0,0,0,0.30618983239849906
262,2020,17,43.263,-2.9349,2207776.0,5_property_crimes,63402.969444444454,0,0,0,0,1,0,0,0,0,2.144756711590831
263,2020,18,42.2871,-2.5396,316798.0,5_property_crimes,5997.564166666667,0,0,0,0,1,0,0,0,0,-0.23262108818204127
264,2020,9,35.8894,-5.3198,84777.0,5_property_crimes,2562.6727777777774,0,0,0,0,1,0,0,0,0,-0.3762344425393364
265,2020,10,35.293,-2.9387,86487.0,5_property_crimes,2930.092500000003,0,0,0,0,1,0,0,0,0,-0.3392348898738257
266,2020,0,37.3873,-5.9869,8414240.0,6_collective_security,14002.100277777801,0,0,0,0,0,1,0,0,0,0.07758113386096759
267,2020,1,41.6488,-0.8891,1319291.0,6_collective_security,1071.3508333333332,0,0,0,0,0,1,0,0,0,-0.412757107238725
268,2020,2,43.3619,-5.8494,1022800.0,6_collective_security,1072.1141666666667,0,0,0,0,0,1,0,0,0,-0.417686832767218
269,2020,3,39.5712,2.6466,1149460.0,6_collective_security,2581.168888888889,0,0,0,0,0,1,0,0,0,-0.35644514934776755
270,2020,5,28.2916,-16.6291,2153389.0,6_collective_security,3418.9772222222223,0,0,0,0,0,1,0,0,0,-0.33155734207726517
271,2020,4,43.1828,-3.9878,581078.0,6_collective_security,750.3938888888893,0,0,0,0,0,1,0,0,0,-0.4323551580829112
272,2020,7,41.6523,-4.7245,2399548.0,6_collective_security,2537.2374999999993,0,0,0,0,0,1,0,0,0,-0.3564556262660906
273,2020,6,39.8628,-4.0273,2032863.0,6_collective_security,2623.800277777778,0,0,0,0,0,1,0,0,0,-0.3497965035498991
274,2020,8,41.3851,2.1734,7675217.0,6_collective_security,8153.667222222223,0,0,0,0,0,1,0,0,0,-0.1276948300035369
275,2020,11,39.4699,-0.3763,5003769.0,6_collective_security,7878.66,0,0,0,0,0,1,0,0,0,-0.16758577960078036
276,2020,12,39.4765,-6.3722,1067710.0,6_collective_security,985.7758333333328,0,0,0,0,0,1,0,0,0,-0.4170571992091784
277,2020,13,42.5751,-8.1339,2699499.0,6_collective_security,4350.551388888889,0,0,0,0,0,1,0,0,0,-0.2779003687248774
278,2020,14,40.4168,-3.7038,6663394.0,6_collective_security,6167.153055555536,0,0,0,0,0,1,0,0,0,-0.2027687149518675
279,2020,15,37.9922,-1.1307,1493898.0,6_collective_security,1430.2419444444465,0,0,0,0,0,1,0,0,0,-0.4017149076100672
280,2020,16,42.6954,-1.6761,654214.0,6_collective_security,898.4086111111112,0,0,0,0,0,1,0,0,0,-0.4101084820413506
281,2020,17,43.263,-2.9349,2207776.0,6_collective_security,2451.5691666666626,0,0,0,0,0,1,0,0,0,-0.3601410758244531
282,2020,18,42.2871,-2.5396,316798.0,6_collective_security,345.72111111111207,0,0,0,0,0,1,0,0,0,-0.44655744236513684
283,2020,9,35.8894,-5.3198,84777.0,6_collective_security,432.30444444444413,0,0,0,0,0,1,0,0,0,-0.44304508127999714
284,2020,10,35.293,-2.9387,86487.0,6_collective_security,241.79055555555527,0,0,0,0,0,1,0,0,0,-0.4489010609878904
285,2020,0,37.3873,-5.9869,8414240.0,7_forgeries,3573.0713888888854,0,0,0,0,0,0,1,0,0,-0.31501003845311504
286,2020,1,41.6488,-0.8891,1319291.0,7_forgeries,399.7025,0,0,0,0,0,0,1,0,0,-0.4442320931909791
287,2020,2,43.3619,-5.8494,1022800.0,7_forgeries,211.9683333333333,0,0,0,0,0,0,1,0,0,-0.4525840507193259
288,2020,3,39.5712,2.6466,1149460.0,7_forgeries,557.295277777778,0,0,0,0,0,0,1,0,0,-0.43668003114651066
289,2020,5,28.2916,-16.6291,2153389.0,7_forgeries,894.8605555555553,0,0,0,0,0,0,1,0,0,-0.4249817628838695
290,2020,4,43.1828,-3.9878,581078.0,7_forgeries,133.03222222222226,0,0,0,0,0,0,1,0,0,-0.4550417169037384
291,2020,7,41.6523,-4.7245,2399548.0,7_forgeries,848.695277777778,0,0,0,0,0,0,1,0,0,-0.428967148540193
292,2020,6,39.8628,-4.0273,2032863.0,7_forgeries,912.4577777777776,0,0,0,0,0,0,1,0,0,-0.41937228021292966
293,2020,8,41.3851,2.1734,7675217.0,7_forgeries,3315.292500000001,0,0,0,0,0,0,1,0,0,-0.32587250846475246
294,2020,11,39.4699,-0.3763,5003769.0,7_forgeries,2858.344166666666,0,0,0,0,0,0,1,0,0,-0.3416220077108404
295,2020,12,39.4765,-6.3722,1067710.0,7_forgeries,391.43861111111136,0,0,0,0,0,0,1,0,0,-0.4438766060057879
296,2020,13,42.5751,-8.1339,2699499.0,7_forgeries,787.9802777777792,0,0,0,0,0,0,1,0,0,-0.42938627048789996
297,2020,14,40.4168,-3.7038,6663394.0,7_forgeries,3214.1250000000014,0,0,0,0,0,0,1,0,0,-0.32263491703511266
298,2020,15,37.9922,-1.1307,1493898.0,7_forgeries,541.9158333333336,0,0,0,0,0,0,1,0,0,-0.43540991523787703
299,2020,16,42.6954,-1.6761,654214.0,7_forgeries,374.0561111111109,0,0,0,0,0,0,1,0,0,-0.4474862794987869
300,2020,17,43.263,-2.9349,2207776.0,7_forgeries,977.3819444444449,0,0,0,0,0,0,1,0,0,-0.41933250978716
301,2020,18,42.2871,-2.5396,316798.0,7_forgeries,78.45333333333335,0,0,0,0,0,0,1,0,0,-0.4576270541084802
302,2020,9,35.8894,-5.3198,84777.0,7_forgeries,467.7372222222224,0,0,0,0,0,0,1,0,0,-0.43930781064574
303,2020,10,35.293,-2.9387,86487.0,7_forgeries,96.12972222222228,0,0,0,0,0,0,1,0,0,-0.4534118923532973
304,2020,0,37.3873,-5.9869,8414240.0,8_public_administration,303.00944444444445,0,0,0,0,0,0,0,1,0,-0.4557155247648884
305,2020,1,41.6488,-0.8891,1319291.0,8_public_administration,26.288055555555555,0,0,0,0,0,0,0,1,0,-0.4598078233931386
306,2020,2,43.3619,-5.8494,1022800.0,8_public_administration,18.57972222222222,0,0,0,0,0,0,0,1,0,-0.4598880387011647
307,2020,3,39.5712,2.6466,1149460.0,8_public_administration,57.746666666666655,0,0,0,0,0,0,0,1,0,-0.4595876772217076
308,2020,5,28.2916,-16.6291,2153389.0,8_public_administration,235.07277777777776,0,0,0,0,0,0,0,1,0,-0.4578609112428769
309,2020,4,43.1828,-3.9878,581078.0,8_public_administration,16.675277777777772,0,0,0,0,0,0,0,1,0,-0.45996341127057666
310,2020,7,41.6523,-4.7245,2399548.0,8_public_administration,38.87777777777779,0,0,0,0,0,0,0,1,0,-0.45930274793745474
311,2020,6,39.8628,-4.0273,2032863.0,8_public_administration,52.57000000000001,0,0,0,0,0,0,0,1,0,-0.45834065272532487
312,2020,8,41.3851,2.1734,7675217.0,8_public_administration,170.12194444444447,0,0,0,0,0,0,0,1,0,-0.45757795833819104
313,2020,11,39.4699,-0.3763,5003769.0,8_public_administration,129.5905555555556,0,0,0,0,0,0,0,1,0,-0.4574745867019025
314,2020,12,39.4765,-6.3722,1067710.0,8_public_administration,28.26972222222222,0,0,0,0,0,0,0,1,0,-0.4597602596592864
315,2020,13,42.5751,-8.1339,2699499.0,8_public_administration,43.73250000000001,0,0,0,0,0,0,0,1,0,-0.4593497958947938
316,2020,14,40.4168,-3.7038,6663394.0,8_public_administration,150.4616666666668,0,0,0,0,0,0,0,1,0,-0.4577535033444664
317,2020,15,37.9922,-1.1307,1493898.0,8_public_administration,39.263611111111096,0,0,0,0,0,0,0,1,0,-0.4593556636690625
318,2020,16,42.6954,-1.6761,654214.0,8_public_administration,29.241666666666667,0,0,0,0,0,0,0,1,0,-0.4593652691948819
319,2020,17,43.263,-2.9349,2207776.0,8_public_administration,31.92500000000001,0,0,0,0,0,0,0,1,0,-0.4594989094936571
320,2020,18,42.2871,-2.5396,316798.0,8_public_administration,14.598055555555547,0,0,0,0,0,0,0,1,0,-0.4599131628909686
321,2020,9,35.8894,-5.3198,84777.0,8_public_administration,24.235833333333343,0,0,0,0,0,0,0,1,0,-0.45969240369785985
322,2020,10,35.293,-2.9387,86487.0,8_public_administration,14.443333333333328,0,0,0,0,0,0,0,1,0,-0.4599885181666246
323,2020,0,37.3873,-5.9869,8414240.0,9_justice_administration,6253.8911111111165,0,0,0,0,0,0,0,0,1,-0.21161089661116
324,2020,1,41.6488,-0.8891,1319291.0,9_justice_administration,665.2872222222226,0,0,0,0,0,0,0,0,1,-0.43293169393834635
325,2020,2,43.3619,-5.8494,1022800.0,9_justice_administration,626.3075000000002,0,0,0,0,0,0,0,0,1,-0.4382409596644736
326,2020,3,39.5712,2.6466,1149460.0,9_justice_administration,997.1327777777772,0,0,0,0,0,0,0,0,1,-0.4215309234995081
327,2020,5,28.2916,-16.6291,2153389.0,9_justice_administration,1475.2063888888895,0,0,0,0,0,0,0,0,1,-0.399509032464876
328,2020,4,43.1828,-3.9878,581078.0,9_justice_administration,275.92888888888865,0,0,0,0,0,0,0,0,1,-0.4488993236847396
329,2020,7,41.6523,-4.7245,2399548.0,9_justice_administration,1064.0747222222221,0,0,0,0,0,0,0,0,1,-0.41730326004637
330,2020,6,39.8628,-4.0273,2032863.0,9_justice_administration,1048.5983333333334,0,0,0,0,0,0,0,0,1,-0.4163185197657726
331,2020,8,41.3851,2.1734,7675217.0,9_justice_administration,3423.707777777769,0,0,0,0,0,0,0,0,1,-0.32713539846068596
332,2020,11,39.4699,-0.3763,5003769.0,9_justice_administration,4494.7425,0,0,0,0,0,0,0,0,1,-0.2907064966529625
333,2020,12,39.4765,-6.3722,1067710.0,9_justice_administration,675.2202777777779,0,0,0,0,0,0,0,0,1,-0.43575357718225327
334,2020,13,42.5751,-8.1339,2699499.0,9_justice_administration,1243.0266666666666,0,0,0,0,0,0,0,0,1,-0.41006886332845494
335,2020,14,40.4168,-3.7038,6663394.0,9_justice_administration,4222.921666666667,0,0,0,0,0,0,0,0,1,-0.2876376080030288
336,2020,15,37.9922,-1.1307,1493898.0,9_justice_administration,877.4044444444442,0,0,0,0,0,0,0,0,1,-0.42237807065181976
337,2020,16,42.6954,-1.6761,654214.0,9_justice_administration,344.18694444444463,0,0,0,0,0,0,0,0,1,-0.44534759011754843
338,2020,17,43.263,-2.9349,2207776.0,9_justice_administration,1405.1541666666665,0,0,0,0,0,0,0,0,1,-0.40249929894525366
339,2020,18,42.2871,-2.5396,316798.0,9_justice_administration,166.27611111111108,0,0,0,0,0,0,0,0,1,-0.4530345831624539
340,2020,9,35.8894,-5.3198,84777.0,9_justice_administration,187.4322222222222,0,0,0,0,0,0,0,0,1,-0.4534652572024584
341,2020,10,35.293,-2.9387,86487.0,9_justice_administration,94.96444444444444,0,0,0,0,0,0,0,0,1,-0.4569520051685775
342,2021,0,37.3873,-5.9869,8414240.0,1_against_people,39193.46916666666,1,0,0,0,0,0,0,0,0,0.9148185669891504
343,2021,1,41.6488,-0.8891,1319291.0,1_against_people,4165.644166666668,1,0,0,0,0,0,0,0,0,-0.2887268213553983
344,2021,2,43.3619,-5.8494,1022800.0,1_against_people,3216.833611111109,1,0,0,0,0,0,0,0,0,-0.33588499728949056
345,2021,3,39.5712,2.6466,1149460.0,1_against_people,7070.700833333342,1,0,0,0,0,0,0,0,0,-0.16872779177521946
346,2021,5,28.2916,-16.6291,2153389.0,1_against_people,12128.941388888892,1,0,0,0,0,0,0,0,0,0.0007207358458583674
347,2021,4,43.1828,-3.9878,581078.0,1_against_people,1920.2622222222217,1,0,0,0,0,0,0,0,0,-0.38179599423586247
348,2021,7,41.6523,-4.7245,2399548.0,1_against_people,6810.446944444442,1,0,0,0,0,0,0,0,0,-0.1819764893772987
349,2021,6,39.8628,-4.0273,2032863.0,1_against_people,6342.028055555558,1,0,0,0,0,0,0,0,0,-0.19430863880384647
350,2021,8,41.3851,2.1734,7675217.0,1_against_people,20574.881666666657,1,0,0,0,0,0,0,0,0,0.33983897624840637
351,2021,11,39.4699,-0.3763,5003769.0,1_against_people,23493.541388888865,1,0,0,0,0,0,0,0,0,0.39232597475562225
352,2021,12,39.4765,-6.3722,1067710.0,1_against_people,3371.050277777777,1,0,0,0,0,0,0,0,0,-0.33860915411090775
353,2021,13,42.5751,-8.1339,2699499.0,1_against_people,7404.859722222219,1,0,0,0,0,0,0,0,0,-0.15230523640497792
354,2021,14,40.4168,-3.7038,6663394.0,1_against_people,25503.28472222222,1,0,0,0,0,0,0,0,0,0.6130308738608482
355,2021,15,37.9922,-1.1307,1493898.0,1_against_people,6062.220000000001,1,0,0,0,0,0,0,0,0,-0.22564978822404771
356,2021,16,42.6954,-1.6761,654214.0,1_against_people,2904.213611111109,1,0,0,0,0,0,0,0,0,-0.36128955212875163
357,2021,17,43.263,-2.9349,2207776.0,1_against_people,6114.236388888888,1,0,0,0,0,0,0,0,0,-0.21067059488950793
358,2021,18,42.2871,-2.5396,316798.0,1_against_people,1098.7047222222232,1,0,0,0,0,0,0,0,0,-0.42022771289641464
359,2021,9,35.8894,-5.3198,84777.0,1_against_people,795.0027777777785,1,0,0,0,0,0,0,0,0,-0.4328882910041114
360,2021,10,35.293,-2.9387,86487.0,1_against_people,926.0547222222217,1,0,0,0,0,0,0,0,0,-0.42550373409890974
361,2021,0,37.3873,-5.9869,8414240.0,2_against_freedom,24015.819444444456,0,1,0,0,0,0,0,0,0,0.4974028044792256
362,2021,1,41.6488,-0.8891,1319291.0,2_against_freedom,3416.830833333335,0,1,0,0,0,0,0,0,0,-0.3757398274860294
363,2021,2,43.3619,-5.8494,1022800.0,2_against_freedom,3104.131944444445,0,1,0,0,0,0,0,0,0,-0.38995062437661615
364,2021,3,39.5712,2.6466,1149460.0,2_against_freedom,4637.197777777778,0,1,0,0,0,0,0,0,0,-0.2874529524724882
365,2021,5,28.2916,-16.6291,2153389.0,2_against_freedom,10044.179999999998,0,1,0,0,0,0,0,0,0,-0.11256196961663265
366,2021,4,43.1828,-3.9878,581078.0,2_against_freedom,1603.9388888888886,0,1,0,0,0,0,0,0,0,-0.40667028736246447
367,2021,7,41.6523,-4.7245,2399548.0,2_against_freedom,6910.221944444441,0,1,0,0,0,0,0,0,0,-0.25815095823494644
368,2021,6,39.8628,-4.0273,2032863.0,2_against_freedom,5100.819444444444,0,1,0,0,0,0,0,0,0,-0.2859506763304642
369,2021,8,41.3851,2.1734,7675217.0,2_against_freedom,18660.691944444447,0,1,0,0,0,0,0,0,0,0.24966358012861817
370,2021,11,39.4699,-0.3763,5003769.0,2_against_freedom,13913.064444444446,0,1,0,0,0,0,0,0,0,0.024662969085962827
371,2021,12,39.4765,-6.3722,1067710.0,2_against_freedom,3204.7797222222216,0,1,0,0,0,0,0,0,0,-0.37221795038001954
372,2021,13,42.5751,-8.1339,2699499.0,2_against_freedom,6759.635833333335,0,1,0,0,0,0,0,0,0,-0.23610856518461462
373,2021,14,40.4168,-3.7038,6663394.0,2_against_freedom,15965.957222222223,0,1,0,0,0,0,0,0,0,0.10634682823666032
374,2021,15,37.9922,-1.1307,1493898.0,2_against_freedom,4093.6208333333343,0,1,0,0,0,0,0,0,0,-0.3259972818323966
375,2021,16,42.6954,-1.6761,654214.0,2_against_freedom,2881.832777777778,0,1,0,0,0,0,0,0,0,-0.39395068241346254
376,2021,17,43.263,-2.9349,2207776.0,2_against_freedom,8159.368055555557,0,1,0,0,0,0,0,0,0,-0.1607744258463404
377,2021,18,42.2871,-2.5396,316798.0,2_against_freedom,856.1838888888881,0,1,0,0,0,0,0,0,0,-0.44107215418264145
378,2021,9,35.8894,-5.3198,84777.0,2_against_freedom,449.695,0,1,0,0,0,0,0,0,0,-0.4500125444983271
379,2021,10,35.293,-2.9387,86487.0,2_against_freedom,489.5925,0,1,0,0,0,0,0,0,0,-0.44728254319366445
380,2021,0,37.3873,-5.9869,8414240.0,3_sexual_freedom,2248.0786111111115,0,0,1,0,0,0,0,0,0,-0.3715970454030623
381,2021,1,41.6488,-0.8891,1319291.0,3_sexual_freedom,391.17944444444436,0,0,1,0,0,0,0,0,0,-0.44788324008309177
382,2021,2,43.3619,-5.8494,1022800.0,3_sexual_freedom,295.39611111111105,0,0,1,0,0,0,0,0,0,-0.45306107522686484
383,2021,3,39.5712,2.6466,1149460.0,3_sexual_freedom,661.5536111111112,0,0,1,0,0,0,0,0,0,-0.43650628410038494
384,2021,5,28.2916,-16.6291,2153389.0,3_sexual_freedom,870.1105555555555,0,0,1,0,0,0,0,0,0,-0.43091730725442995
385,2021,4,43.1828,-3.9878,581078.0,3_sexual_freedom,222.71666666666667,0,0,1,0,0,0,0,0,0,-0.4562939573061872
386,2021,7,41.6523,-4.7245,2399548.0,3_sexual_freedom,468.43055555555554,0,0,1,0,0,0,0,0,0,-0.44325842233312907
387,2021,6,39.8628,-4.0273,2032863.0,3_sexual_freedom,506.50611111111107,0,0,1,0,0,0,0,0,0,-0.4424168674778328
388,2021,8,41.3851,2.1734,7675217.0,3_sexual_freedom,2443.486388888889,0,0,1,0,0,0,0,0,0,-0.35985562024970175
389,2021,11,39.4699,-0.3763,5003769.0,3_sexual_freedom,1647.634444444445,0,0,1,0,0,0,0,0,0,-0.40025705473388606
390,2021,12,39.4765,-6.3722,1067710.0,3_sexual_freedom,284.4969444444444,0,0,1,0,0,0,0,0,0,-0.45268378958944366
391,2021,13,42.5751,-8.1339,2699499.0,3_sexual_freedom,538.8386111111114,0,0,1,0,0,0,0,0,0,-0.4392368588023906
392,2021,14,40.4168,-3.7038,6663394.0,3_sexual_freedom,2057.0230555555554,0,0,1,0,0,0,0,0,0,-0.38324154642648306
393,2021,15,37.9922,-1.1307,1493898.0,3_sexual_freedom,498.1422222222222,0,0,1,0,0,0,0,0,0,-0.4421064776821953
394,2021,16,42.6954,-1.6761,654214.0,3_sexual_freedom,303.0791666666666,0,0,1,0,0,0,0,0,0,-0.45061137225192666
395,2021,17,43.263,-2.9349,2207776.0,3_sexual_freedom,583.2427777777779,0,0,1,0,0,0,0,0,0,-0.4366926253105136
396,2021,18,42.2871,-2.5396,316798.0,3_sexual_freedom,197.71750000000006,0,0,1,0,0,0,0,0,0,-0.45736524004760604
397,2021,9,35.8894,-5.3198,84777.0,3_sexual_freedom,176.20000000000002,0,0,1,0,0,0,0,0,0,-0.45878197436285406
398,2021,10,35.293,-2.9387,86487.0,3_sexual_freedom,167.5175,0,0,1,0,0,0,0,0,0,-0.45890081278185896
399,2021,0,37.3873,-5.9869,8414240.0,4_family_relationships,1746.5574999999994,0,0,0,1,0,0,0,0,0,-0.4010891702211528
400,2021,1,41.6488,-0.8891,1319291.0,4_family_relationships,215.1558333333336,0,0,0,1,0,0,0,0,0,-0.4536389726972408
401,2021,2,43.3619,-5.8494,1022800.0,4_family_relationships,181.75277777777777,0,0,0,1,0,0,0,0,0,-0.4559257117951631
402,2021,3,39.5712,2.6466,1149460.0,4_family_relationships,259.55583333333334,0,0,0,1,0,0,0,0,0,-0.4531687933773694
403,2021,5,28.2916,-16.6291,2153389.0,4_family_relationships,988.5119444444448,0,0,0,1,0,0,0,0,0,-0.43138073836939933
404,2021,4,43.1828,-3.9878,581078.0,4_family_relationships,134.17916666666662,0,0,0,1,0,0,0,0,0,-0.45837001740844935
405,2021,7,41.6523,-4.7245,2399548.0,4_family_relationships,266.62777777777774,0,0,0,1,0,0,0,0,0,-0.45230187751421214
406,2021,6,39.8628,-4.0273,2032863.0,4_family_relationships,418.9933333333334,0,0,0,1,0,0,0,0,0,-0.44773343880566996
407,2021,8,41.3851,2.1734,7675217.0,4_family_relationships,1704.4577777777777,0,0,0,1,0,0,0,0,0,-0.4128611888794571
408,2021,11,39.4699,-0.3763,5003769.0,4_family_relationships,978.8399999999998,0,0,0,1,0,0,0,0,0,-0.4261955723322394
409,2021,12,39.4765,-6.3722,1067710.0,4_family_relationships,261.7388888888889,0,0,0,1,0,0,0,0,0,-0.45171917189273436
410,2021,13,42.5751,-8.1339,2699499.0,4_family_relationships,285.5391666666667,0,0,0,1,0,0,0,0,0,-0.45250751276355716
411,2021,14,40.4168,-3.7038,6663394.0,4_family_relationships,942.109444444445,0,0,0,1,0,0,0,0,0,-0.42813301956508926
412,2021,15,37.9922,-1.1307,1493898.0,4_family_relationships,689.8569444444443,0,0,0,1,0,0,0,0,0,-0.43809426052864076
413,2021,16,42.6954,-1.6761,654214.0,4_family_relationships,164.40472222222232,0,0,0,1,0,0,0,0,0,-0.456938113785541
414,2021,17,43.263,-2.9349,2207776.0,4_family_relationships,260.23055555555555,0,0,0,1,0,0,0,0,0,-0.453189268541079
415,2021,18,42.2871,-2.5396,316798.0,4_family_relationships,131.11249999999998,0,0,0,1,0,0,0,0,0,-0.4590953946793688
416,2021,9,35.8894,-5.3198,84777.0,4_family_relationships,136.3911111111111,0,0,0,1,0,0,0,0,0,-0.4589259196779069
417,2021,10,35.293,-2.9387,86487.0,4_family_relationships,124.13305555555557,0,0,0,1,0,0,0,0,0,-0.459036583103352
418,2021,0,37.3873,-5.9869,8414240.0,5_property_crimes,244746.735,0,0,0,0,1,0,0,0,0,8.81371381922435
419,2021,1,41.6488,-0.8891,1319291.0,5_property_crimes,29133.951111111113,0,0,0,0,1,0,0,0,0,0.6932949321358546
420,2021,2,43.3619,-5.8494,1022800.0,5_property_crimes,18225.705277777775,0,0,0,0,1,0,0,0,0,0.2556627282961386
421,2021,3,39.5712,2.6466,1149460.0,5_property_crimes,54186.15277777778,0,0,0,0,1,0,0,0,0,1.7088502376638663
422,2021,5,28.2916,-16.6291,2153389.0,5_property_crimes,61230.96138888889,0,0,0,0,1,0,0,0,0,1.9576554245061966
423,2021,4,43.1828,-3.9878,581078.0,5_property_crimes,12383.662222222207,0,0,0,0,1,0,0,0,0,0.029632146462128407
424,2021,7,41.6523,-4.7245,2399548.0,5_property_crimes,54175.1252777778,0,0,0,0,1,0,0,0,0,1.6670078063128786
425,2021,6,39.8628,-4.0273,2032863.0,5_property_crimes,47156.45638888883,0,0,0,0,1,0,0,0,0,1.4221599531432125
426,2021,8,41.3851,2.1734,7675217.0,5_property_crimes,354290.6663888889,0,0,0,0,1,0,0,0,0,14.85129186409352
427,2021,11,39.4699,-0.3763,5003769.0,5_property_crimes,179758.20833333328,0,0,0,0,1,0,0,0,0,6.248394640534851
428,2021,12,39.4765,-6.3722,1067710.0,5_property_crimes,18461.021944444445,0,0,0,0,1,0,0,0,0,0.2449125050418639
429,2021,13,42.5751,-8.1339,2699499.0,5_property_crimes,53176.403611111105,0,0,0,0,1,0,0,0,0,1.6468908148308252
430,2021,14,40.4168,-3.7038,6663394.0,5_property_crimes,315133.431388889,0,0,0,0,1,0,0,0,0,12.140323087798324
431,2021,15,37.9922,-1.1307,1493898.0,5_property_crimes,39107.44222222223,0,0,0,0,1,0,0,0,0,1.0921067548988659
432,2021,16,42.6954,-1.6761,654214.0,5_property_crimes,18343.894444444442,0,0,0,0,1,0,0,0,0,0.30618983239849906
433,2021,17,43.263,-2.9349,2207776.0,5_property_crimes,63402.969444444454,0,0,0,0,1,0,0,0,0,2.144756711590831
434,2021,18,42.2871,-2.5396,316798.0,5_property_crimes,6029.269166666668,0,0,0,0,1,0,0,0,0,-0.23262108818204127
435,2021,9,35.8894,-5.3198,84777.0,5_property_crimes,2562.6727777777774,0,0,0,0,1,0,0,0,0,-0.3762344425393364
436,2021,10,35.293,-2.9387,86487.0,5_property_crimes,2930.092500000003,0,0,0,0,1,0,0,0,0,-0.3392348898738257
437,2021,0,37.3873,-5.9869,8414240.0,6_collective_security,14068.496944444469,0,0,0,0,0,1,0,0,0,0.07758113386096759
438,2021,1,41.6488,-0.8891,1319291.0,6_collective_security,1134.8708333333323,0,0,0,0,0,1,0,0,0,-0.412757107238725
439,2021,2,43.3619,-5.8494,1022800.0,6_collective_security,1095.6730555555553,0,0,0,0,0,1,0,0,0,-0.417686832767218
440,2021,3,39.5712,2.6466,1149460.0,6_collective_security,2620.2230555555557,0,0,0,0,0,1,0,0,0,-0.35644514934776755
441,2021,5,28.2916,-16.6291,2153389.0,6_collective_security,3425.0238888888894,0,0,0,0,0,1,0,0,0,-0.33155734207726517
442,2021,4,43.1828,-3.9878,581078.0,6_collective_security,771.1216666666669,0,0,0,0,0,1,0,0,0,-0.4323551580829112
443,2021,7,41.6523,-4.7245,2399548.0,6_collective_security,2547.0430555555554,0,0,0,0,0,1,0,0,0,-0.3564556262660906
444,2021,6,39.8628,-4.0273,2032863.0,6_collective_security,2632.455277777778,0,0,0,0,0,1,0,0,0,-0.3497965035498991
445,2021,8,41.3851,2.1734,7675217.0,6_collective_security,8153.667222222223,0,0,0,0,0,1,0,0,0,-0.1276948300035369
446,2021,11,39.4699,-0.3763,5003769.0,6_collective_security,7878.66,0,0,0,0,0,1,0,0,0,-0.16758577960078036
447,2021,12,39.4765,-6.3722,1067710.0,6_collective_security,1059.5655555555556,0,0,0,0,0,1,0,0,0,-0.4170571992091784
448,2021,13,42.5751,-8.1339,2699499.0,6_collective_security,4409.45,0,0,0,0,0,1,0,0,0,-0.2779003687248774
449,2021,14,40.4168,-3.7038,6663394.0,6_collective_security,6166.503055555537,0,0,0,0,0,1,0,0,0,-0.2027687149518675
450,2021,15,37.9922,-1.1307,1493898.0,6_collective_security,1616.3322222222248,0,0,0,0,0,1,0,0,0,-0.4017149076100672
451,2021,16,42.6954,-1.6761,654214.0,6_collective_security,952.6074999999998,0,0,0,0,0,1,0,0,0,-0.4101084820413506
452,2021,17,43.263,-2.9349,2207776.0,6_collective_security,2453.7502777777736,0,0,0,0,0,1,0,0,0,-0.3601410758244531
453,2021,18,42.2871,-2.5396,316798.0,6_collective_security,400.3308333333341,0,0,0,0,0,1,0,0,0,-0.44655744236513684
454,2021,9,35.8894,-5.3198,84777.0,6_collective_security,476.58833333333286,0,0,0,0,0,1,0,0,0,-0.44304508127999714
455,2021,10,35.293,-2.9387,86487.0,6_collective_security,305.59722222222246,0,0,0,0,0,1,0,0,0,-0.4489010609878904
456,2021,0,37.3873,-5.9869,8414240.0,7_forgeries,3570.268055555552,0,0,0,0,0,0,1,0,0,-0.31501003845311504
457,2021,1,41.6488,-0.8891,1319291.0,7_forgeries,526.6402777777778,0,0,0,0,0,0,1,0,0,-0.4442320931909791
458,2021,2,43.3619,-5.8494,1022800.0,7_forgeries,334.57083333333327,0,0,0,0,0,0,1,0,0,-0.4525840507193259
459,2021,3,39.5712,2.6466,1149460.0,7_forgeries,713.7769444444452,0,0,0,0,0,0,1,0,0,-0.43668003114651066
460,2021,5,28.2916,-16.6291,2153389.0,7_forgeries,911.6969444444442,0,0,0,0,0,0,1,0,0,-0.4249817628838695
461,2021,4,43.1828,-3.9878,581078.0,7_forgeries,269.84027777777754,0,0,0,0,0,0,1,0,0,-0.4550417169037384
462,2021,7,41.6523,-4.7245,2399548.0,7_forgeries,869.298888888889,0,0,0,0,0,0,1,0,0,-0.428967148540193
463,2021,6,39.8628,-4.0273,2032863.0,7_forgeries,984.6211111111108,0,0,0,0,0,0,1,0,0,-0.41937228021292966
464,2021,8,41.3851,2.1734,7675217.0,7_forgeries,3317.7569444444453,0,0,0,0,0,0,1,0,0,-0.32587250846475246
465,2021,11,39.4699,-0.3763,5003769.0,7_forgeries,2897.2333333333327,0,0,0,0,0,0,1,0,0,-0.3416220077108404
466,2021,12,39.4765,-6.3722,1067710.0,7_forgeries,533.0688888888889,0,0,0,0,0,0,1,0,0,-0.4438766060057879
467,2021,13,42.5751,-8.1339,2699499.0,7_forgeries,823.4808333333345,0,0,0,0,0,0,1,0,0,-0.42938627048789996
468,2021,14,40.4168,-3.7038,6663394.0,7_forgeries,3389.4858333333345,0,0,0,0,0,0,1,0,0,-0.32263491703511266
469,2021,15,37.9922,-1.1307,1493898.0,7_forgeries,723.6736111111109,0,0,0,0,0,0,1,0,0,-0.43540991523787703
470,2021,16,42.6954,-1.6761,654214.0,7_forgeries,501.0255555555555,0,0,0,0,0,0,1,0,0,-0.4474862794987869
471,2021,17,43.263,-2.9349,2207776.0,7_forgeries,1049.8888888888885,0,0,0,0,0,0,1,0,0,-0.41933250978716
472,2021,18,42.2871,-2.5396,316798.0,7_forgeries,243.70194444444434,0,0,0,0,0,0,1,0,0,-0.4576270541084802
473,2021,9,35.8894,-5.3198,84777.0,7_forgeries,580.2519444444446,0,0,0,0,0,0,1,0,0,-0.43930781064574
474,2021,10,35.293,-2.9387,86487.0,7_forgeries,265.2730555555554,0,0,0,0,0,0,1,0,0,-0.4534118923532973
475,2021,0,37.3873,-5.9869,8414240.0,8_public_administration,304.99944444444446,0,0,0,0,0,0,0,1,0,-0.4557155247648884
476,2021,1,41.6488,-0.8891,1319291.0,8_public_administration,56.29638888888889,0,0,0,0,0,0,0,1,0,-0.4598078233931386
477,2021,2,43.3619,-5.8494,1022800.0,8_public_administration,52.042777777777786,0,0,0,0,0,0,0,1,0,-0.4598880387011647
478,2021,3,39.5712,2.6466,1149460.0,8_public_administration,87.47083333333333,0,0,0,0,0,0,0,1,0,-0.4595876772217076
479,2021,5,28.2916,-16.6291,2153389.0,8_public_administration,252.07083333333338,0,0,0,0,0,0,0,1,0,-0.4578609112428769
480,2021,4,43.1828,-3.9878,581078.0,8_public_administration,48.28055555555553,0,0,0,0,0,0,0,1,0,-0.45996341127057666
481,2021,7,41.6523,-4.7245,2399548.0,8_public_administration,66.68388888888889,0,0,0,0,0,0,0,1,0,-0.45930274793745474
482,2021,6,39.8628,-4.0273,2032863.0,8_public_administration,87.06333333333332,0,0,0,0,0,0,0,1,0,-0.45834065272532487
483,2021,8,41.3851,2.1734,7675217.0,8_public_administration,174.0427777777778,0,0,0,0,0,0,0,1,0,-0.45757795833819104
484,2021,11,39.4699,-0.3763,5003769.0,8_public_administration,133.313888888889,0,0,0,0,0,0,0,1,0,-0.4574745867019025
485,2021,12,39.4765,-6.3722,1067710.0,8_public_administration,64.26944444444445,0,0,0,0,0,0,0,1,0,-0.4597602596592864
486,2021,13,42.5751,-8.1339,2699499.0,8_public_administration,73.40777777777777,0,0,0,0,0,0,0,1,0,-0.4593497958947938
487,2021,14,40.4168,-3.7038,6663394.0,8_public_administration,155.10083333333344,0,0,0,0,0,0,0,1,0,-0.4577535033444664
488,2021,15,37.9922,-1.1307,1493898.0,8_public_administration,72.77027777777779,0,0,0,0,0,0,0,1,0,-0.4593556636690625
489,2021,16,42.6954,-1.6761,654214.0,8_public_administration,62.95388888888888,0,0,0,0,0,0,0,1,0,-0.4593652691948819
490,2021,17,43.263,-2.9349,2207776.0,8_public_administration,57.400555555555535,0,0,0,0,0,0,0,1,0,-0.4594989094936571
491,2021,18,42.2871,-2.5396,316798.0,8_public_administration,58.27305555555556,0,0,0,0,0,0,0,1,0,-0.4599131628909686
492,2021,9,35.8894,-5.3198,84777.0,8_public_administration,62.5511111111111,0,0,0,0,0,0,0,1,0,-0.45969240369785985
493,2021,10,35.293,-2.9387,86487.0,8_public_administration,59.051666666666655,0,0,0,0,0,0,0,1,0,-0.4599885181666246
494,2021,0,37.3873,-5.9869,8414240.0,9_justice_administration,6212.803333333336,0,0,0,0,0,0,0,0,1,-0.21161089661116
495,2021,1,41.6488,-0.8891,1319291.0,9_justice_administration,837.288888888889,0,0,0,0,0,0,0,0,1,-0.43293169393834635
496,2021,2,43.3619,-5.8494,1022800.0,9_justice_administration,837.0575000000003,0,0,0,0,0,0,0,0,1,-0.4382409596644736
497,2021,3,39.5712,2.6466,1149460.0,9_justice_administration,1125.81,0,0,0,0,0,0,0,0,1,-0.4215309234995081
498,2021,5,28.2916,-16.6291,2153389.0,9_justice_administration,1969.2397222222226,0,0,0,0,0,0,0,0,1,-0.399509032464876
499,2021,4,43.1828,-3.9878,581078.0,9_justice_administration,409.3049999999998,0,0,0,0,0,0,0,0,1,-0.4488993236847396
500,2021,7,41.6523,-4.7245,2399548.0,9_justice_administration,1203.3125000000002,0,0,0,0,0,0,0,0,1,-0.41730326004637
501,2021,6,39.8628,-4.0273,2032863.0,9_justice_administration,1240.263888888889,0,0,0,0,0,0,0,0,1,-0.4163185197657726
502,2021,8,41.3851,2.1734,7675217.0,9_justice_administration,3476.9699999999953,0,0,0,0,0,0,0,0,1,-0.32713539846068596
503,2021,11,39.4699,-0.3763,5003769.0,9_justice_administration,4632.443611111111,0,0,0,0,0,0,0,0,1,-0.2907064966529625
504,2021,12,39.4765,-6.3722,1067710.0,9_justice_administration,871.1919444444446,0,0,0,0,0,0,0,0,1,-0.43575357718225327
505,2021,13,42.5751,-8.1339,2699499.0,9_justice_administration,1292.3938888888888,0,0,0,0,0,0,0,0,1,-0.41006886332845494
506,2021,14,40.4168,-3.7038,6663394.0,9_justice_administration,4245.163055555556,0,0,0,0,0,0,0,0,1,-0.2876376080030288
507,2021,15,37.9922,-1.1307,1493898.0,9_justice_administration,958.633333333333,0,0,0,0,0,0,0,0,1,-0.42237807065181976
508,2021,16,42.6954,-1.6761,654214.0,9_justice_administration,488.0697222222223,0,0,0,0,0,0,0,0,1,-0.44534759011754843
509,2021,17,43.263,-2.9349,2207776.0,9_justice_administration,1659.5541666666672,0,0,0,0,0,0,0,0,1,-0.40249929894525366
510,2021,18,42.2871,-2.5396,316798.0,9_justice_administration,261.75361111111107,0,0,0,0,0,0,0,0,1,-0.4530345831624539
511,2021,9,35.8894,-5.3198,84777.0,9_justice_administration,271.358611111111,0,0,0,0,0,0,0,0,1,-0.4534652572024584
512,2021,10,35.293,-2.9387,86487.0,9_justice_administration,177.55694444444444,0,0,0,0,0,0,0,0,1,-0.4569520051685775
