year,region,Latitude,Longitude,population,values_year,1_against_people_indicator,2_against_freedom_indicator,3_sexual_freedom_indicator,4_family_relationships_indicator,5_property_crimes_indicator,6_collective_security_indicator,7_forgeries_indicator,8_public_administration_indicator,9_justice_administration_indicator,values_year_minus_1,values_year_minus_2,values_year_minus_3
2019,0,37.3873,-5.9869,8.414.240,37130,1,0,0,0,0,0,0,0,0,35043.0,35087.0,33661.0
2019,1,41.6488,-0.8891,1.319.291,4760,1,0,0,0,0,0,0,0,0,4474.0,4146.0,4005.0
2019,2,43.3619,-5.8494,1.022.800,3368,1,0,0,0,0,0,0,0,0,3159.0,3160.0,3239.0
2019,3,39.5712,2.6466,1.149.460,8110,1,0,0,0,0,0,0,0,0,7545.0,7096.0,6609.0
2019,5,28.2916,-16.6291,2.153.389,12396,1,0,0,0,0,0,0,0,0,11805.0,11744.0,11021.0
2019,4,43.1828,-3.9878,581.078,2053,1,0,0,0,0,0,0,0,0,2110.0,1941.0,1971.0
2019,7,41.6523,-4.7245,2.399.548,7345,1,0,0,0,0,0,0,0,0,7213.0,7127.0,6922.0
2019,6,39.8628,-4.0273,2.032.863,7335,1,0,0,0,0,0,0,0,0,6828.0,6583.0,6383.0
2019,8,41.3851,2.1734,7.675.217,21109,1,0,0,0,0,0,0,0,0,20684.0,20582.0,19569.0
2019,11,39.4699,-0.3763,5.003.769,23332,1,0,0,0,0,0,0,0,0,22039.0,21164.0,20598.0
2019,12,39.4765,-6.3722,1.067.710,3185,1,0,0,0,0,0,0,0,0,3097.0,3184.0,3130.0
2019,13,42.5751,-8.1339,2.699.499,8027,1,0,0,0,0,0,0,0,0,8039.0,7927.0,7854.0
2019,14,40.4168,-3.7038,6.663.394,29288,1,0,0,0,0,0,0,0,0,27360.0,27093.0,25275.0
2019,15,37.9922,-1.1307,1.493.898,6237,1,0,0,0,0,0,0,0,0,6010.0,6033.0,5768.0
2019,16,42.6954,-1.6761,654.214,2693,1,0,0,0,0,0,0,0,0,2589.0,2427.0,2352.0
2019,17,43.263,-2.9349,2.207.776,6884,1,0,0,0,0,0,0,0,0,6391.0,6193.0,5393.0
2019,18,42.2871,-2.5396,316.798,1042,1,0,0,0,0,0,0,0,0,1057.0,1006.0,979.0
2019,9,35.8894,-5.3198,84.777,710,1,0,0,0,0,0,0,0,0,707.0,700.0,680.0
2019,10,35.293,-2.9387,86.487,931,1,0,0,0,0,0,0,0,0,874.0,889.0,888.0
2018,0,37.3873,-5.9869,8.384.408,35043,1,0,0,0,0,0,0,0,0,35087.0,33661.0,47420.0
2018,1,41.6488,-0.8891,1.308.728,4474,1,0,0,0,0,0,0,0,0,4146.0,4005.0,4735.0
2018,2,43.3619,-5.8494,1.028.244,3159,1,0,0,0,0,0,0,0,0,3160.0,3239.0,4238.0
2018,3,39.5712,2.6466,1.128.908,7545,1,0,0,0,0,0,0,0,0,7096.0,6609.0,7774.0
2018,5,28.2916,-16.6291,2.127.685,11805,1,0,0,0,0,0,0,0,0,11744.0,11021.0,15540.0
2018,4,43.1828,-3.9878,580.229,2110,1,0,0,0,0,0,0,0,0,1941.0,1971.0,2656.0
2018,7,41.6523,-4.7245,2.409.164,7213,1,0,0,0,0,0,0,0,0,7127.0,6922.0,10203.0
2018,6,39.8628,-4.0273,2.026.807,6828,1,0,0,0,0,0,0,0,0,6583.0,6383.0,8877.0
2018,8,41.3851,2.1734,7.600.065,20684,1,0,0,0,0,0,0,0,0,20582.0,19569.0,27269.0
2018,11,39.4699,-0.3763,4.963.703,22039,1,0,0,0,0,0,0,0,0,21164.0,20598.0,26573.0
2018,12,39.4765,-6.3722,1.072.863,3097,1,0,0,0,0,0,0,0,0,3184.0,3130.0,4245.0
2018,13,42.5751,-8.1339,2.701.743,8039,1,0,0,0,0,0,0,0,0,7927.0,7854.0,11296.0
2018,14,40.4168,-3.7038,6.578.079,27360,1,0,0,0,0,0,0,0,0,27093.0,25275.0,30615.0
2018,15,37.9922,-1.1307,1.478.509,6010,1,0,0,0,0,0,0,0,0,6033.0,5768.0,7534.0
2018,16,42.6954,-1.6761,647.554,2589,1,0,0,0,0,0,0,0,0,2427.0,2352.0,2945.0
2018,17,43.263,-2.9349,2.199.088,6391,1,0,0,0,0,0,0,0,0,6193.0,5393.0,8881.0
2018,18,42.2871,-2.5396,315.675,1057,1,0,0,0,0,0,0,0,0,1006.0,979.0,1176.0
2018,9,35.8894,-5.3198,85.144,707,1,0,0,0,0,0,0,0,0,700.0,680.0,697.0
2018,10,35.293,-2.9387,86.384,874,1,0,0,0,0,0,0,0,0,889.0,888.0,979.0
2017,0,37.3873,-5.9869,8.379.820,35087,1,0,0,0,0,0,0,0,0,33661.0,47420.0,59774.0
2017,1,41.6488,-0.8891,1.308.750,4146,1,0,0,0,0,0,0,0,0,4005.0,4735.0,5975.0
2017,2,43.3619,-5.8494,1.034.960,3160,1,0,0,0,0,0,0,0,0,3239.0,4238.0,5429.0
2017,3,39.5712,2.6466,1.115.999,7096,1,0,0,0,0,0,0,0,0,6609.0,7774.0,9299.0
2017,5,28.2916,-16.6291,2.108.121,11744,1,0,0,0,0,0,0,0,0,11021.0,15540.0,19560.0
2017,4,43.1828,-3.9878,580.295,1941,1,0,0,0,0,0,0,0,0,1971.0,2656.0,3312.0
2017,7,41.6523,-4.7245,2.425.801,7127,1,0,0,0,0,0,0,0,0,6922.0,10203.0,13110.0
2017,6,39.8628,-4.0273,2.031.479,6583,1,0,0,0,0,0,0,0,0,6383.0,8877.0,11389.0
2017,8,41.3851,2.1734,7.555.830,20582,1,0,0,0,0,0,0,0,0,19569.0,27269.0,36313.0
2017,11,39.4699,-0.3763,4.941.509,21164,1,0,0,0,0,0,0,0,0,20598.0,26573.0,33506.0
2017,12,39.4765,-6.3722,1.079.920,3184,1,0,0,0,0,0,0,0,0,3130.0,4245.0,5421.0
2017,13,42.5751,-8.1339,2.708.339,7927,1,0,0,0,0,0,0,0,0,7854.0,11296.0,14264.0
2017,14,40.4168,-3.7038,6.507.184,27093,1,0,0,0,0,0,0,0,0,25275.0,30615.0,35230.0
2017,15,37.9922,-1.1307,1.470.273,6033,1,0,0,0,0,0,0,0,0,5768.0,7534.0,8920.0
2017,16,42.6954,-1.6761,643.234,2427,1,0,0,0,0,0,0,0,0,2352.0,2945.0,4294.0
2017,17,43.263,-2.9349,2.194.158,6193,1,0,0,0,0,0,0,0,0,5393.0,8881.0,12313.0
2017,18,42.2871,-2.5396,315.381,1006,1,0,0,0,0,0,0,0,0,979.0,1176.0,1527.0
2017,9,35.8894,-5.3198,84.959,700,1,0,0,0,0,0,0,0,0,680.0,697.0,736.0
2017,10,35.293,-2.9387,86.120,889,1,0,0,0,0,0,0,0,0,888.0,979.0,1057.0
2016,0,37.3873,-5.9869,8.388.107,33661,1,0,0,0,0,0,0,0,0,47420.0,59774.0,56840.0
2016,1,41.6488,-0.8891,1.308.563,4005,1,0,0,0,0,0,0,0,0,4735.0,5975.0,6330.0
2016,2,43.3619,-5.8494,1.042.608,3239,1,0,0,0,0,0,0,0,0,4238.0,5429.0,5617.0
2016,3,39.5712,2.6466,1.107.220,6609,1,0,0,0,0,0,0,0,0,7774.0,9299.0,9030.0
2016,5,28.2916,-16.6291,2.101.924,11021,1,0,0,0,0,0,0,0,0,15540.0,19560.0,19224.0
2016,4,43.1828,-3.9878,582.206,1971,1,0,0,0,0,0,0,0,0,2656.0,3312.0,3180.0
2016,7,41.6523,-4.7245,2.447.519,6922,1,0,0,0,0,0,0,0,0,10203.0,13110.0,13015.0
2016,6,39.8628,-4.0273,2.041.631,6383,1,0,0,0,0,0,0,0,0,8877.0,11389.0,11134.0
2016,8,41.3851,2.1734,7.522.596,19569,1,0,0,0,0,0,0,0,0,27269.0,36313.0,35622.0
2016,11,39.4699,-0.3763,4.959.968,20598,1,0,0,0,0,0,0,0,0,26573.0,33506.0,32380.0
2016,12,39.4765,-6.3722,1.087.778,3130,1,0,0,0,0,0,0,0,0,4245.0,5421.0,5210.0
2016,13,42.5751,-8.1339,2.718.525,7854,1,0,0,0,0,0,0,0,0,11296.0,14264.0,14182.0
2016,14,40.4168,-3.7038,6.466.996,25275,1,0,0,0,0,0,0,0,0,30615.0,35230.0,35149.0
2016,15,37.9922,-1.1307,1.464.847,5768,1,0,0,0,0,0,0,0,0,7534.0,8920.0,8457.0
2016,16,42.6954,-1.6761,640.647,2352,1,0,0,0,0,0,0,0,0,2945.0,4294.0,3712.0
2016,17,43.263,-2.9349,2.189.534,5393,1,0,0,0,0,0,0,0,0,8881.0,12313.0,12268.0
2016,18,42.2871,-2.5396,315.794,979,1,0,0,0,0,0,0,0,0,1176.0,1527.0,1462.0
2016,9,35.8894,-5.3198,84.519,680,1,0,0,0,0,0,0,0,0,697.0,736.0,743.0
2016,10,35.293,-2.9387,86.026,888,1,0,0,0,0,0,0,0,0,979.0,1057.0,879.0
2015,0,37.3873,-5.9869,8.399.043,47420,1,0,0,0,0,0,0,0,0,59774.0,56840.0,59894.0
2015,1,41.6488,-0.8891,1.317.847,4735,1,0,0,0,0,0,0,0,0,5975.0,6330.0,5987.0
2015,2,43.3619,-5.8494,1.051.229,4238,1,0,0,0,0,0,0,0,0,5429.0,5617.0,5677.0
2015,3,39.5712,2.6466,1.104.479,7774,1,0,0,0,0,0,0,0,0,9299.0,9030.0,8966.0
2015,5,28.2916,-16.6291,2.100.306,15540,1,0,0,0,0,0,0,0,0,19560.0,19224.0,19993.0
2015,4,43.1828,-3.9878,585.179,2656,1,0,0,0,0,0,0,0,0,3312.0,3180.0,3292.0
2015,7,41.6523,-4.7245,2.472.052,10203,1,0,0,0,0,0,0,0,0,13110.0,13015.0,13943.0
2015,6,39.8628,-4.0273,2.059.191,8877,1,0,0,0,0,0,0,0,0,11389.0,11134.0,11949.0
2015,8,41.3851,2.1734,7.508.106,27269,1,0,0,0,0,0,0,0,0,36313.0,35622.0,37270.0
2015,11,39.4699,-0.3763,4.980.689,26573,1,0,0,0,0,0,0,0,0,33506.0,32380.0,33893.0
2015,12,39.4765,-6.3722,1.092.997,4245,1,0,0,0,0,0,0,0,0,5421.0,5210.0,5312.0
2015,13,42.5751,-8.1339,2.732.347,11296,1,0,0,0,0,0,0,0,0,14264.0,14182.0,14814.0
2015,14,40.4168,-3.7038,6.436.996,30615,1,0,0,0,0,0,0,0,0,35230.0,35149.0,37374.0
2015,15,37.9922,-1.1307,1.467.288,7534,1,0,0,0,0,0,0,0,0,8920.0,8457.0,9550.0
2015,16,42.6954,-1.6761,640.476,2945,1,0,0,0,0,0,0,0,0,4294.0,3712.0,2563.0
2015,17,43.263,-2.9349,2.189.257,8881,1,0,0,0,0,0,0,0,0,12313.0,12268.0,12425.0
2015,18,42.2871,-2.5396,317.053,1176,1,0,0,0,0,0,0,0,0,1527.0,1462.0,1623.0
2015,9,35.8894,-5.3198,84.263,697,1,0,0,0,0,0,0,0,0,736.0,743.0,812.0
2015,10,35.293,-2.9387,85.584,979,1,0,0,0,0,0,0,0,0,1057.0,879.0,887.0
2014,0,37.3873,-5.9869,8.402.305,59774,1,0,0,0,0,0,0,0,0,56840.0,59894.0,64275.0
2014,1,41.6488,-0.8891,1.325.385,5975,1,0,0,0,0,0,0,0,0,6330.0,5987.0,6848.0
2014,2,43.3619,-5.8494,1.061.756,5429,1,0,0,0,0,0,0,0,0,5617.0,5677.0,6256.0
2014,3,39.5712,2.6466,1.103.442,9299,1,0,0,0,0,0,0,0,0,9030.0,8966.0,9608.0
2014,5,28.2916,-16.6291,2.104.815,19560,1,0,0,0,0,0,0,0,0,19224.0,19993.0,21243.0
2014,4,43.1828,-3.9878,588.656,3312,1,0,0,0,0,0,0,0,0,3180.0,3292.0,3711.0
2014,7,41.6523,-4.7245,2.494.790,13110,1,0,0,0,0,0,0,0,0,13015.0,13943.0,14733.0
2014,6,39.8628,-4.0273,2.078.611,11389,1,0,0,0,0,0,0,0,0,11134.0,11949.0,12264.0
2014,8,41.3851,2.1734,7.518.903,36313,1,0,0,0,0,0,0,0,0,35622.0,37270.0,38159.0
2014,11,39.4699,-0.3763,5.004.844,33506,1,0,0,0,0,0,0,0,0,32380.0,33893.0,34817.0
2014,12,39.4765,-6.3722,1.099.632,5421,1,0,0,0,0,0,0,0,0,5210.0,5312.0,5655.0
2014,13,42.5751,-8.1339,2.748.695,14264,1,0,0,0,0,0,0,0,0,14182.0,14814.0,14957.0
2014,14,40.4168,-3.7038,6.454.440,35230,1,0,0,0,0,0,0,0,0,35149.0,37374.0,38965.0
2014,15,37.9922,-1.1307,1.466.818,8920,1,0,0,0,0,0,0,0,0,8457.0,9550.0,10017.0
2014,16,42.6954,-1.6761,640.790,4294,1,0,0,0,0,0,0,0,0,3712.0,2563.0,2961.0
2014,17,43.263,-2.9349,2.188.985,12313,1,0,0,0,0,0,0,0,0,12268.0,12425.0,12633.0
2014,18,42.2871,-2.5396,319.002,1527,1,0,0,0,0,0,0,0,0,1462.0,1623.0,1625.0
2014,9,35.8894,-5.3198,84.963,736,1,0,0,0,0,0,0,0,0,743.0,812.0,783.0
2014,10,35.293,-2.9387,84.509,1057,1,0,0,0,0,0,0,0,0,879.0,887.0,948.0
2013,0,37.3873,-5.9869,8.440.300,56840,1,0,0,0,0,0,0,0,0,59894.0,64275.0,63795.0
2013,1,41.6488,-0.8891,1.347.150,6330,1,0,0,0,0,0,0,0,0,5987.0,6848.0,6752.0
2013,2,43.3619,-5.8494,1.068.165,5617,1,0,0,0,0,0,0,0,0,5677.0,6256.0,6171.0
2013,3,39.5712,2.6466,1.111.674,9030,1,0,0,0,0,0,0,0,0,8966.0,9608.0,8938.0
2013,5,28.2916,-16.6291,2.118.679,19224,1,0,0,0,0,0,0,0,0,19993.0,21243.0,21268.0
2013,4,43.1828,-3.9878,591.888,3180,1,0,0,0,0,0,0,0,0,3292.0,3711.0,3564.0
2013,7,41.6523,-4.7245,2.519.875,13015,1,0,0,0,0,0,0,0,0,13943.0,14733.0,14241.0
2013,6,39.8628,-4.0273,2.100.998,11134,1,0,0,0,0,0,0,0,0,11949.0,12264.0,12305.0
2013,8,41.3851,2.1734,7.553.650,35622,1,0,0,0,0,0,0,0,0,37270.0,38159.0,37650.0
2013,11,39.4699,-0.3763,5.113.815,32380,1,0,0,0,0,0,0,0,0,33893.0,34817.0,34995.0
2013,12,39.4765,-6.3722,1.104.004,5210,1,0,0,0,0,0,0,0,0,5312.0,5655.0,6059.0
2013,13,42.5751,-8.1339,2.765.940,14182,1,0,0,0,0,0,0,0,0,14814.0,14957.0,14617.0
2013,14,40.4168,-3.7038,6.495.551,35149,1,0,0,0,0,0,0,0,0,37374.0,38965.0,39030.0
2013,15,37.9922,-1.1307,1.472.049,8457,1,0,0,0,0,0,0,0,0,9550.0,10017.0,9882.0
2013,16,42.6954,-1.6761,644.477,3712,1,0,0,0,0,0,0,0,0,2563.0,2961.0,2726.0
2013,17,43.263,-2.9349,2.191.682,12268,1,0,0,0,0,0,0,0,0,12425.0,12633.0,11792.0
2013,18,42.2871,-2.5396,322.027,1462,1,0,0,0,0,0,0,0,0,1623.0,1625.0,1695.0
2013,9,35.8894,-5.3198,84.180,743,1,0,0,0,0,0,0,0,0,812.0,783.0,833.0
2013,10,35.293,-2.9387,83.679,879,1,0,0,0,0,0,0,0,0,887.0,948.0,1011.0
2019,0,37.3873,-5.9869,8.414.240,25751,0,1,0,0,0,0,0,0,0,24513.0,24427.0,23184.0
2019,1,41.6488,-0.8891,1.319.291,2276,0,1,0,0,0,0,0,0,0,2233.0,2071.0,2134.0
2019,2,43.3619,-5.8494,1.022.800,1872,0,1,0,0,0,0,0,0,0,1751.0,1842.0,1824.0
2019,3,39.5712,2.6466,1.149.460,4718,0,1,0,0,0,0,0,0,0,4373.0,4377.0,4258.0
2019,5,28.2916,-16.6291,2.153.389,9328,0,1,0,0,0,0,0,0,0,8955.0,8825.0,8344.0
2019,4,43.1828,-3.9878,581.078,1455,0,1,0,0,0,0,0,0,0,1366.0,1344.0,1261.0
2019,7,41.6523,-4.7245,2.399.548,5398,0,1,0,0,0,0,0,0,0,5270.0,5083.0,5110.0
2019,6,39.8628,-4.0273,2.032.863,4655,0,1,0,0,0,0,0,0,0,4566.0,4362.0,4160.0
2019,8,41.3851,2.1734,7.675.217,18675,0,1,0,0,0,0,0,0,0,18562.0,18110.0,18226.0
2019,11,39.4699,-0.3763,5.003.769,13046,0,1,0,0,0,0,0,0,0,12488.0,12282.0,11726.0
2019,12,39.4765,-6.3722,1.067.710,2423,0,1,0,0,0,0,0,0,0,2198.0,2233.0,2092.0
2019,13,42.5751,-8.1339,2.699.499,5692,0,1,0,0,0,0,0,0,0,5819.0,5935.0,5838.0
2019,14,40.4168,-3.7038,6.663.394,15655,0,1,0,0,0,0,0,0,0,14497.0,14066.0,13350.0
2019,15,37.9922,-1.1307,1.493.898,3741,0,1,0,0,0,0,0,0,0,3414.0,3312.0,3032.0
2019,16,42.6954,-1.6761,654.214,1799,0,1,0,0,0,0,0,0,0,1681.0,1677.0,1812.0
2019,17,43.263,-2.9349,2.207.776,7779,0,1,0,0,0,0,0,0,0,7830.0,7722.0,7684.0
2019,18,42.2871,-2.5396,316.798,518,0,1,0,0,0,0,0,0,0,502.0,461.0,444.0
2019,9,35.8894,-5.3198,84.777,283,0,1,0,0,0,0,0,0,0,248.0,252.0,322.0
2019,10,35.293,-2.9387,86.487,296,0,1,0,0,0,0,0,0,0,340.0,356.0,290.0
2018,0,37.3873,-5.9869,8.384.408,24513,0,1,0,0,0,0,0,0,0,24427.0,23184.0,14587.0
2018,1,41.6488,-0.8891,1.308.728,2233,0,1,0,0,0,0,0,0,0,2071.0,2134.0,1384.0
2018,2,43.3619,-5.8494,1.028.244,1751,0,1,0,0,0,0,0,0,0,1842.0,1824.0,1155.0
2018,3,39.5712,2.6466,1.128.908,4373,0,1,0,0,0,0,0,0,0,4377.0,4258.0,2685.0
2018,5,28.2916,-16.6291,2.127.685,8955,0,1,0,0,0,0,0,0,0,8825.0,8344.0,5244.0
2018,4,43.1828,-3.9878,580.229,1366,0,1,0,0,0,0,0,0,0,1344.0,1261.0,864.0
2018,7,41.6523,-4.7245,2.409.164,5270,0,1,0,0,0,0,0,0,0,5083.0,5110.0,3208.0
2018,6,39.8628,-4.0273,2.026.807,4566,0,1,0,0,0,0,0,0,0,4362.0,4160.0,2707.0
2018,8,41.3851,2.1734,7.600.065,18562,0,1,0,0,0,0,0,0,0,18110.0,18226.0,15034.0
2018,11,39.4699,-0.3763,4.963.703,12488,0,1,0,0,0,0,0,0,0,12282.0,11726.0,7906.0
2018,12,39.4765,-6.3722,1.072.863,2198,0,1,0,0,0,0,0,0,0,2233.0,2092.0,1312.0
2018,13,42.5751,-8.1339,2.701.743,5819,0,1,0,0,0,0,0,0,0,5935.0,5838.0,3736.0
2018,14,40.4168,-3.7038,6.578.079,14497,0,1,0,0,0,0,0,0,0,14066.0,13350.0,8609.0
2018,15,37.9922,-1.1307,1.478.509,3414,0,1,0,0,0,0,0,0,0,3312.0,3032.0,2122.0
2018,16,42.6954,-1.6761,647.554,1681,0,1,0,0,0,0,0,0,0,1677.0,1812.0,977.0
2018,17,43.263,-2.9349,2.199.088,7830,0,1,0,0,0,0,0,0,0,7722.0,7684.0,6342.0
2018,18,42.2871,-2.5396,315.675,502,0,1,0,0,0,0,0,0,0,461.0,444.0,327.0
2018,9,35.8894,-5.3198,85.144,248,0,1,0,0,0,0,0,0,0,252.0,322.0,182.0
2018,10,35.293,-2.9387,86.384,340,0,1,0,0,0,0,0,0,0,356.0,290.0,172.0
2017,0,37.3873,-5.9869,8.379.820,24427,0,1,0,0,0,0,0,0,0,23184.0,14587.0,7364.0
2017,1,41.6488,-0.8891,1.308.750,2071,0,1,0,0,0,0,0,0,0,2134.0,1384.0,909.0
2017,2,43.3619,-5.8494,1.034.960,1842,0,1,0,0,0,0,0,0,0,1824.0,1155.0,494.0
2017,3,39.5712,2.6466,1.115.999,4377,0,1,0,0,0,0,0,0,0,4258.0,2685.0,1350.0
2017,5,28.2916,-16.6291,2.108.121,8825,0,1,0,0,0,0,0,0,0,8344.0,5244.0,2014.0
2017,4,43.1828,-3.9878,580.295,1344,0,1,0,0,0,0,0,0,0,1261.0,864.0,356.0
2017,7,41.6523,-4.7245,2.425.801,5083,0,1,0,0,0,0,0,0,0,5110.0,3208.0,1242.0
2017,6,39.8628,-4.0273,2.031.479,4362,0,1,0,0,0,0,0,0,0,4160.0,2707.0,1303.0
2017,8,41.3851,2.1734,7.555.830,18110,0,1,0,0,0,0,0,0,0,18226.0,15034.0,10222.0
2017,11,39.4699,-0.3763,4.941.509,12282,0,1,0,0,0,0,0,0,0,11726.0,7906.0,4413.0
2017,12,39.4765,-6.3722,1.079.920,2233,0,1,0,0,0,0,0,0,0,2092.0,1312.0,706.0
2017,13,42.5751,-8.1339,2.708.339,5935,0,1,0,0,0,0,0,0,0,5838.0,3736.0,1761.0
2017,14,40.4168,-3.7038,6.507.184,14066,0,1,0,0,0,0,0,0,0,13350.0,8609.0,3784.0
2017,15,37.9922,-1.1307,1.470.273,3312,0,1,0,0,0,0,0,0,0,3032.0,2122.0,1169.0
2017,16,42.6954,-1.6761,643.234,1677,0,1,0,0,0,0,0,0,0,1812.0,977.0,523.0
2017,17,43.263,-2.9349,2.194.158,7722,0,1,0,0,0,0,0,0,0,7684.0,6342.0,4788.0
2017,18,42.2871,-2.5396,315.381,461,0,1,0,0,0,0,0,0,0,444.0,327.0,194.0
2017,9,35.8894,-5.3198,84.959,252,0,1,0,0,0,0,0,0,0,322.0,182.0,109.0
2017,10,35.293,-2.9387,86.120,356,0,1,0,0,0,0,0,0,0,290.0,172.0,82.0
2016,0,37.3873,-5.9869,8.388.107,23184,0,1,0,0,0,0,0,0,0,14587.0,7364.0,7773.0
2016,1,41.6488,-0.8891,1.308.563,2134,0,1,0,0,0,0,0,0,0,1384.0,909.0,909.0
2016,2,43.3619,-5.8494,1.042.608,1824,0,1,0,0,0,0,0,0,0,1155.0,494.0,513.0
2016,3,39.5712,2.6466,1.107.220,4258,0,1,0,0,0,0,0,0,0,2685.0,1350.0,1327.0
2016,5,28.2916,-16.6291,2.101.924,8344,0,1,0,0,0,0,0,0,0,5244.0,2014.0,2103.0
2016,4,43.1828,-3.9878,582.206,1261,0,1,0,0,0,0,0,0,0,864.0,356.0,331.0
2016,7,41.6523,-4.7245,2.447.519,5110,0,1,0,0,0,0,0,0,0,3208.0,1242.0,1221.0
2016,6,39.8628,-4.0273,2.041.631,4160,0,1,0,0,0,0,0,0,0,2707.0,1303.0,1343.0
2016,8,41.3851,2.1734,7.522.596,18226,0,1,0,0,0,0,0,0,0,15034.0,10222.0,10144.0
2016,11,39.4699,-0.3763,4.959.968,11726,0,1,0,0,0,0,0,0,0,7906.0,4413.0,4454.0
2016,12,39.4765,-6.3722,1.087.778,2092,0,1,0,0,0,0,0,0,0,1312.0,706.0,663.0
2016,13,42.5751,-8.1339,2.718.525,5838,0,1,0,0,0,0,0,0,0,3736.0,1761.0,1667.0
2016,14,40.4168,-3.7038,6.466.996,13350,0,1,0,0,0,0,0,0,0,8609.0,3784.0,3797.0
2016,15,37.9922,-1.1307,1.464.847,3032,0,1,0,0,0,0,0,0,0,2122.0,1169.0,1128.0
2016,16,42.6954,-1.6761,640.647,1812,0,1,0,0,0,0,0,0,0,977.0,523.0,748.0
2016,17,43.263,-2.9349,2.189.534,7684,0,1,0,0,0,0,0,0,0,6342.0,4788.0,4680.0
2016,18,42.2871,-2.5396,315.794,444,0,1,0,0,0,0,0,0,0,327.0,194.0,165.0
2016,9,35.8894,-5.3198,84.519,322,0,1,0,0,0,0,0,0,0,182.0,109.0,143.0
2016,10,35.293,-2.9387,86.026,290,0,1,0,0,0,0,0,0,0,172.0,82.0,89.0
2015,0,37.3873,-5.9869,8.399.043,14587,0,1,0,0,0,0,0,0,0,7364.0,7773.0,7671.0
2015,1,41.6488,-0.8891,1.317.847,1384,0,1,0,0,0,0,0,0,0,909.0,909.0,914.0
2015,2,43.3619,-5.8494,1.051.229,1155,0,1,0,0,0,0,0,0,0,494.0,513.0,539.0
2015,3,39.5712,2.6466,1.104.479,2685,0,1,0,0,0,0,0,0,0,1350.0,1327.0,1384.0
2015,5,28.2916,-16.6291,2.100.306,5244,0,1,0,0,0,0,0,0,0,2014.0,2103.0,1983.0
2015,4,43.1828,-3.9878,585.179,864,0,1,0,0,0,0,0,0,0,356.0,331.0,359.0
2015,7,41.6523,-4.7245,2.472.052,3208,0,1,0,0,0,0,0,0,0,1242.0,1221.0,1220.0
2015,6,39.8628,-4.0273,2.059.191,2707,0,1,0,0,0,0,0,0,0,1303.0,1343.0,1286.0
2015,8,41.3851,2.1734,7.508.106,15034,0,1,0,0,0,0,0,0,0,10222.0,10144.0,10819.0
2015,11,39.4699,-0.3763,4.980.689,7906,0,1,0,0,0,0,0,0,0,4413.0,4454.0,4640.0
2015,12,39.4765,-6.3722,1.092.997,1312,0,1,0,0,0,0,0,0,0,706.0,663.0,629.0
2015,13,42.5751,-8.1339,2.732.347,3736,0,1,0,0,0,0,0,0,0,1761.0,1667.0,1761.0
2015,14,40.4168,-3.7038,6.436.996,8609,0,1,0,0,0,0,0,0,0,3784.0,3797.0,3846.0
2015,15,37.9922,-1.1307,1.467.288,2122,0,1,0,0,0,0,0,0,0,1169.0,1128.0,1191.0
2015,16,42.6954,-1.6761,640.476,977,0,1,0,0,0,0,0,0,0,523.0,748.0,974.0
2015,17,43.263,-2.9349,2.189.257,6342,0,1,0,0,0,0,0,0,0,4788.0,4680.0,4713.0
2015,18,42.2871,-2.5396,317.053,327,0,1,0,0,0,0,0,0,0,194.0,165.0,195.0
2015,9,35.8894,-5.3198,84.263,182,0,1,0,0,0,0,0,0,0,109.0,143.0,175.0
2015,10,35.293,-2.9387,85.584,172,0,1,0,0,0,0,0,0,0,82.0,89.0,87.0
2014,0,37.3873,-5.9869,8.402.305,7364,0,1,0,0,0,0,0,0,0,7773.0,7671.0,7145.0
2014,1,41.6488,-0.8891,1.325.385,909,0,1,0,0,0,0,0,0,0,909.0,914.0,1038.0
2014,2,43.3619,-5.8494,1.061.756,494,0,1,0,0,0,0,0,0,0,513.0,539.0,532.0
2014,3,39.5712,2.6466,1.103.442,1350,0,1,0,0,0,0,0,0,0,1327.0,1384.0,1590.0
2014,5,28.2916,-16.6291,2.104.815,2014,0,1,0,0,0,0,0,0,0,2103.0,1983.0,2228.0
2014,4,43.1828,-3.9878,588.656,356,0,1,0,0,0,0,0,0,0,331.0,359.0,384.0
2014,7,41.6523,-4.7245,2.494.790,1242,0,1,0,0,0,0,0,0,0,1221.0,1220.0,1266.0
2014,6,39.8628,-4.0273,2.078.611,1303,0,1,0,0,0,0,0,0,0,1343.0,1286.0,1358.0
2014,8,41.3851,2.1734,7.518.903,10222,0,1,0,0,0,0,0,0,0,10144.0,10819.0,10904.0
2014,11,39.4699,-0.3763,5.004.844,4413,0,1,0,0,0,0,0,0,0,4454.0,4640.0,4863.0
2014,12,39.4765,-6.3722,1.099.632,706,0,1,0,0,0,0,0,0,0,663.0,629.0,683.0
2014,13,42.5751,-8.1339,2.748.695,1761,0,1,0,0,0,0,0,0,0,1667.0,1761.0,1807.0
2014,14,40.4168,-3.7038,6.454.440,3784,0,1,0,0,0,0,0,0,0,3797.0,3846.0,4105.0
2014,15,37.9922,-1.1307,1.466.818,1169,0,1,0,0,0,0,0,0,0,1128.0,1191.0,1294.0
2014,16,42.6954,-1.6761,640.790,523,0,1,0,0,0,0,0,0,0,748.0,974.0,711.0
2014,17,43.263,-2.9349,2.188.985,4788,0,1,0,0,0,0,0,0,0,4680.0,4713.0,4679.0
2014,18,42.2871,-2.5396,319.002,194,0,1,0,0,0,0,0,0,0,165.0,195.0,150.0
2014,9,35.8894,-5.3198,84.963,109,0,1,0,0,0,0,0,0,0,143.0,175.0,203.0
2014,10,35.293,-2.9387,84.509,82,0,1,0,0,0,0,0,0,0,89.0,87.0,95.0
2013,0,37.3873,-5.9869,8.440.300,7773,0,1,0,0,0,0,0,0,0,7671.0,7145.0,6570.0
2013,1,41.6488,-0.8891,1.347.150,909,0,1,0,0,0,0,0,0,0,914.0,1038.0,966.0
2013,2,43.3619,-5.8494,1.068.165,513,0,1,0,0,0,0,0,0,0,539.0,532.0,660.0
2013,3,39.5712,2.6466,1.111.674,1327,0,1,0,0,0,0,0,0,0,1384.0,1590.0,1515.0
2013,5,28.2916,-16.6291,2.118.679,2103,0,1,0,0,0,0,0,0,0,1983.0,2228.0,2133.0
2013,4,43.1828,-3.9878,591.888,331,0,1,0,0,0,0,0,0,0,359.0,384.0,375.0
2013,7,41.6523,-4.7245,2.519.875,1221,0,1,0,0,0,0,0,0,0,1220.0,1266.0,1260.0
2013,6,39.8628,-4.0273,2.100.998,1343,0,1,0,0,0,0,0,0,0,1286.0,1358.0,1099.0
2013,8,41.3851,2.1734,7.553.650,10144,0,1,0,0,0,0,0,0,0,10819.0,10904.0,10503.0
2013,11,39.4699,-0.3763,5.113.815,4454,0,1,0,0,0,0,0,0,0,4640.0,4863.0,4431.0
2013,12,39.4765,-6.3722,1.104.004,663,0,1,0,0,0,0,0,0,0,629.0,683.0,570.0
2013,13,42.5751,-8.1339,2.765.940,1667,0,1,0,0,0,0,0,0,0,1761.0,1807.0,1750.0
2013,14,40.4168,-3.7038,6.495.551,3797,0,1,0,0,0,0,0,0,0,3846.0,4105.0,3796.0
2013,15,37.9922,-1.1307,1.472.049,1128,0,1,0,0,0,0,0,0,0,1191.0,1294.0,1169.0
2013,16,42.6954,-1.6761,644.477,748,0,1,0,0,0,0,0,0,0,974.0,711.0,675.0
2013,17,43.263,-2.9349,2.191.682,4680,0,1,0,0,0,0,0,0,0,4713.0,4679.0,4257.0
2013,18,42.2871,-2.5396,322.027,165,0,1,0,0,0,0,0,0,0,195.0,150.0,170.0
2013,9,35.8894,-5.3198,84.180,143,0,1,0,0,0,0,0,0,0,175.0,203.0,277.0
2013,10,35.293,-2.9387,83.679,89,0,1,0,0,0,0,0,0,0,87.0,95.0,126.0
2019,0,37.3873,-5.9869,8.414.240,2510,0,0,1,0,0,0,0,0,0,2339.0,2064.0,1837.0
2019,1,41.6488,-0.8891,1.319.291,330,0,0,1,0,0,0,0,0,0,346.0,274.0,287.0
2019,2,43.3619,-5.8494,1.022.800,193,0,0,1,0,0,0,0,0,0,207.0,146.0,146.0
2019,3,39.5712,2.6466,1.149.460,743,0,0,1,0,0,0,0,0,0,584.0,517.0,442.0
2019,5,28.2916,-16.6291,2.153.389,907,0,0,1,0,0,0,0,0,0,750.0,625.0,530.0
2019,4,43.1828,-3.9878,581.078,107,0,0,1,0,0,0,0,0,0,102.0,84.0,69.0
2019,7,41.6523,-4.7245,2.399.548,507,0,0,1,0,0,0,0,0,0,439.0,368.0,289.0
2019,6,39.8628,-4.0273,2.032.863,520,0,0,1,0,0,0,0,0,0,489.0,371.0,348.0
2019,8,41.3851,2.1734,7.675.217,3034,0,0,1,0,0,0,0,0,0,2598.0,2212.0,2249.0
2019,11,39.4699,-0.3763,5.003.769,1749,0,0,1,0,0,0,0,0,0,1580.0,1348.0,1343.0
2019,12,39.4765,-6.3722,1.067.710,214,0,0,1,0,0,0,0,0,0,209.0,153.0,157.0
2019,13,42.5751,-8.1339,2.699.499,634,0,0,1,0,0,0,0,0,0,536.0,459.0,434.0
2019,14,40.4168,-3.7038,6.663.394,2215,0,0,1,0,0,0,0,0,0,2014.0,1776.0,1551.0
2019,15,37.9922,-1.1307,1.493.898,535,0,0,1,0,0,0,0,0,0,478.0,391.0,379.0
2019,16,42.6954,-1.6761,654.214,232,0,0,1,0,0,0,0,0,0,271.0,232.0,219.0
2019,17,43.263,-2.9349,2.207.776,668,0,0,1,0,0,0,0,0,0,659.0,500.0,394.0
2019,18,42.2871,-2.5396,316.798,92,0,0,1,0,0,0,0,0,0,61.0,57.0,48.0
2019,9,35.8894,-5.3198,84.777,23,0,0,1,0,0,0,0,0,0,50.0,25.0,39.0
2019,10,35.293,-2.9387,86.487,33,0,0,1,0,0,0,0,0,0,27.0,29.0,51.0
2018,0,37.3873,-5.9869,8.384.408,2339,0,0,1,0,0,0,0,0,0,2064.0,1837.0,1701.0
2018,1,41.6488,-0.8891,1.308.728,346,0,0,1,0,0,0,0,0,0,274.0,287.0,251.0
2018,2,43.3619,-5.8494,1.028.244,207,0,0,1,0,0,0,0,0,0,146.0,146.0,147.0
2018,3,39.5712,2.6466,1.128.908,584,0,0,1,0,0,0,0,0,0,517.0,442.0,411.0
2018,5,28.2916,-16.6291,2.127.685,750,0,0,1,0,0,0,0,0,0,625.0,530.0,506.0
2018,4,43.1828,-3.9878,580.229,102,0,0,1,0,0,0,0,0,0,84.0,69.0,70.0
2018,7,41.6523,-4.7245,2.409.164,439,0,0,1,0,0,0,0,0,0,368.0,289.0,282.0
2018,6,39.8628,-4.0273,2.026.807,489,0,0,1,0,0,0,0,0,0,371.0,348.0,309.0
2018,8,41.3851,2.1734,7.600.065,2598,0,0,1,0,0,0,0,0,0,2212.0,2249.0,1928.0
2018,11,39.4699,-0.3763,4.963.703,1580,0,0,1,0,0,0,0,0,0,1348.0,1343.0,1216.0
2018,12,39.4765,-6.3722,1.072.863,209,0,0,1,0,0,0,0,0,0,153.0,157.0,164.0
2018,13,42.5751,-8.1339,2.701.743,536,0,0,1,0,0,0,0,0,0,459.0,434.0,434.0
2018,14,40.4168,-3.7038,6.578.079,2014,0,0,1,0,0,0,0,0,0,1776.0,1551.0,1415.0
2018,15,37.9922,-1.1307,1.478.509,478,0,0,1,0,0,0,0,0,0,391.0,379.0,368.0
2018,16,42.6954,-1.6761,647.554,271,0,0,1,0,0,0,0,0,0,232.0,219.0,139.0
2018,17,43.263,-2.9349,2.199.088,659,0,0,1,0,0,0,0,0,0,500.0,394.0,411.0
2018,18,42.2871,-2.5396,315.675,61,0,0,1,0,0,0,0,0,0,57.0,48.0,49.0
2018,9,35.8894,-5.3198,85.144,50,0,0,1,0,0,0,0,0,0,25.0,39.0,17.0
2018,10,35.293,-2.9387,86.384,27,0,0,1,0,0,0,0,0,0,29.0,51.0,30.0
2017,0,37.3873,-5.9869,8.379.820,2064,0,0,1,0,0,0,0,0,0,1837.0,1701.0,1653.0
2017,1,41.6488,-0.8891,1.308.750,274,0,0,1,0,0,0,0,0,0,287.0,251.0,227.0
2017,2,43.3619,-5.8494,1.034.960,146,0,0,1,0,0,0,0,0,0,146.0,147.0,125.0
2017,3,39.5712,2.6466,1.115.999,517,0,0,1,0,0,0,0,0,0,442.0,411.0,394.0
2017,5,28.2916,-16.6291,2.108.121,625,0,0,1,0,0,0,0,0,0,530.0,506.0,446.0
2017,4,43.1828,-3.9878,580.295,84,0,0,1,0,0,0,0,0,0,69.0,70.0,74.0
2017,7,41.6523,-4.7245,2.425.801,368,0,0,1,0,0,0,0,0,0,289.0,282.0,281.0
2017,6,39.8628,-4.0273,2.031.479,371,0,0,1,0,0,0,0,0,0,348.0,309.0,285.0
2017,8,41.3851,2.1734,7.555.830,2212,0,0,1,0,0,0,0,0,0,2249.0,1928.0,1877.0
2017,11,39.4699,-0.3763,4.941.509,1348,0,0,1,0,0,0,0,0,0,1343.0,1216.0,1143.0
2017,12,39.4765,-6.3722,1.079.920,153,0,0,1,0,0,0,0,0,0,157.0,164.0,143.0
2017,13,42.5751,-8.1339,2.708.339,459,0,0,1,0,0,0,0,0,0,434.0,434.0,377.0
2017,14,40.4168,-3.7038,6.507.184,1776,0,0,1,0,0,0,0,0,0,1551.0,1415.0,1401.0
2017,15,37.9922,-1.1307,1.470.273,391,0,0,1,0,0,0,0,0,0,379.0,368.0,377.0
2017,16,42.6954,-1.6761,643.234,232,0,0,1,0,0,0,0,0,0,219.0,139.0,160.0
2017,17,43.263,-2.9349,2.194.158,500,0,0,1,0,0,0,0,0,0,394.0,411.0,391.0
2017,18,42.2871,-2.5396,315.381,57,0,0,1,0,0,0,0,0,0,48.0,49.0,40.0
2017,9,35.8894,-5.3198,84.959,25,0,0,1,0,0,0,0,0,0,39.0,17.0,10.0
2017,10,35.293,-2.9387,86.120,29,0,0,1,0,0,0,0,0,0,51.0,30.0,31.0
2016,0,37.3873,-5.9869,8.388.107,1837,0,0,1,0,0,0,0,0,0,1701.0,1653.0,1624.0
2016,1,41.6488,-0.8891,1.308.563,287,0,0,1,0,0,0,0,0,0,251.0,227.0,232.0
2016,2,43.3619,-5.8494,1.042.608,146,0,0,1,0,0,0,0,0,0,147.0,125.0,119.0
2016,3,39.5712,2.6466,1.107.220,442,0,0,1,0,0,0,0,0,0,411.0,394.0,406.0
2016,5,28.2916,-16.6291,2.101.924,530,0,0,1,0,0,0,0,0,0,506.0,446.0,469.0
2016,4,43.1828,-3.9878,582.206,69,0,0,1,0,0,0,0,0,0,70.0,74.0,55.0
2016,7,41.6523,-4.7245,2.447.519,289,0,0,1,0,0,0,0,0,0,282.0,281.0,238.0
2016,6,39.8628,-4.0273,2.041.631,348,0,0,1,0,0,0,0,0,0,309.0,285.0,309.0
2016,8,41.3851,2.1734,7.522.596,2249,0,0,1,0,0,0,0,0,0,1928.0,1877.0,1647.0
2016,11,39.4699,-0.3763,4.959.968,1343,0,0,1,0,0,0,0,0,0,1216.0,1143.0,1102.0
2016,12,39.4765,-6.3722,1.087.778,157,0,0,1,0,0,0,0,0,0,164.0,143.0,147.0
2016,13,42.5751,-8.1339,2.718.525,434,0,0,1,0,0,0,0,0,0,434.0,377.0,340.0
2016,14,40.4168,-3.7038,6.466.996,1551,0,0,1,0,0,0,0,0,0,1415.0,1401.0,1320.0
2016,15,37.9922,-1.1307,1.464.847,379,0,0,1,0,0,0,0,0,0,368.0,377.0,288.0
2016,16,42.6954,-1.6761,640.647,219,0,0,1,0,0,0,0,0,0,139.0,160.0,119.0
2016,17,43.263,-2.9349,2.189.534,394,0,0,1,0,0,0,0,0,0,411.0,391.0,397.0
2016,18,42.2871,-2.5396,315.794,48,0,0,1,0,0,0,0,0,0,49.0,40.0,37.0
2016,9,35.8894,-5.3198,84.519,39,0,0,1,0,0,0,0,0,0,17.0,10.0,16.0
2016,10,35.293,-2.9387,86.026,51,0,0,1,0,0,0,0,0,0,30.0,31.0,38.0
2015,0,37.3873,-5.9869,8.399.043,1701,0,0,1,0,0,0,0,0,0,1653.0,1624.0,1632.0
2015,1,41.6488,-0.8891,1.317.847,251,0,0,1,0,0,0,0,0,0,227.0,232.0,215.0
2015,2,43.3619,-5.8494,1.051.229,147,0,0,1,0,0,0,0,0,0,125.0,119.0,149.0
2015,3,39.5712,2.6466,1.104.479,411,0,0,1,0,0,0,0,0,0,394.0,406.0,383.0
2015,5,28.2916,-16.6291,2.100.306,506,0,0,1,0,0,0,0,0,0,446.0,469.0,525.0
2015,4,43.1828,-3.9878,585.179,70,0,0,1,0,0,0,0,0,0,74.0,55.0,48.0
2015,7,41.6523,-4.7245,2.472.052,282,0,0,1,0,0,0,0,0,0,281.0,238.0,309.0
2015,6,39.8628,-4.0273,2.059.191,309,0,0,1,0,0,0,0,0,0,285.0,309.0,258.0
2015,8,41.3851,2.1734,7.508.106,1928,0,0,1,0,0,0,0,0,0,1877.0,1647.0,1633.0
2015,11,39.4699,-0.3763,4.980.689,1216,0,0,1,0,0,0,0,0,0,1143.0,1102.0,1175.0
2015,12,39.4765,-6.3722,1.092.997,164,0,0,1,0,0,0,0,0,0,143.0,147.0,134.0
2015,13,42.5751,-8.1339,2.732.347,434,0,0,1,0,0,0,0,0,0,377.0,340.0,358.0
2015,14,40.4168,-3.7038,6.436.996,1415,0,0,1,0,0,0,0,0,0,1401.0,1320.0,1310.0
2015,15,37.9922,-1.1307,1.467.288,368,0,0,1,0,0,0,0,0,0,377.0,288.0,285.0
2015,16,42.6954,-1.6761,640.476,139,0,0,1,0,0,0,0,0,0,160.0,119.0,111.0
2015,17,43.263,-2.9349,2.189.257,411,0,0,1,0,0,0,0,0,0,391.0,397.0,371.0
2015,18,42.2871,-2.5396,317.053,49,0,0,1,0,0,0,0,0,0,40.0,37.0,47.0
2015,9,35.8894,-5.3198,84.263,17,0,0,1,0,0,0,0,0,0,10.0,16.0,15.0
2015,10,35.293,-2.9387,85.584,30,0,0,1,0,0,0,0,0,0,31.0,38.0,26.0
2014,0,37.3873,-5.9869,8.402.305,1653,0,0,1,0,0,0,0,0,0,1624.0,1632.0,1725.0
2014,1,41.6488,-0.8891,1.325.385,227,0,0,1,0,0,0,0,0,0,232.0,215.0,271.0
2014,2,43.3619,-5.8494,1.061.756,125,0,0,1,0,0,0,0,0,0,119.0,149.0,125.0
2014,3,39.5712,2.6466,1.103.442,394,0,0,1,0,0,0,0,0,0,406.0,383.0,419.0
2014,5,28.2916,-16.6291,2.104.815,446,0,0,1,0,0,0,0,0,0,469.0,525.0,529.0
2014,4,43.1828,-3.9878,588.656,74,0,0,1,0,0,0,0,0,0,55.0,48.0,81.0
2014,7,41.6523,-4.7245,2.494.790,281,0,0,1,0,0,0,0,0,0,238.0,309.0,278.0
2014,6,39.8628,-4.0273,2.078.611,285,0,0,1,0,0,0,0,0,0,309.0,258.0,327.0
2014,8,41.3851,2.1734,7.518.903,1877,0,0,1,0,0,0,0,0,0,1647.0,1633.0,1862.0
2014,11,39.4699,-0.3763,5.004.844,1143,0,0,1,0,0,0,0,0,0,1102.0,1175.0,1244.0
2014,12,39.4765,-6.3722,1.099.632,143,0,0,1,0,0,0,0,0,0,147.0,134.0,178.0
2014,13,42.5751,-8.1339,2.748.695,377,0,0,1,0,0,0,0,0,0,340.0,358.0,398.0
2014,14,40.4168,-3.7038,6.454.440,1401,0,0,1,0,0,0,0,0,0,1320.0,1310.0,1443.0
2014,15,37.9922,-1.1307,1.466.818,377,0,0,1,0,0,0,0,0,0,288.0,285.0,316.0
2014,16,42.6954,-1.6761,640.790,160,0,0,1,0,0,0,0,0,0,119.0,111.0,113.0
2014,17,43.263,-2.9349,2.188.985,391,0,0,1,0,0,0,0,0,0,397.0,371.0,435.0
2014,18,42.2871,-2.5396,319.002,40,0,0,1,0,0,0,0,0,0,37.0,47.0,62.0
2014,9,35.8894,-5.3198,84.963,10,0,0,1,0,0,0,0,0,0,16.0,15.0,13.0
2014,10,35.293,-2.9387,84.509,31,0,0,1,0,0,0,0,0,0,38.0,26.0,34.0
2013,0,37.3873,-5.9869,8.440.300,1624,0,0,1,0,0,0,0,0,0,1632.0,1725.0,1768.0
2013,1,41.6488,-0.8891,1.347.150,232,0,0,1,0,0,0,0,0,0,215.0,271.0,310.0
2013,2,43.3619,-5.8494,1.068.165,119,0,0,1,0,0,0,0,0,0,149.0,125.0,153.0
2013,3,39.5712,2.6466,1.111.674,406,0,0,1,0,0,0,0,0,0,383.0,419.0,426.0
2013,5,28.2916,-16.6291,2.118.679,469,0,0,1,0,0,0,0,0,0,525.0,529.0,598.0
2013,4,43.1828,-3.9878,591.888,55,0,0,1,0,0,0,0,0,0,48.0,81.0,106.0
2013,7,41.6523,-4.7245,2.519.875,238,0,0,1,0,0,0,0,0,0,309.0,278.0,295.0
2013,6,39.8628,-4.0273,2.100.998,309,0,0,1,0,0,0,0,0,0,258.0,327.0,307.0
2013,8,41.3851,2.1734,7.553.650,1647,0,0,1,0,0,0,0,0,0,1633.0,1862.0,1825.0
2013,11,39.4699,-0.3763,5.113.815,1102,0,0,1,0,0,0,0,0,0,1175.0,1244.0,1303.0
2013,12,39.4765,-6.3722,1.104.004,147,0,0,1,0,0,0,0,0,0,134.0,178.0,159.0
2013,13,42.5751,-8.1339,2.765.940,340,0,0,1,0,0,0,0,0,0,358.0,398.0,389.0
2013,14,40.4168,-3.7038,6.495.551,1320,0,0,1,0,0,0,0,0,0,1310.0,1443.0,1339.0
2013,15,37.9922,-1.1307,1.472.049,288,0,0,1,0,0,0,0,0,0,285.0,316.0,288.0
2013,16,42.6954,-1.6761,644.477,119,0,0,1,0,0,0,0,0,0,111.0,113.0,130.0
2013,17,43.263,-2.9349,2.191.682,397,0,0,1,0,0,0,0,0,0,371.0,435.0,417.0
2013,18,42.2871,-2.5396,322.027,37,0,0,1,0,0,0,0,0,0,47.0,62.0,49.0
2013,9,35.8894,-5.3198,84.180,16,0,0,1,0,0,0,0,0,0,15.0,13.0,18.0
2013,10,35.293,-2.9387,83.679,38,0,0,1,0,0,0,0,0,0,26.0,34.0,38.0
2019,0,37.3873,-5.9869,8.414.240,1503,0,0,0,1,0,0,0,0,0,1529.0,1561.0,1527.0
2019,1,41.6488,-0.8891,1.319.291,161,0,0,0,1,0,0,0,0,0,177.0,161.0,155.0
2019,2,43.3619,-5.8494,1.022.800,99,0,0,0,1,0,0,0,0,0,104.0,117.0,106.0
2019,3,39.5712,2.6466,1.149.460,188,0,0,0,1,0,0,0,0,0,168.0,180.0,212.0
2019,5,28.2916,-16.6291,2.153.389,639,0,0,0,1,0,0,0,0,0,754.0,833.0,837.0
2019,4,43.1828,-3.9878,581.078,41,0,0,0,1,0,0,0,0,0,43.0,46.0,37.0
2019,7,41.6523,-4.7245,2.399.548,196,0,0,0,1,0,0,0,0,0,180.0,226.0,203.0
2019,6,39.8628,-4.0273,2.032.863,326,0,0,0,1,0,0,0,0,0,298.0,335.0,336.0
2019,8,41.3851,2.1734,7.675.217,1134,0,0,0,1,0,0,0,0,0,1216.0,1320.0,1417.0
2019,11,39.4699,-0.3763,5.003.769,858,0,0,0,1,0,0,0,0,0,890.0,889.0,880.0
2019,12,39.4765,-6.3722,1.067.710,224,0,0,0,1,0,0,0,0,0,209.0,216.0,207.0
2019,13,42.5751,-8.1339,2.699.499,171,0,0,0,1,0,0,0,0,0,190.0,224.0,242.0
2019,14,40.4168,-3.7038,6.663.394,822,0,0,0,1,0,0,0,0,0,862.0,804.0,893.0
2019,15,37.9922,-1.1307,1.493.898,552,0,0,0,1,0,0,0,0,0,588.0,570.0,535.0
2019,16,42.6954,-1.6761,654.214,74,0,0,0,1,0,0,0,0,0,73.0,94.0,89.0
2019,17,43.263,-2.9349,2.207.776,139,0,0,0,1,0,0,0,0,0,205.0,188.0,181.0
2019,18,42.2871,-2.5396,316.798,31,0,0,0,1,0,0,0,0,0,20.0,23.0,20.0
2019,9,35.8894,-5.3198,84.777,31,0,0,0,1,0,0,0,0,0,28.0,28.0,43.0
2019,10,35.293,-2.9387,86.487,25,0,0,0,1,0,0,0,0,0,22.0,31.0,25.0
2018,0,37.3873,-5.9869,8.384.408,1529,0,0,0,1,0,0,0,0,0,1561.0,1527.0,1641.0
2018,1,41.6488,-0.8891,1.308.728,177,0,0,0,1,0,0,0,0,0,161.0,155.0,159.0
2018,2,43.3619,-5.8494,1.028.244,104,0,0,0,1,0,0,0,0,0,117.0,106.0,149.0
2018,3,39.5712,2.6466,1.128.908,168,0,0,0,1,0,0,0,0,0,180.0,212.0,234.0
2018,5,28.2916,-16.6291,2.127.685,754,0,0,0,1,0,0,0,0,0,833.0,837.0,1010.0
2018,4,43.1828,-3.9878,580.229,43,0,0,0,1,0,0,0,0,0,46.0,37.0,51.0
2018,7,41.6523,-4.7245,2.409.164,180,0,0,0,1,0,0,0,0,0,226.0,203.0,251.0
2018,6,39.8628,-4.0273,2.026.807,298,0,0,0,1,0,0,0,0,0,335.0,336.0,355.0
2018,8,41.3851,2.1734,7.600.065,1216,0,0,0,1,0,0,0,0,0,1320.0,1417.0,2012.0
2018,11,39.4699,-0.3763,4.963.703,890,0,0,0,1,0,0,0,0,0,889.0,880.0,988.0
2018,12,39.4765,-6.3722,1.072.863,209,0,0,0,1,0,0,0,0,0,216.0,207.0,231.0
2018,13,42.5751,-8.1339,2.701.743,190,0,0,0,1,0,0,0,0,0,224.0,242.0,286.0
2018,14,40.4168,-3.7038,6.578.079,862,0,0,0,1,0,0,0,0,0,804.0,893.0,1228.0
2018,15,37.9922,-1.1307,1.478.509,588,0,0,0,1,0,0,0,0,0,570.0,535.0,581.0
2018,16,42.6954,-1.6761,647.554,73,0,0,0,1,0,0,0,0,0,94.0,89.0,122.0
2018,17,43.263,-2.9349,2.199.088,205,0,0,0,1,0,0,0,0,0,188.0,181.0,302.0
2018,18,42.2871,-2.5396,315.675,20,0,0,0,1,0,0,0,0,0,23.0,20.0,34.0
2018,9,35.8894,-5.3198,85.144,28,0,0,0,1,0,0,0,0,0,28.0,43.0,42.0
2018,10,35.293,-2.9387,86.384,22,0,0,0,1,0,0,0,0,0,31.0,25.0,35.0
2017,0,37.3873,-5.9869,8.379.820,1561,0,0,0,1,0,0,0,0,0,1527.0,1641.0,1633.0
2017,1,41.6488,-0.8891,1.308.750,161,0,0,0,1,0,0,0,0,0,155.0,159.0,210.0
2017,2,43.3619,-5.8494,1.034.960,117,0,0,0,1,0,0,0,0,0,106.0,149.0,137.0
2017,3,39.5712,2.6466,1.115.999,180,0,0,0,1,0,0,0,0,0,212.0,234.0,255.0
2017,5,28.2916,-16.6291,2.108.121,833,0,0,0,1,0,0,0,0,0,837.0,1010.0,1153.0
2017,4,43.1828,-3.9878,580.295,46,0,0,0,1,0,0,0,0,0,37.0,51.0,64.0
2017,7,41.6523,-4.7245,2.425.801,226,0,0,0,1,0,0,0,0,0,203.0,251.0,270.0
2017,6,39.8628,-4.0273,2.031.479,335,0,0,0,1,0,0,0,0,0,336.0,355.0,382.0
2017,8,41.3851,2.1734,7.555.830,1320,0,0,0,1,0,0,0,0,0,1417.0,2012.0,2294.0
2017,11,39.4699,-0.3763,4.941.509,889,0,0,0,1,0,0,0,0,0,880.0,988.0,1056.0
2017,12,39.4765,-6.3722,1.079.920,216,0,0,0,1,0,0,0,0,0,207.0,231.0,252.0
2017,13,42.5751,-8.1339,2.708.339,224,0,0,0,1,0,0,0,0,0,242.0,286.0,298.0
2017,14,40.4168,-3.7038,6.507.184,804,0,0,0,1,0,0,0,0,0,893.0,1228.0,1241.0
2017,15,37.9922,-1.1307,1.470.273,570,0,0,0,1,0,0,0,0,0,535.0,581.0,573.0
2017,16,42.6954,-1.6761,643.234,94,0,0,0,1,0,0,0,0,0,89.0,122.0,97.0
2017,17,43.263,-2.9349,2.194.158,188,0,0,0,1,0,0,0,0,0,181.0,302.0,375.0
2017,18,42.2871,-2.5396,315.381,23,0,0,0,1,0,0,0,0,0,20.0,34.0,36.0
2017,9,35.8894,-5.3198,84.959,28,0,0,0,1,0,0,0,0,0,43.0,42.0,57.0
2017,10,35.293,-2.9387,86.120,31,0,0,0,1,0,0,0,0,0,25.0,35.0,34.0
2016,0,37.3873,-5.9869,8.388.107,1527,0,0,0,1,0,0,0,0,0,1641.0,1633.0,1559.0
2016,1,41.6488,-0.8891,1.308.563,155,0,0,0,1,0,0,0,0,0,159.0,210.0,168.0
2016,2,43.3619,-5.8494,1.042.608,106,0,0,0,1,0,0,0,0,0,149.0,137.0,144.0
2016,3,39.5712,2.6466,1.107.220,212,0,0,0,1,0,0,0,0,0,234.0,255.0,274.0
2016,5,28.2916,-16.6291,2.101.924,837,0,0,0,1,0,0,0,0,0,1010.0,1153.0,1117.0
2016,4,43.1828,-3.9878,582.206,37,0,0,0,1,0,0,0,0,0,51.0,64.0,54.0
2016,7,41.6523,-4.7245,2.447.519,203,0,0,0,1,0,0,0,0,0,251.0,270.0,282.0
2016,6,39.8628,-4.0273,2.041.631,336,0,0,0,1,0,0,0,0,0,355.0,382.0,392.0
2016,8,41.3851,2.1734,7.522.596,1417,0,0,0,1,0,0,0,0,0,2012.0,2294.0,2358.0
2016,11,39.4699,-0.3763,4.959.968,880,0,0,0,1,0,0,0,0,0,988.0,1056.0,967.0
2016,12,39.4765,-6.3722,1.087.778,207,0,0,0,1,0,0,0,0,0,231.0,252.0,251.0
2016,13,42.5751,-8.1339,2.718.525,242,0,0,0,1,0,0,0,0,0,286.0,298.0,236.0
2016,14,40.4168,-3.7038,6.466.996,893,0,0,0,1,0,0,0,0,0,1228.0,1241.0,1232.0
2016,15,37.9922,-1.1307,1.464.847,535,0,0,0,1,0,0,0,0,0,581.0,573.0,493.0
2016,16,42.6954,-1.6761,640.647,89,0,0,0,1,0,0,0,0,0,122.0,97.0,119.0
2016,17,43.263,-2.9349,2.189.534,181,0,0,0,1,0,0,0,0,0,302.0,375.0,498.0
2016,18,42.2871,-2.5396,315.794,20,0,0,0,1,0,0,0,0,0,34.0,36.0,32.0
2016,9,35.8894,-5.3198,84.519,43,0,0,0,1,0,0,0,0,0,42.0,57.0,55.0
2016,10,35.293,-2.9387,86.026,25,0,0,0,1,0,0,0,0,0,35.0,34.0,22.0
2015,0,37.3873,-5.9869,8.399.043,1641,0,0,0,1,0,0,0,0,0,1633.0,1559.0,1691.0
2015,1,41.6488,-0.8891,1.317.847,159,0,0,0,1,0,0,0,0,0,210.0,168.0,148.0
2015,2,43.3619,-5.8494,1.051.229,149,0,0,0,1,0,0,0,0,0,137.0,144.0,160.0
2015,3,39.5712,2.6466,1.104.479,234,0,0,0,1,0,0,0,0,0,255.0,274.0,258.0
2015,5,28.2916,-16.6291,2.100.306,1010,0,0,0,1,0,0,0,0,0,1153.0,1117.0,1016.0
2015,4,43.1828,-3.9878,585.179,51,0,0,0,1,0,0,0,0,0,64.0,54.0,40.0
2015,7,41.6523,-4.7245,2.472.052,251,0,0,0,1,0,0,0,0,0,270.0,282.0,290.0
2015,6,39.8628,-4.0273,2.059.191,355,0,0,0,1,0,0,0,0,0,382.0,392.0,340.0
2015,8,41.3851,2.1734,7.508.106,2012,0,0,0,1,0,0,0,0,0,2294.0,2358.0,2416.0
2015,11,39.4699,-0.3763,4.980.689,988,0,0,0,1,0,0,0,0,0,1056.0,967.0,1018.0
2015,12,39.4765,-6.3722,1.092.997,231,0,0,0,1,0,0,0,0,0,252.0,251.0,248.0
2015,13,42.5751,-8.1339,2.732.347,286,0,0,0,1,0,0,0,0,0,298.0,236.0,236.0
2015,14,40.4168,-3.7038,6.436.996,1228,0,0,0,1,0,0,0,0,0,1241.0,1232.0,1302.0
2015,15,37.9922,-1.1307,1.467.288,581,0,0,0,1,0,0,0,0,0,573.0,493.0,571.0
2015,16,42.6954,-1.6761,640.476,122,0,0,0,1,0,0,0,0,0,97.0,119.0,87.0
2015,17,43.263,-2.9349,2.189.257,302,0,0,0,1,0,0,0,0,0,375.0,498.0,435.0
2015,18,42.2871,-2.5396,317.053,34,0,0,0,1,0,0,0,0,0,36.0,32.0,26.0
2015,9,35.8894,-5.3198,84.263,42,0,0,0,1,0,0,0,0,0,57.0,55.0,74.0
2015,10,35.293,-2.9387,85.584,35,0,0,0,1,0,0,0,0,0,34.0,22.0,21.0
2014,0,37.3873,-5.9869,8.402.305,1633,0,0,0,1,0,0,0,0,0,1559.0,1691.0,1480.0
2014,1,41.6488,-0.8891,1.325.385,210,0,0,0,1,0,0,0,0,0,168.0,148.0,139.0
2014,2,43.3619,-5.8494,1.061.756,137,0,0,0,1,0,0,0,0,0,144.0,160.0,160.0
2014,3,39.5712,2.6466,1.103.442,255,0,0,0,1,0,0,0,0,0,274.0,258.0,212.0
2014,5,28.2916,-16.6291,2.104.815,1153,0,0,0,1,0,0,0,0,0,1117.0,1016.0,919.0
2014,4,43.1828,-3.9878,588.656,64,0,0,0,1,0,0,0,0,0,54.0,40.0,50.0
2014,7,41.6523,-4.7245,2.494.790,270,0,0,0,1,0,0,0,0,0,282.0,290.0,248.0
2014,6,39.8628,-4.0273,2.078.611,382,0,0,0,1,0,0,0,0,0,392.0,340.0,241.0
2014,8,41.3851,2.1734,7.518.903,2294,0,0,0,1,0,0,0,0,0,2358.0,2416.0,2087.0
2014,11,39.4699,-0.3763,5.004.844,1056,0,0,0,1,0,0,0,0,0,967.0,1018.0,941.0
2014,12,39.4765,-6.3722,1.099.632,252,0,0,0,1,0,0,0,0,0,251.0,248.0,159.0
2014,13,42.5751,-8.1339,2.748.695,298,0,0,0,1,0,0,0,0,0,236.0,236.0,169.0
2014,14,40.4168,-3.7038,6.454.440,1241,0,0,0,1,0,0,0,0,0,1232.0,1302.0,1174.0
2014,15,37.9922,-1.1307,1.466.818,573,0,0,0,1,0,0,0,0,0,493.0,571.0,505.0
2014,16,42.6954,-1.6761,640.790,97,0,0,0,1,0,0,0,0,0,119.0,87.0,105.0
2014,17,43.263,-2.9349,2.188.985,375,0,0,0,1,0,0,0,0,0,498.0,435.0,380.0
2014,18,42.2871,-2.5396,319.002,36,0,0,0,1,0,0,0,0,0,32.0,26.0,18.0
2014,9,35.8894,-5.3198,84.963,57,0,0,0,1,0,0,0,0,0,55.0,74.0,39.0
2014,10,35.293,-2.9387,84.509,34,0,0,0,1,0,0,0,0,0,22.0,21.0,27.0
2013,0,37.3873,-5.9869,8.440.300,1559,0,0,0,1,0,0,0,0,0,1691.0,1480.0,1405.0
2013,1,41.6488,-0.8891,1.347.150,168,0,0,0,1,0,0,0,0,0,148.0,139.0,140.0
2013,2,43.3619,-5.8494,1.068.165,144,0,0,0,1,0,0,0,0,0,160.0,160.0,117.0
2013,3,39.5712,2.6466,1.111.674,274,0,0,0,1,0,0,0,0,0,258.0,212.0,161.0
2013,5,28.2916,-16.6291,2.118.679,1117,0,0,0,1,0,0,0,0,0,1016.0,919.0,836.0
2013,4,43.1828,-3.9878,591.888,54,0,0,0,1,0,0,0,0,0,40.0,50.0,56.0
2013,7,41.6523,-4.7245,2.519.875,282,0,0,0,1,0,0,0,0,0,290.0,248.0,229.0
2013,6,39.8628,-4.0273,2.100.998,392,0,0,0,1,0,0,0,0,0,340.0,241.0,222.0
2013,8,41.3851,2.1734,7.553.650,2358,0,0,0,1,0,0,0,0,0,2416.0,2087.0,1800.0
2013,11,39.4699,-0.3763,5.113.815,967,0,0,0,1,0,0,0,0,0,1018.0,941.0,802.0
2013,12,39.4765,-6.3722,1.104.004,251,0,0,0,1,0,0,0,0,0,248.0,159.0,182.0
2013,13,42.5751,-8.1339,2.765.940,236,0,0,0,1,0,0,0,0,0,236.0,169.0,169.0
2013,14,40.4168,-3.7038,6.495.551,1232,0,0,0,1,0,0,0,0,0,1302.0,1174.0,726.0
2013,15,37.9922,-1.1307,1.472.049,493,0,0,0,1,0,0,0,0,0,571.0,505.0,490.0
2013,16,42.6954,-1.6761,644.477,119,0,0,0,1,0,0,0,0,0,87.0,105.0,82.0
2013,17,43.263,-2.9349,2.191.682,498,0,0,0,1,0,0,0,0,0,435.0,380.0,337.0
2013,18,42.2871,-2.5396,322.027,32,0,0,0,1,0,0,0,0,0,26.0,18.0,31.0
2013,9,35.8894,-5.3198,84.180,55,0,0,0,1,0,0,0,0,0,74.0,39.0,31.0
2013,10,35.293,-2.9387,83.679,22,0,0,0,1,0,0,0,0,0,21.0,27.0,30.0
2019,0,37.3873,-5.9869,8.414.240,239711,0,0,0,0,1,0,0,0,0,240939.0,242164.0,243163.0
2019,1,41.6488,-0.8891,1.319.291,31651,0,0,0,0,1,0,0,0,0,29952.0,28437.0,28874.0
2019,2,43.3619,-5.8494,1.022.800,19066,0,0,0,0,1,0,0,0,0,18807.0,17964.0,18359.0
2019,3,39.5712,2.6466,1.149.460,58274,0,0,0,0,1,0,0,0,0,55800.0,55129.0,51859.0
2019,5,28.2916,-16.6291,2.153.389,64716,0,0,0,0,1,0,0,0,0,61599.0,62255.0,61781.0
2019,4,43.1828,-3.9878,581.078,12953,0,0,0,0,1,0,0,0,0,12552.0,12678.0,12290.0
2019,7,41.6523,-4.7245,2.399.548,56640,0,0,0,0,1,0,0,0,0,55843.0,53459.0,54234.0
2019,6,39.8628,-4.0273,2.032.863,50473,0,0,0,0,1,0,0,0,0,49886.0,46528.0,46605.0
2019,8,41.3851,2.1734,7.675.217,425113,0,0,0,0,1,0,0,0,0,409295.0,361790.0,344365.0
2019,11,39.4699,-0.3763,5.003.769,174091,0,0,0,0,1,0,0,0,0,175524.0,173357.0,177644.0
2019,12,39.4765,-6.3722,1.067.710,18583,0,0,0,0,1,0,0,0,0,18333.0,18059.0,18274.0
2019,13,42.5751,-8.1339,2.699.499,56924,0,0,0,0,1,0,0,0,0,55664.0,51864.0,52691.0
2019,14,40.4168,-3.7038,6.663.394,337836,0,0,0,0,1,0,0,0,0,325802.0,319369.0,314569.0
2019,15,37.9922,-1.1307,1.493.898,41700,0,0,0,0,1,0,0,0,0,40812.0,38611.0,38128.0
2019,16,42.6954,-1.6761,654.214,21485,0,0,0,0,1,0,0,0,0,19908.0,18463.0,18875.0
2019,17,43.263,-2.9349,2.207.776,71978,0,0,0,0,1,0,0,0,0,68582.0,62871.0,62837.0
2019,18,42.2871,-2.5396,316.798,6179,0,0,0,0,1,0,0,0,0,5894.0,5676.0,5764.0
2019,9,35.8894,-5.3198,84.777,2159,0,0,0,0,1,0,0,0,0,2243.0,2132.0,2361.0
2019,10,35.293,-2.9387,86.487,3281,0,0,0,0,1,0,0,0,0,3329.0,2826.0,2953.0
2018,0,37.3873,-5.9869,8.384.408,240939,0,0,0,0,1,0,0,0,0,242164.0,243163.0,241975.0
2018,1,41.6488,-0.8891,1.308.728,29952,0,0,0,0,1,0,0,0,0,28437.0,28874.0,29101.0
2018,2,43.3619,-5.8494,1.028.244,18807,0,0,0,0,1,0,0,0,0,17964.0,18359.0,18946.0
2018,3,39.5712,2.6466,1.128.908,55800,0,0,0,0,1,0,0,0,0,55129.0,51859.0,50642.0
2018,5,28.2916,-16.6291,2.127.685,61599,0,0,0,0,1,0,0,0,0,62255.0,61781.0,60740.0
2018,4,43.1828,-3.9878,580.229,12552,0,0,0,0,1,0,0,0,0,12678.0,12290.0,11661.0
2018,7,41.6523,-4.7245,2.409.164,55843,0,0,0,0,1,0,0,0,0,53459.0,54234.0,54991.0
2018,6,39.8628,-4.0273,2.026.807,49886,0,0,0,0,1,0,0,0,0,46528.0,46605.0,49126.0
2018,8,41.3851,2.1734,7.600.065,409295,0,0,0,0,1,0,0,0,0,361790.0,344365.0,350445.0
2018,11,39.4699,-0.3763,4.963.703,175524,0,0,0,0,1,0,0,0,0,173357.0,177644.0,179704.0
2018,12,39.4765,-6.3722,1.072.863,18333,0,0,0,0,1,0,0,0,0,18059.0,18274.0,18942.0
2018,13,42.5751,-8.1339,2.701.743,55664,0,0,0,0,1,0,0,0,0,51864.0,52691.0,53286.0
2018,14,40.4168,-3.7038,6.578.079,325802,0,0,0,0,1,0,0,0,0,319369.0,314569.0,304377.0
2018,15,37.9922,-1.1307,1.478.509,40812,0,0,0,0,1,0,0,0,0,38611.0,38128.0,39276.0
2018,16,42.6954,-1.6761,647.554,19908,0,0,0,0,1,0,0,0,0,18463.0,18875.0,17511.0
2018,17,43.263,-2.9349,2.199.088,68582,0,0,0,0,1,0,0,0,0,62871.0,62837.0,62875.0
2018,18,42.2871,-2.5396,315.675,5894,0,0,0,0,1,0,0,0,0,5676.0,5764.0,6260.0
2018,9,35.8894,-5.3198,85.144,2243,0,0,0,0,1,0,0,0,0,2132.0,2361.0,2723.0
2018,10,35.293,-2.9387,86.384,3329,0,0,0,0,1,0,0,0,0,2826.0,2953.0,2955.0
2017,0,37.3873,-5.9869,8.379.820,242164,0,0,0,0,1,0,0,0,0,243163.0,241975.0,249797.0
2017,1,41.6488,-0.8891,1.308.750,28437,0,0,0,0,1,0,0,0,0,28874.0,29101.0,30042.0
2017,2,43.3619,-5.8494,1.034.960,17964,0,0,0,0,1,0,0,0,0,18359.0,18946.0,19530.0
2017,3,39.5712,2.6466,1.115.999,55129,0,0,0,0,1,0,0,0,0,51859.0,50642.0,52211.0
2017,5,28.2916,-16.6291,2.108.121,62255,0,0,0,0,1,0,0,0,0,61781.0,60740.0,59759.0
2017,4,43.1828,-3.9878,580.295,12678,0,0,0,0,1,0,0,0,0,12290.0,11661.0,11701.0
2017,7,41.6523,-4.7245,2.425.801,53459,0,0,0,0,1,0,0,0,0,54234.0,54991.0,55997.0
2017,6,39.8628,-4.0273,2.031.479,46528,0,0,0,0,1,0,0,0,0,46605.0,49126.0,50648.0
2017,8,41.3851,2.1734,7.555.830,361790,0,0,0,0,1,0,0,0,0,344365.0,350445.0,351985.0
2017,11,39.4699,-0.3763,4.941.509,173357,0,0,0,0,1,0,0,0,0,177644.0,179704.0,187271.0
2017,12,39.4765,-6.3722,1.079.920,18059,0,0,0,0,1,0,0,0,0,18274.0,18942.0,19164.0
2017,13,42.5751,-8.1339,2.708.339,51864,0,0,0,0,1,0,0,0,0,52691.0,53286.0,53652.0
2017,14,40.4168,-3.7038,6.507.184,319369,0,0,0,0,1,0,0,0,0,314569.0,304377.0,304167.0
2017,15,37.9922,-1.1307,1.470.273,38611,0,0,0,0,1,0,0,0,0,38128.0,39276.0,37824.0
2017,16,42.6954,-1.6761,643.234,18463,0,0,0,0,1,0,0,0,0,18875.0,17511.0,19231.0
2017,17,43.263,-2.9349,2.194.158,62871,0,0,0,0,1,0,0,0,0,62837.0,62875.0,63332.0
2017,18,42.2871,-2.5396,315.381,5676,0,0,0,0,1,0,0,0,0,5764.0,6260.0,6352.0
2017,9,35.8894,-5.3198,84.959,2132,0,0,0,0,1,0,0,0,0,2361.0,2723.0,2767.0
2017,10,35.293,-2.9387,86.120,2826,0,0,0,0,1,0,0,0,0,2953.0,2955.0,2627.0
2016,0,37.3873,-5.9869,8.388.107,243163,0,0,0,0,1,0,0,0,0,241975.0,249797.0,273325.0
2016,1,41.6488,-0.8891,1.308.563,28874,0,0,0,0,1,0,0,0,0,29101.0,30042.0,32032.0
2016,2,43.3619,-5.8494,1.042.608,18359,0,0,0,0,1,0,0,0,0,18946.0,19530.0,20834.0
2016,3,39.5712,2.6466,1.107.220,51859,0,0,0,0,1,0,0,0,0,50642.0,52211.0,57282.0
2016,5,28.2916,-16.6291,2.101.924,61781,0,0,0,0,1,0,0,0,0,60740.0,59759.0,62970.0
2016,4,43.1828,-3.9878,582.206,12290,0,0,0,0,1,0,0,0,0,11661.0,11701.0,11875.0
2016,7,41.6523,-4.7245,2.447.519,54234,0,0,0,0,1,0,0,0,0,54991.0,55997.0,58837.0
2016,6,39.8628,-4.0273,2.041.631,46605,0,0,0,0,1,0,0,0,0,49126.0,50648.0,53668.0
2016,8,41.3851,2.1734,7.522.596,344365,0,0,0,0,1,0,0,0,0,350445.0,351985.0,361187.0
2016,11,39.4699,-0.3763,4.959.968,177644,0,0,0,0,1,0,0,0,0,179704.0,187271.0,201297.0
2016,12,39.4765,-6.3722,1.087.778,18274,0,0,0,0,1,0,0,0,0,18942.0,19164.0,20336.0
2016,13,42.5751,-8.1339,2.718.525,52691,0,0,0,0,1,0,0,0,0,53286.0,53652.0,56486.0
2016,14,40.4168,-3.7038,6.466.996,314569,0,0,0,0,1,0,0,0,0,304377.0,304167.0,317363.0
2016,15,37.9922,-1.1307,1.464.847,38128,0,0,0,0,1,0,0,0,0,39276.0,37824.0,40564.0
2016,16,42.6954,-1.6761,640.647,18875,0,0,0,0,1,0,0,0,0,17511.0,19231.0,17447.0
2016,17,43.263,-2.9349,2.189.534,62837,0,0,0,0,1,0,0,0,0,62875.0,63332.0,65419.0
2016,18,42.2871,-2.5396,315.794,5764,0,0,0,0,1,0,0,0,0,6260.0,6352.0,7086.0
2016,9,35.8894,-5.3198,84.519,2361,0,0,0,0,1,0,0,0,0,2723.0,2767.0,3046.0
2016,10,35.293,-2.9387,86.026,2953,0,0,0,0,1,0,0,0,0,2955.0,2627.0,2834.0
2015,0,37.3873,-5.9869,8.399.043,241975,0,0,0,0,1,0,0,0,0,249797.0,273325.0,289754.0
2015,1,41.6488,-0.8891,1.317.847,29101,0,0,0,0,1,0,0,0,0,30042.0,32032.0,35860.0
2015,2,43.3619,-5.8494,1.051.229,18946,0,0,0,0,1,0,0,0,0,19530.0,20834.0,20612.0
2015,3,39.5712,2.6466,1.104.479,50642,0,0,0,0,1,0,0,0,0,52211.0,57282.0,58202.0
2015,5,28.2916,-16.6291,2.100.306,60740,0,0,0,0,1,0,0,0,0,59759.0,62970.0,66731.0
2015,4,43.1828,-3.9878,585.179,11661,0,0,0,0,1,0,0,0,0,11701.0,11875.0,12651.0
2015,7,41.6523,-4.7245,2.472.052,54991,0,0,0,0,1,0,0,0,0,55997.0,58837.0,61485.0
2015,6,39.8628,-4.0273,2.059.191,49126,0,0,0,0,1,0,0,0,0,50648.0,53668.0,53616.0
2015,8,41.3851,2.1734,7.508.106,350445,0,0,0,0,1,0,0,0,0,351985.0,361187.0,379323.0
2015,11,39.4699,-0.3763,4.980.689,179704,0,0,0,0,1,0,0,0,0,187271.0,201297.0,217131.0
2015,12,39.4765,-6.3722,1.092.997,18942,0,0,0,0,1,0,0,0,0,19164.0,20336.0,20166.0
2015,13,42.5751,-8.1339,2.732.347,53286,0,0,0,0,1,0,0,0,0,53652.0,56486.0,56690.0
2015,14,40.4168,-3.7038,6.436.996,304377,0,0,0,0,1,0,0,0,0,304167.0,317363.0,329046.0
2015,15,37.9922,-1.1307,1.467.288,39276,0,0,0,0,1,0,0,0,0,37824.0,40564.0,41734.0
2015,16,42.6954,-1.6761,640.476,17511,0,0,0,0,1,0,0,0,0,19231.0,17447.0,15739.0
2015,17,43.263,-2.9349,2.189.257,62875,0,0,0,0,1,0,0,0,0,63332.0,65419.0,66523.0
2015,18,42.2871,-2.5396,317.053,6260,0,0,0,0,1,0,0,0,0,6352.0,7086.0,7267.0
2015,9,35.8894,-5.3198,84.263,2723,0,0,0,0,1,0,0,0,0,2767.0,3046.0,3433.0
2015,10,35.293,-2.9387,85.584,2955,0,0,0,0,1,0,0,0,0,2627.0,2834.0,2770.0
2014,0,37.3873,-5.9869,8.402.305,249797,0,0,0,0,1,0,0,0,0,273325.0,289754.0,295431.0
2014,1,41.6488,-0.8891,1.325.385,30042,0,0,0,0,1,0,0,0,0,32032.0,35860.0,38211.0
2014,2,43.3619,-5.8494,1.061.756,19530,0,0,0,0,1,0,0,0,0,20834.0,20612.0,18959.0
2014,3,39.5712,2.6466,1.103.442,52211,0,0,0,0,1,0,0,0,0,57282.0,58202.0,57572.0
2014,5,28.2916,-16.6291,2.104.815,59759,0,0,0,0,1,0,0,0,0,62970.0,66731.0,65378.0
2014,4,43.1828,-3.9878,588.656,11701,0,0,0,0,1,0,0,0,0,11875.0,12651.0,11901.0
2014,7,41.6523,-4.7245,2.494.790,55997,0,0,0,0,1,0,0,0,0,58837.0,61485.0,59573.0
2014,6,39.8628,-4.0273,2.078.611,50648,0,0,0,0,1,0,0,0,0,53668.0,53616.0,52494.0
2014,8,41.3851,2.1734,7.518.903,351985,0,0,0,0,1,0,0,0,0,361187.0,379323.0,375452.0
2014,11,39.4699,-0.3763,5.004.844,187271,0,0,0,0,1,0,0,0,0,201297.0,217131.0,221719.0
2014,12,39.4765,-6.3722,1.099.632,19164,0,0,0,0,1,0,0,0,0,20336.0,20166.0,19568.0
2014,13,42.5751,-8.1339,2.748.695,53652,0,0,0,0,1,0,0,0,0,56486.0,56690.0,54185.0
2014,14,40.4168,-3.7038,6.454.440,304167,0,0,0,0,1,0,0,0,0,317363.0,329046.0,325156.0
2014,15,37.9922,-1.1307,1.466.818,37824,0,0,0,0,1,0,0,0,0,40564.0,41734.0,41304.0
2014,16,42.6954,-1.6761,640.790,19231,0,0,0,0,1,0,0,0,0,17447.0,15739.0,14576.0
2014,17,43.263,-2.9349,2.188.985,63332,0,0,0,0,1,0,0,0,0,65419.0,66523.0,63215.0
2014,18,42.2871,-2.5396,319.002,6352,0,0,0,0,1,0,0,0,0,7086.0,7267.0,7007.0
2014,9,35.8894,-5.3198,84.963,2767,0,0,0,0,1,0,0,0,0,3046.0,3433.0,2860.0
2014,10,35.293,-2.9387,84.509,2627,0,0,0,0,1,0,0,0,0,2834.0,2770.0,2917.0
2013,0,37.3873,-5.9869,8.440.300,273325,0,0,0,0,1,0,0,0,0,289754.0,295431.0,303476.0
2013,1,41.6488,-0.8891,1.347.150,32032,0,0,0,0,1,0,0,0,0,35860.0,38211.0,39806.0
2013,2,43.3619,-5.8494,1.068.165,20834,0,0,0,0,1,0,0,0,0,20612.0,18959.0,18724.0
2013,3,39.5712,2.6466,1.111.674,57282,0,0,0,0,1,0,0,0,0,58202.0,57572.0,54693.0
2013,5,28.2916,-16.6291,2.118.679,62970,0,0,0,0,1,0,0,0,0,66731.0,65378.0,61351.0
2013,4,43.1828,-3.9878,591.888,11875,0,0,0,0,1,0,0,0,0,12651.0,11901.0,11770.0
2013,7,41.6523,-4.7245,2.519.875,58837,0,0,0,0,1,0,0,0,0,61485.0,59573.0,61232.0
2013,6,39.8628,-4.0273,2.100.998,53668,0,0,0,0,1,0,0,0,0,53616.0,52494.0,50702.0
2013,8,41.3851,2.1734,7.553.650,361187,0,0,0,0,1,0,0,0,0,379323.0,375452.0,388023.0
2013,11,39.4699,-0.3763,5.113.815,201297,0,0,0,0,1,0,0,0,0,217131.0,221719.0,225991.0
2013,12,39.4765,-6.3722,1.104.004,20336,0,0,0,0,1,0,0,0,0,20166.0,19568.0,20060.0
2013,13,42.5751,-8.1339,2.765.940,56486,0,0,0,0,1,0,0,0,0,56690.0,54185.0,51987.0
2013,14,40.4168,-3.7038,6.495.551,317363,0,0,0,0,1,0,0,0,0,329046.0,325156.0,336388.0
2013,15,37.9922,-1.1307,1.472.049,40564,0,0,0,0,1,0,0,0,0,41734.0,41304.0,41988.0
2013,16,42.6954,-1.6761,644.477,17447,0,0,0,0,1,0,0,0,0,15739.0,14576.0,13770.0
2013,17,43.263,-2.9349,2.191.682,65419,0,0,0,0,1,0,0,0,0,66523.0,63215.0,65555.0
2013,18,42.2871,-2.5396,322.027,7086,0,0,0,0,1,0,0,0,0,7267.0,7007.0,6555.0
2013,9,35.8894,-5.3198,84.180,3046,0,0,0,0,1,0,0,0,0,3433.0,2860.0,3053.0
2013,10,35.293,-2.9387,83.679,2834,0,0,0,0,1,0,0,0,0,2770.0,2917.0,2810.0
2019,0,37.3873,-5.9869,8.414.240,15094,0,0,0,0,0,1,0,0,0,13862.0,13039.0,12880.0
2019,1,41.6488,-0.8891,1.319.291,1360,0,0,0,0,0,1,0,0,0,1244.0,1093.0,1043.0
2019,2,43.3619,-5.8494,1.022.800,1205,0,0,0,0,0,1,0,0,0,1051.0,1052.0,1108.0
2019,3,39.5712,2.6466,1.149.460,2880,0,0,0,0,0,1,0,0,0,2676.0,2534.0,2332.0
2019,5,28.2916,-16.6291,2.153.389,3439,0,0,0,0,0,1,0,0,0,3296.0,3287.0,3029.0
2019,4,43.1828,-3.9878,581.078,716,0,0,0,0,0,1,0,0,0,748.0,695.0,733.0
2019,7,41.6523,-4.7245,2.399.548,2911,0,0,0,0,0,1,0,0,0,2709.0,2473.0,2404.0
2019,6,39.8628,-4.0273,2.032.863,3224,0,0,0,0,0,1,0,0,0,2798.0,2598.0,2612.0
2019,8,41.3851,2.1734,7.675.217,8938,0,0,0,0,0,1,0,0,0,8724.0,8273.0,8126.0
2019,11,39.4699,-0.3763,5.003.769,7739,0,0,0,0,0,1,0,0,0,7805.0,7273.0,7465.0
2019,12,39.4765,-6.3722,1.067.710,1248,0,0,0,0,0,1,0,0,0,1138.0,976.0,904.0
2019,13,42.5751,-8.1339,2.699.499,4992,0,0,0,0,0,1,0,0,0,4806.0,4424.0,4197.0
2019,14,40.4168,-3.7038,6.663.394,7696,0,0,0,0,0,1,0,0,0,6607.0,5830.0,5913.0
2019,15,37.9922,-1.1307,1.493.898,1664,0,0,0,0,0,1,0,0,0,1502.0,1392.0,1261.0
2019,16,42.6954,-1.6761,654.214,1583,0,0,0,0,0,1,0,0,0,1495.0,845.0,921.0
2019,17,43.263,-2.9349,2.207.776,2773,0,0,0,0,0,1,0,0,0,2605.0,2424.0,2386.0
2019,18,42.2871,-2.5396,316.798,413,0,0,0,0,0,1,0,0,0,349.0,294.0,347.0
2019,9,35.8894,-5.3198,84.777,509,0,0,0,0,0,1,0,0,0,385.0,434.0,451.0
2019,10,35.293,-2.9387,86.487,348,0,0,0,0,0,1,0,0,0,314.0,212.0,223.0
2018,0,37.3873,-5.9869,8.384.408,13862,0,0,0,0,0,1,0,0,0,13039.0,12880.0,13484.0
2018,1,41.6488,-0.8891,1.308.728,1244,0,0,0,0,0,1,0,0,0,1093.0,1043.0,1054.0
2018,2,43.3619,-5.8494,1.028.244,1051,0,0,0,0,0,1,0,0,0,1052.0,1108.0,1111.0
2018,3,39.5712,2.6466,1.128.908,2676,0,0,0,0,0,1,0,0,0,2534.0,2332.0,2517.0
2018,5,28.2916,-16.6291,2.127.685,3296,0,0,0,0,0,1,0,0,0,3287.0,3029.0,3140.0
2018,4,43.1828,-3.9878,580.229,748,0,0,0,0,0,1,0,0,0,695.0,733.0,768.0
2018,7,41.6523,-4.7245,2.409.164,2709,0,0,0,0,0,1,0,0,0,2473.0,2404.0,2626.0
2018,6,39.8628,-4.0273,2.026.807,2798,0,0,0,0,0,1,0,0,0,2598.0,2612.0,2548.0
2018,8,41.3851,2.1734,7.600.065,8724,0,0,0,0,0,1,0,0,0,8273.0,8126.0,7760.0
2018,11,39.4699,-0.3763,4.963.703,7805,0,0,0,0,0,1,0,0,0,7273.0,7465.0,7501.0
2018,12,39.4765,-6.3722,1.072.863,1138,0,0,0,0,0,1,0,0,0,976.0,904.0,966.0
2018,13,42.5751,-8.1339,2.701.743,4806,0,0,0,0,0,1,0,0,0,4424.0,4197.0,4513.0
2018,14,40.4168,-3.7038,6.578.079,6607,0,0,0,0,0,1,0,0,0,5830.0,5913.0,6081.0
2018,15,37.9922,-1.1307,1.478.509,1502,0,0,0,0,0,1,0,0,0,1392.0,1261.0,1411.0
2018,16,42.6954,-1.6761,647.554,1495,0,0,0,0,0,1,0,0,0,845.0,921.0,990.0
2018,17,43.263,-2.9349,2.199.088,2605,0,0,0,0,0,1,0,0,0,2424.0,2386.0,2392.0
2018,18,42.2871,-2.5396,315.675,349,0,0,0,0,0,1,0,0,0,294.0,347.0,339.0
2018,9,35.8894,-5.3198,85.144,385,0,0,0,0,0,1,0,0,0,434.0,451.0,601.0
2018,10,35.293,-2.9387,86.384,314,0,0,0,0,0,1,0,0,0,212.0,223.0,272.0
2017,0,37.3873,-5.9869,8.379.820,13039,0,0,0,0,0,1,0,0,0,12880.0,13484.0,15092.0
2017,1,41.6488,-0.8891,1.308.750,1093,0,0,0,0,0,1,0,0,0,1043.0,1054.0,1212.0
2017,2,43.3619,-5.8494,1.034.960,1052,0,0,0,0,0,1,0,0,0,1108.0,1111.0,1320.0
2017,3,39.5712,2.6466,1.115.999,2534,0,0,0,0,0,1,0,0,0,2332.0,2517.0,2810.0
2017,5,28.2916,-16.6291,2.108.121,3287,0,0,0,0,0,1,0,0,0,3029.0,3140.0,3681.0
2017,4,43.1828,-3.9878,580.295,695,0,0,0,0,0,1,0,0,0,733.0,768.0,880.0
2017,7,41.6523,-4.7245,2.425.801,2473,0,0,0,0,0,1,0,0,0,2404.0,2626.0,3050.0
2017,6,39.8628,-4.0273,2.031.479,2598,0,0,0,0,0,1,0,0,0,2612.0,2548.0,2975.0
2017,8,41.3851,2.1734,7.555.830,8273,0,0,0,0,0,1,0,0,0,8126.0,7760.0,7804.0
2017,11,39.4699,-0.3763,4.941.509,7273,0,0,0,0,0,1,0,0,0,7465.0,7501.0,8470.0
2017,12,39.4765,-6.3722,1.079.920,976,0,0,0,0,0,1,0,0,0,904.0,966.0,1076.0
2017,13,42.5751,-8.1339,2.708.339,4424,0,0,0,0,0,1,0,0,0,4197.0,4513.0,4801.0
2017,14,40.4168,-3.7038,6.507.184,5830,0,0,0,0,0,1,0,0,0,5913.0,6081.0,7092.0
2017,15,37.9922,-1.1307,1.470.273,1392,0,0,0,0,0,1,0,0,0,1261.0,1411.0,1534.0
2017,16,42.6954,-1.6761,643.234,845,0,0,0,0,0,1,0,0,0,921.0,990.0,949.0
2017,17,43.263,-2.9349,2.194.158,2424,0,0,0,0,0,1,0,0,0,2386.0,2392.0,2656.0
2017,18,42.2871,-2.5396,315.381,294,0,0,0,0,0,1,0,0,0,347.0,339.0,384.0
2017,9,35.8894,-5.3198,84.959,434,0,0,0,0,0,1,0,0,0,451.0,601.0,829.0
2017,10,35.293,-2.9387,86.120,212,0,0,0,0,0,1,0,0,0,223.0,272.0,302.0
2016,0,37.3873,-5.9869,8.388.107,12880,0,0,0,0,0,1,0,0,0,13484.0,15092.0,16119.0
2016,1,41.6488,-0.8891,1.308.563,1043,0,0,0,0,0,1,0,0,0,1054.0,1212.0,1225.0
2016,2,43.3619,-5.8494,1.042.608,1108,0,0,0,0,0,1,0,0,0,1111.0,1320.0,1458.0
2016,3,39.5712,2.6466,1.107.220,2332,0,0,0,0,0,1,0,0,0,2517.0,2810.0,3052.0
2016,5,28.2916,-16.6291,2.101.924,3029,0,0,0,0,0,1,0,0,0,3140.0,3681.0,4159.0
2016,4,43.1828,-3.9878,582.206,733,0,0,0,0,0,1,0,0,0,768.0,880.0,873.0
2016,7,41.6523,-4.7245,2.447.519,2404,0,0,0,0,0,1,0,0,0,2626.0,3050.0,3329.0
2016,6,39.8628,-4.0273,2.041.631,2612,0,0,0,0,0,1,0,0,0,2548.0,2975.0,3463.0
2016,8,41.3851,2.1734,7.522.596,8126,0,0,0,0,0,1,0,0,0,7760.0,7804.0,8111.0
2016,11,39.4699,-0.3763,4.959.968,7465,0,0,0,0,0,1,0,0,0,7501.0,8470.0,8696.0
2016,12,39.4765,-6.3722,1.087.778,904,0,0,0,0,0,1,0,0,0,966.0,1076.0,1233.0
2016,13,42.5751,-8.1339,2.718.525,4197,0,0,0,0,0,1,0,0,0,4513.0,4801.0,5145.0
2016,14,40.4168,-3.7038,6.466.996,5913,0,0,0,0,0,1,0,0,0,6081.0,7092.0,7690.0
2016,15,37.9922,-1.1307,1.464.847,1261,0,0,0,0,0,1,0,0,0,1411.0,1534.0,1666.0
2016,16,42.6954,-1.6761,640.647,921,0,0,0,0,0,1,0,0,0,990.0,949.0,647.0
2016,17,43.263,-2.9349,2.189.534,2386,0,0,0,0,0,1,0,0,0,2392.0,2656.0,2787.0
2016,18,42.2871,-2.5396,315.794,347,0,0,0,0,0,1,0,0,0,339.0,384.0,396.0
2016,9,35.8894,-5.3198,84.519,451,0,0,0,0,0,1,0,0,0,601.0,829.0,1163.0
2016,10,35.293,-2.9387,86.026,223,0,0,0,0,0,1,0,0,0,272.0,302.0,379.0
2015,0,37.3873,-5.9869,8.399.043,13484,0,0,0,0,0,1,0,0,0,15092.0,16119.0,17340.0
2015,1,41.6488,-0.8891,1.317.847,1054,0,0,0,0,0,1,0,0,0,1212.0,1225.0,1411.0
2015,2,43.3619,-5.8494,1.051.229,1111,0,0,0,0,0,1,0,0,0,1320.0,1458.0,1545.0
2015,3,39.5712,2.6466,1.104.479,2517,0,0,0,0,0,1,0,0,0,2810.0,3052.0,2948.0
2015,5,28.2916,-16.6291,2.100.306,3140,0,0,0,0,0,1,0,0,0,3681.0,4159.0,4127.0
2015,4,43.1828,-3.9878,585.179,768,0,0,0,0,0,1,0,0,0,880.0,873.0,1005.0
2015,7,41.6523,-4.7245,2.472.052,2626,0,0,0,0,0,1,0,0,0,3050.0,3329.0,3882.0
2015,6,39.8628,-4.0273,2.059.191,2548,0,0,0,0,0,1,0,0,0,2975.0,3463.0,3749.0
2015,8,41.3851,2.1734,7.508.106,7760,0,0,0,0,0,1,0,0,0,7804.0,8111.0,8282.0
2015,11,39.4699,-0.3763,4.980.689,7501,0,0,0,0,0,1,0,0,0,8470.0,8696.0,8518.0
2015,12,39.4765,-6.3722,1.092.997,966,0,0,0,0,0,1,0,0,0,1076.0,1233.0,1480.0
2015,13,42.5751,-8.1339,2.732.347,4513,0,0,0,0,0,1,0,0,0,4801.0,5145.0,6032.0
2015,14,40.4168,-3.7038,6.436.996,6081,0,0,0,0,0,1,0,0,0,7092.0,7690.0,7649.0
2015,15,37.9922,-1.1307,1.467.288,1411,0,0,0,0,0,1,0,0,0,1534.0,1666.0,1684.0
2015,16,42.6954,-1.6761,640.476,990,0,0,0,0,0,1,0,0,0,949.0,647.0,1022.0
2015,17,43.263,-2.9349,2.189.257,2392,0,0,0,0,0,1,0,0,0,2656.0,2787.0,3335.0
2015,18,42.2871,-2.5396,317.053,339,0,0,0,0,0,1,0,0,0,384.0,396.0,516.0
2015,9,35.8894,-5.3198,84.263,601,0,0,0,0,0,1,0,0,0,829.0,1163.0,1806.0
2015,10,35.293,-2.9387,85.584,272,0,0,0,0,0,1,0,0,0,302.0,379.0,314.0
2014,0,37.3873,-5.9869,8.402.305,15092,0,0,0,0,0,1,0,0,0,16119.0,17340.0,19296.0
2014,1,41.6488,-0.8891,1.325.385,1212,0,0,0,0,0,1,0,0,0,1225.0,1411.0,1640.0
2014,2,43.3619,-5.8494,1.061.756,1320,0,0,0,0,0,1,0,0,0,1458.0,1545.0,1583.0
2014,3,39.5712,2.6466,1.103.442,2810,0,0,0,0,0,1,0,0,0,3052.0,2948.0,2524.0
2014,5,28.2916,-16.6291,2.104.815,3681,0,0,0,0,0,1,0,0,0,4159.0,4127.0,4722.0
2014,4,43.1828,-3.9878,588.656,880,0,0,0,0,0,1,0,0,0,873.0,1005.0,1098.0
2014,7,41.6523,-4.7245,2.494.790,3050,0,0,0,0,0,1,0,0,0,3329.0,3882.0,4280.0
2014,6,39.8628,-4.0273,2.078.611,2975,0,0,0,0,0,1,0,0,0,3463.0,3749.0,4315.0
2014,8,41.3851,2.1734,7.518.903,7804,0,0,0,0,0,1,0,0,0,8111.0,8282.0,11715.0
2014,11,39.4699,-0.3763,5.004.844,8470,0,0,0,0,0,1,0,0,0,8696.0,8518.0,8729.0
2014,12,39.4765,-6.3722,1.099.632,1076,0,0,0,0,0,1,0,0,0,1233.0,1480.0,1638.0
2014,13,42.5751,-8.1339,2.748.695,4801,0,0,0,0,0,1,0,0,0,5145.0,6032.0,6888.0
2014,14,40.4168,-3.7038,6.454.440,7092,0,0,0,0,0,1,0,0,0,7690.0,7649.0,7342.0
2014,15,37.9922,-1.1307,1.466.818,1534,0,0,0,0,0,1,0,0,0,1666.0,1684.0,1748.0
2014,16,42.6954,-1.6761,640.790,949,0,0,0,0,0,1,0,0,0,647.0,1022.0,1194.0
2014,17,43.263,-2.9349,2.188.985,2656,0,0,0,0,0,1,0,0,0,2787.0,3335.0,3568.0
2014,18,42.2871,-2.5396,319.002,384,0,0,0,0,0,1,0,0,0,396.0,516.0,618.0
2014,9,35.8894,-5.3198,84.963,829,0,0,0,0,0,1,0,0,0,1163.0,1806.0,1741.0
2014,10,35.293,-2.9387,84.509,302,0,0,0,0,0,1,0,0,0,379.0,314.0,347.0
2013,0,37.3873,-5.9869,8.440.300,16119,0,0,0,0,0,1,0,0,0,17340.0,19296.0,16049.0
2013,1,41.6488,-0.8891,1.347.150,1225,0,0,0,0,0,1,0,0,0,1411.0,1640.0,1380.0
2013,2,43.3619,-5.8494,1.068.165,1458,0,0,0,0,0,1,0,0,0,1545.0,1583.0,1194.0
2013,3,39.5712,2.6466,1.111.674,3052,0,0,0,0,0,1,0,0,0,2948.0,2524.0,2078.0
2013,5,28.2916,-16.6291,2.118.679,4159,0,0,0,0,0,1,0,0,0,4127.0,4722.0,4187.0
2013,4,43.1828,-3.9878,591.888,873,0,0,0,0,0,1,0,0,0,1005.0,1098.0,777.0
2013,7,41.6523,-4.7245,2.519.875,3329,0,0,0,0,0,1,0,0,0,3882.0,4280.0,3843.0
2013,6,39.8628,-4.0273,2.100.998,3463,0,0,0,0,0,1,0,0,0,3749.0,4315.0,3775.0
2013,8,41.3851,2.1734,7.553.650,8111,0,0,0,0,0,1,0,0,0,8282.0,11715.0,10534.0
2013,11,39.4699,-0.3763,5.113.815,8696,0,0,0,0,0,1,0,0,0,8518.0,8729.0,7933.0
2013,12,39.4765,-6.3722,1.104.004,1233,0,0,0,0,0,1,0,0,0,1480.0,1638.0,1489.0
2013,13,42.5751,-8.1339,2.765.940,5145,0,0,0,0,0,1,0,0,0,6032.0,6888.0,5266.0
2013,14,40.4168,-3.7038,6.495.551,7690,0,0,0,0,0,1,0,0,0,7649.0,7342.0,7563.0
2013,15,37.9922,-1.1307,1.472.049,1666,0,0,0,0,0,1,0,0,0,1684.0,1748.0,1579.0
2013,16,42.6954,-1.6761,644.477,647,0,0,0,0,0,1,0,0,0,1022.0,1194.0,1059.0
2013,17,43.263,-2.9349,2.191.682,2787,0,0,0,0,0,1,0,0,0,3335.0,3568.0,3241.0
2013,18,42.2871,-2.5396,322.027,396,0,0,0,0,0,1,0,0,0,516.0,618.0,519.0
2013,9,35.8894,-5.3198,84.180,1163,0,0,0,0,0,1,0,0,0,1806.0,1741.0,1381.0
2013,10,35.293,-2.9387,83.679,379,0,0,0,0,0,1,0,0,0,314.0,347.0,304.0
2019,0,37.3873,-5.9869,8.414.240,3988,0,0,0,0,0,0,1,0,0,3740.0,3594.0,3606.0
2019,1,41.6488,-0.8891,1.319.291,446,0,0,0,0,0,0,1,0,0,433.0,357.0,330.0
2019,2,43.3619,-5.8494,1.022.800,220,0,0,0,0,0,0,1,0,0,185.0,178.0,201.0
2019,3,39.5712,2.6466,1.149.460,716,0,0,0,0,0,0,1,0,0,639.0,476.0,479.0
2019,5,28.2916,-16.6291,2.153.389,1114,0,0,0,0,0,0,1,0,0,754.0,875.0,643.0
2019,4,43.1828,-3.9878,581.078,162,0,0,0,0,0,0,1,0,0,124.0,106.0,145.0
2019,7,41.6523,-4.7245,2.399.548,840,0,0,0,0,0,0,1,0,0,811.0,774.0,643.0
2019,6,39.8628,-4.0273,2.032.863,1177,0,0,0,0,0,0,1,0,0,1061.0,942.0,840.0
2019,8,41.3851,2.1734,7.675.217,3791,0,0,0,0,0,0,1,0,0,3456.0,3235.0,3563.0
2019,11,39.4699,-0.3763,5.003.769,3250,0,0,0,0,0,0,1,0,0,3206.0,2794.0,2687.0
2019,12,39.4765,-6.3722,1.067.710,445,0,0,0,0,0,0,1,0,0,445.0,373.0,347.0
2019,13,42.5751,-8.1339,2.699.499,886,0,0,0,0,0,0,1,0,0,803.0,708.0,652.0
2019,14,40.4168,-3.7038,6.663.394,4042,0,0,0,0,0,0,1,0,0,3445.0,3257.0,2931.0
2019,15,37.9922,-1.1307,1.493.898,708,0,0,0,0,0,0,1,0,0,679.0,540.0,466.0
2019,16,42.6954,-1.6761,654.214,374,0,0,0,0,0,0,1,0,0,340.0,269.0,515.0
2019,17,43.263,-2.9349,2.207.776,1195,0,0,0,0,0,0,1,0,0,1025.0,963.0,952.0
2019,18,42.2871,-2.5396,316.798,73,0,0,0,0,0,0,1,0,0,64.0,52.0,66.0
2019,9,35.8894,-5.3198,84.777,543,0,0,0,0,0,0,1,0,0,602.0,474.0,362.0
2019,10,35.293,-2.9387,86.487,289,0,0,0,0,0,0,1,0,0,196.0,42.0,52.0
2018,0,37.3873,-5.9869,8.384.408,3740,0,0,0,0,0,0,1,0,0,3594.0,3606.0,3524.0
2018,1,41.6488,-0.8891,1.308.728,433,0,0,0,0,0,0,1,0,0,357.0,330.0,303.0
2018,2,43.3619,-5.8494,1.028.244,185,0,0,0,0,0,0,1,0,0,178.0,201.0,188.0
2018,3,39.5712,2.6466,1.128.908,639,0,0,0,0,0,0,1,0,0,476.0,479.0,417.0
2018,5,28.2916,-16.6291,2.127.685,754,0,0,0,0,0,0,1,0,0,875.0,643.0,701.0
2018,4,43.1828,-3.9878,580.229,124,0,0,0,0,0,0,1,0,0,106.0,145.0,113.0
2018,7,41.6523,-4.7245,2.409.164,811,0,0,0,0,0,0,1,0,0,774.0,643.0,541.0
2018,6,39.8628,-4.0273,2.026.807,1061,0,0,0,0,0,0,1,0,0,942.0,840.0,752.0
2018,8,41.3851,2.1734,7.600.065,3456,0,0,0,0,0,0,1,0,0,3235.0,3563.0,3241.0
2018,11,39.4699,-0.3763,4.963.703,3206,0,0,0,0,0,0,1,0,0,2794.0,2687.0,2379.0
2018,12,39.4765,-6.3722,1.072.863,445,0,0,0,0,0,0,1,0,0,373.0,347.0,299.0
2018,13,42.5751,-8.1339,2.701.743,803,0,0,0,0,0,0,1,0,0,708.0,652.0,630.0
2018,14,40.4168,-3.7038,6.578.079,3445,0,0,0,0,0,0,1,0,0,3257.0,2931.0,3371.0
2018,15,37.9922,-1.1307,1.478.509,679,0,0,0,0,0,0,1,0,0,540.0,466.0,532.0
2018,16,42.6954,-1.6761,647.554,340,0,0,0,0,0,0,1,0,0,269.0,515.0,245.0
2018,17,43.263,-2.9349,2.199.088,1025,0,0,0,0,0,0,1,0,0,963.0,952.0,1017.0
2018,18,42.2871,-2.5396,315.675,64,0,0,0,0,0,0,1,0,0,52.0,66.0,62.0
2018,9,35.8894,-5.3198,85.144,602,0,0,0,0,0,0,1,0,0,474.0,362.0,343.0
2018,10,35.293,-2.9387,86.384,196,0,0,0,0,0,0,1,0,0,42.0,52.0,91.0
2017,0,37.3873,-5.9869,8.379.820,3594,0,0,0,0,0,0,1,0,0,3606.0,3524.0,3150.0
2017,1,41.6488,-0.8891,1.308.750,357,0,0,0,0,0,0,1,0,0,330.0,303.0,306.0
2017,2,43.3619,-5.8494,1.034.960,178,0,0,0,0,0,0,1,0,0,201.0,188.0,185.0
2017,3,39.5712,2.6466,1.115.999,476,0,0,0,0,0,0,1,0,0,479.0,417.0,380.0
2017,5,28.2916,-16.6291,2.108.121,875,0,0,0,0,0,0,1,0,0,643.0,701.0,552.0
2017,4,43.1828,-3.9878,580.295,106,0,0,0,0,0,0,1,0,0,145.0,113.0,99.0
2017,7,41.6523,-4.7245,2.425.801,774,0,0,0,0,0,0,1,0,0,643.0,541.0,521.0
2017,6,39.8628,-4.0273,2.031.479,942,0,0,0,0,0,0,1,0,0,840.0,752.0,804.0
2017,8,41.3851,2.1734,7.555.830,3235,0,0,0,0,0,0,1,0,0,3563.0,3241.0,3368.0
2017,11,39.4699,-0.3763,4.941.509,2794,0,0,0,0,0,0,1,0,0,2687.0,2379.0,2403.0
2017,12,39.4765,-6.3722,1.079.920,373,0,0,0,0,0,0,1,0,0,347.0,299.0,269.0
2017,13,42.5751,-8.1339,2.708.339,708,0,0,0,0,0,0,1,0,0,652.0,630.0,573.0
2017,14,40.4168,-3.7038,6.507.184,3257,0,0,0,0,0,0,1,0,0,2931.0,3371.0,3170.0
2017,15,37.9922,-1.1307,1.470.273,540,0,0,0,0,0,0,1,0,0,466.0,532.0,469.0
2017,16,42.6954,-1.6761,643.234,269,0,0,0,0,0,0,1,0,0,515.0,245.0,294.0
2017,17,43.263,-2.9349,2.194.158,963,0,0,0,0,0,0,1,0,0,952.0,1017.0,829.0
2017,18,42.2871,-2.5396,315.381,52,0,0,0,0,0,0,1,0,0,66.0,62.0,73.0
2017,9,35.8894,-5.3198,84.959,474,0,0,0,0,0,0,1,0,0,362.0,343.0,399.0
2017,10,35.293,-2.9387,86.120,42,0,0,0,0,0,0,1,0,0,52.0,91.0,77.0
2016,0,37.3873,-5.9869,8.388.107,3606,0,0,0,0,0,0,1,0,0,3524.0,3150.0,3013.0
2016,1,41.6488,-0.8891,1.308.563,330,0,0,0,0,0,0,1,0,0,303.0,306.0,339.0
2016,2,43.3619,-5.8494,1.042.608,201,0,0,0,0,0,0,1,0,0,188.0,185.0,157.0
2016,3,39.5712,2.6466,1.107.220,479,0,0,0,0,0,0,1,0,0,417.0,380.0,405.0
2016,5,28.2916,-16.6291,2.101.924,643,0,0,0,0,0,0,1,0,0,701.0,552.0,516.0
2016,4,43.1828,-3.9878,582.206,145,0,0,0,0,0,0,1,0,0,113.0,99.0,99.0
2016,7,41.6523,-4.7245,2.447.519,643,0,0,0,0,0,0,1,0,0,541.0,521.0,474.0
2016,6,39.8628,-4.0273,2.041.631,840,0,0,0,0,0,0,1,0,0,752.0,804.0,706.0
2016,8,41.3851,2.1734,7.522.596,3563,0,0,0,0,0,0,1,0,0,3241.0,3368.0,3486.0
2016,11,39.4699,-0.3763,4.959.968,2687,0,0,0,0,0,0,1,0,0,2379.0,2403.0,2102.0
2016,12,39.4765,-6.3722,1.087.778,347,0,0,0,0,0,0,1,0,0,299.0,269.0,237.0
2016,13,42.5751,-8.1339,2.718.525,652,0,0,0,0,0,0,1,0,0,630.0,573.0,573.0
2016,14,40.4168,-3.7038,6.466.996,2931,0,0,0,0,0,0,1,0,0,3371.0,3170.0,2823.0
2016,15,37.9922,-1.1307,1.464.847,466,0,0,0,0,0,0,1,0,0,532.0,469.0,405.0
2016,16,42.6954,-1.6761,640.647,515,0,0,0,0,0,0,1,0,0,245.0,294.0,227.0
2016,17,43.263,-2.9349,2.189.534,952,0,0,0,0,0,0,1,0,0,1017.0,829.0,799.0
2016,18,42.2871,-2.5396,315.794,66,0,0,0,0,0,0,1,0,0,62.0,73.0,52.0
2016,9,35.8894,-5.3198,84.519,362,0,0,0,0,0,0,1,0,0,343.0,399.0,301.0
2016,10,35.293,-2.9387,86.026,52,0,0,0,0,0,0,1,0,0,91.0,77.0,145.0
2015,0,37.3873,-5.9869,8.399.043,3524,0,0,0,0,0,0,1,0,0,3150.0,3013.0,3211.0
2015,1,41.6488,-0.8891,1.317.847,303,0,0,0,0,0,0,1,0,0,306.0,339.0,329.0
2015,2,43.3619,-5.8494,1.051.229,188,0,0,0,0,0,0,1,0,0,185.0,157.0,204.0
2015,3,39.5712,2.6466,1.104.479,417,0,0,0,0,0,0,1,0,0,380.0,405.0,419.0
2015,5,28.2916,-16.6291,2.100.306,701,0,0,0,0,0,0,1,0,0,552.0,516.0,554.0
2015,4,43.1828,-3.9878,585.179,113,0,0,0,0,0,0,1,0,0,99.0,99.0,138.0
2015,7,41.6523,-4.7245,2.472.052,541,0,0,0,0,0,0,1,0,0,521.0,474.0,441.0
2015,6,39.8628,-4.0273,2.059.191,752,0,0,0,0,0,0,1,0,0,804.0,706.0,663.0
2015,8,41.3851,2.1734,7.508.106,3241,0,0,0,0,0,0,1,0,0,3368.0,3486.0,3855.0
2015,11,39.4699,-0.3763,4.980.689,2379,0,0,0,0,0,0,1,0,0,2403.0,2102.0,2234.0
2015,12,39.4765,-6.3722,1.092.997,299,0,0,0,0,0,0,1,0,0,269.0,237.0,246.0
2015,13,42.5751,-8.1339,2.732.347,630,0,0,0,0,0,0,1,0,0,573.0,573.0,549.0
2015,14,40.4168,-3.7038,6.436.996,3371,0,0,0,0,0,0,1,0,0,3170.0,2823.0,2996.0
2015,15,37.9922,-1.1307,1.467.288,532,0,0,0,0,0,0,1,0,0,469.0,405.0,542.0
2015,16,42.6954,-1.6761,640.476,245,0,0,0,0,0,0,1,0,0,294.0,227.0,226.0
2015,17,43.263,-2.9349,2.189.257,1017,0,0,0,0,0,0,1,0,0,829.0,799.0,680.0
2015,18,42.2871,-2.5396,317.053,62,0,0,0,0,0,0,1,0,0,73.0,52.0,81.0
2015,9,35.8894,-5.3198,84.263,343,0,0,0,0,0,0,1,0,0,399.0,301.0,325.0
2015,10,35.293,-2.9387,85.584,91,0,0,0,0,0,0,1,0,0,77.0,145.0,244.0
2014,0,37.3873,-5.9869,8.402.305,3150,0,0,0,0,0,0,1,0,0,3013.0,3211.0,3265.0
2014,1,41.6488,-0.8891,1.325.385,306,0,0,0,0,0,0,1,0,0,339.0,329.0,401.0
2014,2,43.3619,-5.8494,1.061.756,185,0,0,0,0,0,0,1,0,0,157.0,204.0,179.0
2014,3,39.5712,2.6466,1.103.442,380,0,0,0,0,0,0,1,0,0,405.0,419.0,450.0
2014,5,28.2916,-16.6291,2.104.815,552,0,0,0,0,0,0,1,0,0,516.0,554.0,662.0
2014,4,43.1828,-3.9878,588.656,99,0,0,0,0,0,0,1,0,0,99.0,138.0,159.0
2014,7,41.6523,-4.7245,2.494.790,521,0,0,0,0,0,0,1,0,0,474.0,441.0,453.0
2014,6,39.8628,-4.0273,2.078.611,804,0,0,0,0,0,0,1,0,0,706.0,663.0,713.0
2014,8,41.3851,2.1734,7.518.903,3368,0,0,0,0,0,0,1,0,0,3486.0,3855.0,4339.0
2014,11,39.4699,-0.3763,5.004.844,2403,0,0,0,0,0,0,1,0,0,2102.0,2234.0,2569.0
2014,12,39.4765,-6.3722,1.099.632,269,0,0,0,0,0,0,1,0,0,237.0,246.0,246.0
2014,13,42.5751,-8.1339,2.748.695,573,0,0,0,0,0,0,1,0,0,573.0,549.0,540.0
2014,14,40.4168,-3.7038,6.454.440,3170,0,0,0,0,0,0,1,0,0,2823.0,2996.0,3737.0
2014,15,37.9922,-1.1307,1.466.818,469,0,0,0,0,0,0,1,0,0,405.0,542.0,620.0
2014,16,42.6954,-1.6761,640.790,294,0,0,0,0,0,0,1,0,0,227.0,226.0,264.0
2014,17,43.263,-2.9349,2.188.985,829,0,0,0,0,0,0,1,0,0,799.0,680.0,702.0
2014,18,42.2871,-2.5396,319.002,73,0,0,0,0,0,0,1,0,0,52.0,81.0,93.0
2014,9,35.8894,-5.3198,84.963,399,0,0,0,0,0,0,1,0,0,301.0,325.0,339.0
2014,10,35.293,-2.9387,84.509,77,0,0,0,0,0,0,1,0,0,145.0,244.0,248.0
2013,0,37.3873,-5.9869,8.440.300,3013,0,0,0,0,0,0,1,0,0,3211.0,3265.0,2638.0
2013,1,41.6488,-0.8891,1.347.150,339,0,0,0,0,0,0,1,0,0,329.0,401.0,331.0
2013,2,43.3619,-5.8494,1.068.165,157,0,0,0,0,0,0,1,0,0,204.0,179.0,129.0
2013,3,39.5712,2.6466,1.111.674,405,0,0,0,0,0,0,1,0,0,419.0,450.0,388.0
2013,5,28.2916,-16.6291,2.118.679,516,0,0,0,0,0,0,1,0,0,554.0,662.0,439.0
2013,4,43.1828,-3.9878,591.888,99,0,0,0,0,0,0,1,0,0,138.0,159.0,104.0
2013,7,41.6523,-4.7245,2.519.875,474,0,0,0,0,0,0,1,0,0,441.0,453.0,432.0
2013,6,39.8628,-4.0273,2.100.998,706,0,0,0,0,0,0,1,0,0,663.0,713.0,550.0
2013,8,41.3851,2.1734,7.553.650,3486,0,0,0,0,0,0,1,0,0,3855.0,4339.0,4550.0
2013,11,39.4699,-0.3763,5.113.815,2102,0,0,0,0,0,0,1,0,0,2234.0,2569.0,2259.0
2013,12,39.4765,-6.3722,1.104.004,237,0,0,0,0,0,0,1,0,0,246.0,246.0,197.0
2013,13,42.5751,-8.1339,2.765.940,573,0,0,0,0,0,0,1,0,0,549.0,540.0,447.0
2013,14,40.4168,-3.7038,6.495.551,2823,0,0,0,0,0,0,1,0,0,2996.0,3737.0,3370.0
2013,15,37.9922,-1.1307,1.472.049,405,0,0,0,0,0,0,1,0,0,542.0,620.0,485.0
2013,16,42.6954,-1.6761,644.477,227,0,0,0,0,0,0,1,0,0,226.0,264.0,259.0
2013,17,43.263,-2.9349,2.191.682,799,0,0,0,0,0,0,1,0,0,680.0,702.0,543.0
2013,18,42.2871,-2.5396,322.027,52,0,0,0,0,0,0,1,0,0,81.0,93.0,54.0
2013,9,35.8894,-5.3198,84.180,301,0,0,0,0,0,0,1,0,0,325.0,339.0,53.0
2013,10,35.293,-2.9387,83.679,145,0,0,0,0,0,0,1,0,0,244.0,248.0,42.0
2019,0,37.3873,-5.9869,8.414.240,93,0,0,0,0,0,0,0,1,0,123.0,120.0,190.0
2019,1,41.6488,-0.8891,1.319.291,3,0,0,0,0,0,0,0,1,0,9.0,6.0,9.0
2019,2,43.3619,-5.8494,1.022.800,6,0,0,0,0,0,0,0,1,0,3.0,3.0,0.0
2019,3,39.5712,2.6466,1.149.460,11,0,0,0,0,0,0,0,1,0,6.0,18.0,27.0
2019,5,28.2916,-16.6291,2.153.389,17,0,0,0,0,0,0,0,1,0,13.0,135.0,26.0
2019,4,43.1828,-3.9878,581.078,3,0,0,0,0,0,0,0,1,0,0.0,3.0,2.0
2019,7,41.6523,-4.7245,2.399.548,14,0,0,0,0,0,0,0,1,0,17.0,26.0,8.0
2019,6,39.8628,-4.0273,2.032.863,29,0,0,0,0,0,0,0,1,0,37.0,65.0,10.0
2019,8,41.3851,2.1734,7.675.217,58,0,0,0,0,0,0,0,1,0,52.0,81.0,65.0
2019,11,39.4699,-0.3763,5.003.769,48,0,0,0,0,0,0,0,1,0,79.0,72.0,48.0
2019,12,39.4765,-6.3722,1.067.710,8,0,0,0,0,0,0,0,1,0,10.0,4.0,11.0
2019,13,42.5751,-8.1339,2.699.499,21,0,0,0,0,0,0,0,1,0,16.0,17.0,18.0
2019,14,40.4168,-3.7038,6.663.394,55,0,0,0,0,0,0,0,1,0,87.0,37.0,78.0
2019,15,37.9922,-1.1307,1.493.898,14,0,0,0,0,0,0,0,1,0,16.0,23.0,10.0
2019,16,42.6954,-1.6761,654.214,10,0,0,0,0,0,0,0,1,0,17.0,25.0,10.0
2019,17,43.263,-2.9349,2.207.776,12,0,0,0,0,0,0,0,1,0,13.0,17.0,27.0
2019,18,42.2871,-2.5396,316.798,5,0,0,0,0,0,0,0,1,0,2.0,3.0,3.0
2019,9,35.8894,-5.3198,84.777,8,0,0,0,0,0,0,0,1,0,8.0,11.0,4.0
2019,10,35.293,-2.9387,86.487,1,0,0,0,0,0,0,0,1,0,1.0,2.0,3.0
2018,0,37.3873,-5.9869,8.384.408,123,0,0,0,0,0,0,0,1,0,120.0,190.0,146.0
2018,1,41.6488,-0.8891,1.308.728,9,0,0,0,0,0,0,0,1,0,6.0,9.0,10.0
2018,2,43.3619,-5.8494,1.028.244,3,0,0,0,0,0,0,0,1,0,3.0,0.0,4.0
2018,3,39.5712,2.6466,1.128.908,6,0,0,0,0,0,0,0,1,0,18.0,27.0,8.0
2018,5,28.2916,-16.6291,2.127.685,13,0,0,0,0,0,0,0,1,0,135.0,26.0,18.0
2018,4,43.1828,-3.9878,580.229,0,0,0,0,0,0,0,0,1,0,3.0,2.0,3.0
2018,7,41.6523,-4.7245,2.409.164,17,0,0,0,0,0,0,0,1,0,26.0,8.0,10.0
2018,6,39.8628,-4.0273,2.026.807,37,0,0,0,0,0,0,0,1,0,65.0,10.0,13.0
2018,8,41.3851,2.1734,7.600.065,52,0,0,0,0,0,0,0,1,0,81.0,65.0,58.0
2018,11,39.4699,-0.3763,4.963.703,79,0,0,0,0,0,0,0,1,0,72.0,48.0,97.0
2018,12,39.4765,-6.3722,1.072.863,10,0,0,0,0,0,0,0,1,0,4.0,11.0,1.0
2018,13,42.5751,-8.1339,2.701.743,16,0,0,0,0,0,0,0,1,0,17.0,18.0,37.0
2018,14,40.4168,-3.7038,6.578.079,87,0,0,0,0,0,0,0,1,0,37.0,78.0,57.0
2018,15,37.9922,-1.1307,1.478.509,16,0,0,0,0,0,0,0,1,0,23.0,10.0,5.0
2018,16,42.6954,-1.6761,647.554,17,0,0,0,0,0,0,0,1,0,25.0,10.0,15.0
2018,17,43.263,-2.9349,2.199.088,13,0,0,0,0,0,0,0,1,0,17.0,27.0,34.0
2018,18,42.2871,-2.5396,315.675,2,0,0,0,0,0,0,0,1,0,3.0,3.0,1.0
2018,9,35.8894,-5.3198,85.144,8,0,0,0,0,0,0,0,1,0,11.0,4.0,5.0
2018,10,35.293,-2.9387,86.384,1,0,0,0,0,0,0,0,1,0,2.0,3.0,12.0
2017,0,37.3873,-5.9869,8.379.820,120,0,0,0,0,0,0,0,1,0,190.0,146.0,215.0
2017,1,41.6488,-0.8891,1.308.750,6,0,0,0,0,0,0,0,1,0,9.0,10.0,9.0
2017,2,43.3619,-5.8494,1.034.960,3,0,0,0,0,0,0,0,1,0,0.0,4.0,0.0
2017,3,39.5712,2.6466,1.115.999,18,0,0,0,0,0,0,0,1,0,27.0,8.0,15.0
2017,5,28.2916,-16.6291,2.108.121,135,0,0,0,0,0,0,0,1,0,26.0,18.0,17.0
2017,4,43.1828,-3.9878,580.295,3,0,0,0,0,0,0,0,1,0,2.0,3.0,1.0
2017,7,41.6523,-4.7245,2.425.801,26,0,0,0,0,0,0,0,1,0,8.0,10.0,9.0
2017,6,39.8628,-4.0273,2.031.479,65,0,0,0,0,0,0,0,1,0,10.0,13.0,15.0
2017,8,41.3851,2.1734,7.555.830,81,0,0,0,0,0,0,0,1,0,65.0,58.0,67.0
2017,11,39.4699,-0.3763,4.941.509,72,0,0,0,0,0,0,0,1,0,48.0,97.0,37.0
2017,12,39.4765,-6.3722,1.079.920,4,0,0,0,0,0,0,0,1,0,11.0,1.0,2.0
2017,13,42.5751,-8.1339,2.708.339,17,0,0,0,0,0,0,0,1,0,18.0,37.0,38.0
2017,14,40.4168,-3.7038,6.507.184,37,0,0,0,0,0,0,0,1,0,78.0,57.0,32.0
2017,15,37.9922,-1.1307,1.470.273,23,0,0,0,0,0,0,0,1,0,10.0,5.0,6.0
2017,16,42.6954,-1.6761,643.234,25,0,0,0,0,0,0,0,1,0,10.0,15.0,12.0
2017,17,43.263,-2.9349,2.194.158,17,0,0,0,0,0,0,0,1,0,27.0,34.0,36.0
2017,18,42.2871,-2.5396,315.381,3,0,0,0,0,0,0,0,1,0,3.0,1.0,2.0
2017,9,35.8894,-5.3198,84.959,11,0,0,0,0,0,0,0,1,0,4.0,5.0,5.0
2017,10,35.293,-2.9387,86.120,2,0,0,0,0,0,0,0,1,0,3.0,12.0,3.0
2016,0,37.3873,-5.9869,8.388.107,190,0,0,0,0,0,0,0,1,0,146.0,215.0,103.0
2016,1,41.6488,-0.8891,1.308.563,9,0,0,0,0,0,0,0,1,0,10.0,9.0,20.0
2016,2,43.3619,-5.8494,1.042.608,0,0,0,0,0,0,0,0,1,0,4.0,0.0,8.0
2016,3,39.5712,2.6466,1.107.220,27,0,0,0,0,0,0,0,1,0,8.0,15.0,7.0
2016,5,28.2916,-16.6291,2.101.924,26,0,0,0,0,0,0,0,1,0,18.0,17.0,12.0
2016,4,43.1828,-3.9878,582.206,2,0,0,0,0,0,0,0,1,0,3.0,1.0,1.0
2016,7,41.6523,-4.7245,2.447.519,8,0,0,0,0,0,0,0,1,0,10.0,9.0,8.0
2016,6,39.8628,-4.0273,2.041.631,10,0,0,0,0,0,0,0,1,0,13.0,15.0,15.0
2016,8,41.3851,2.1734,7.522.596,65,0,0,0,0,0,0,0,1,0,58.0,67.0,68.0
2016,11,39.4699,-0.3763,4.959.968,48,0,0,0,0,0,0,0,1,0,97.0,37.0,31.0
2016,12,39.4765,-6.3722,1.087.778,11,0,0,0,0,0,0,0,1,0,1.0,2.0,3.0
2016,13,42.5751,-8.1339,2.718.525,18,0,0,0,0,0,0,0,1,0,37.0,38.0,21.0
2016,14,40.4168,-3.7038,6.466.996,78,0,0,0,0,0,0,0,1,0,57.0,32.0,24.0
2016,15,37.9922,-1.1307,1.464.847,10,0,0,0,0,0,0,0,1,0,5.0,6.0,8.0
2016,16,42.6954,-1.6761,640.647,10,0,0,0,0,0,0,0,1,0,15.0,12.0,23.0
2016,17,43.263,-2.9349,2.189.534,27,0,0,0,0,0,0,0,1,0,34.0,36.0,24.0
2016,18,42.2871,-2.5396,315.794,3,0,0,0,0,0,0,0,1,0,1.0,2.0,0.0
2016,9,35.8894,-5.3198,84.519,4,0,0,0,0,0,0,0,1,0,5.0,5.0,5.0
2016,10,35.293,-2.9387,86.026,3,0,0,0,0,0,0,0,1,0,12.0,3.0,6.0
2015,0,37.3873,-5.9869,8.399.043,146,0,0,0,0,0,0,0,1,0,215.0,103.0,67.0
2015,1,41.6488,-0.8891,1.317.847,10,0,0,0,0,0,0,0,1,0,9.0,20.0,6.0
2015,2,43.3619,-5.8494,1.051.229,4,0,0,0,0,0,0,0,1,0,0.0,8.0,6.0
2015,3,39.5712,2.6466,1.104.479,8,0,0,0,0,0,0,0,1,0,15.0,7.0,15.0
2015,5,28.2916,-16.6291,2.100.306,18,0,0,0,0,0,0,0,1,0,17.0,12.0,21.0
2015,4,43.1828,-3.9878,585.179,3,0,0,0,0,0,0,0,1,0,1.0,1.0,2.0
2015,7,41.6523,-4.7245,2.472.052,10,0,0,0,0,0,0,0,1,0,9.0,8.0,10.0
2015,6,39.8628,-4.0273,2.059.191,13,0,0,0,0,0,0,0,1,0,15.0,15.0,7.0
2015,8,41.3851,2.1734,7.508.106,58,0,0,0,0,0,0,0,1,0,67.0,68.0,30.0
2015,11,39.4699,-0.3763,4.980.689,97,0,0,0,0,0,0,0,1,0,37.0,31.0,55.0
2015,12,39.4765,-6.3722,1.092.997,1,0,0,0,0,0,0,0,1,0,2.0,3.0,5.0
2015,13,42.5751,-8.1339,2.732.347,37,0,0,0,0,0,0,0,1,0,38.0,21.0,10.0
2015,14,40.4168,-3.7038,6.436.996,57,0,0,0,0,0,0,0,1,0,32.0,24.0,37.0
2015,15,37.9922,-1.1307,1.467.288,5,0,0,0,0,0,0,0,1,0,6.0,8.0,9.0
2015,16,42.6954,-1.6761,640.476,15,0,0,0,0,0,0,0,1,0,12.0,23.0,13.0
2015,17,43.263,-2.9349,2.189.257,34,0,0,0,0,0,0,0,1,0,36.0,24.0,26.0
2015,18,42.2871,-2.5396,317.053,1,0,0,0,0,0,0,0,1,0,2.0,0.0,1.0
2015,9,35.8894,-5.3198,84.263,5,0,0,0,0,0,0,0,1,0,5.0,5.0,2.0
2015,10,35.293,-2.9387,85.584,12,0,0,0,0,0,0,0,1,0,3.0,6.0,3.0
2014,0,37.3873,-5.9869,8.402.305,215,0,0,0,0,0,0,0,1,0,103.0,67.0,70.0
2014,1,41.6488,-0.8891,1.325.385,9,0,0,0,0,0,0,0,1,0,20.0,6.0,17.0
2014,2,43.3619,-5.8494,1.061.756,0,0,0,0,0,0,0,0,1,0,8.0,6.0,7.0
2014,3,39.5712,2.6466,1.103.442,15,0,0,0,0,0,0,0,1,0,7.0,15.0,24.0
2014,5,28.2916,-16.6291,2.104.815,17,0,0,0,0,0,0,0,1,0,12.0,21.0,16.0
2014,4,43.1828,-3.9878,588.656,1,0,0,0,0,0,0,0,1,0,1.0,2.0,1.0
2014,7,41.6523,-4.7245,2.494.790,9,0,0,0,0,0,0,0,1,0,8.0,10.0,4.0
2014,6,39.8628,-4.0273,2.078.611,15,0,0,0,0,0,0,0,1,0,15.0,7.0,9.0
2014,8,41.3851,2.1734,7.518.903,67,0,0,0,0,0,0,0,1,0,68.0,30.0,45.0
2014,11,39.4699,-0.3763,5.004.844,37,0,0,0,0,0,0,0,1,0,31.0,55.0,42.0
2014,12,39.4765,-6.3722,1.099.632,2,0,0,0,0,0,0,0,1,0,3.0,5.0,5.0
2014,13,42.5751,-8.1339,2.748.695,38,0,0,0,0,0,0,0,1,0,21.0,10.0,22.0
2014,14,40.4168,-3.7038,6.454.440,32,0,0,0,0,0,0,0,1,0,24.0,37.0,28.0
2014,15,37.9922,-1.1307,1.466.818,6,0,0,0,0,0,0,0,1,0,8.0,9.0,3.0
2014,16,42.6954,-1.6761,640.790,12,0,0,0,0,0,0,0,1,0,23.0,13.0,21.0
2014,17,43.263,-2.9349,2.188.985,36,0,0,0,0,0,0,0,1,0,24.0,26.0,18.0
2014,18,42.2871,-2.5396,319.002,2,0,0,0,0,0,0,0,1,0,0.0,1.0,0.0
2014,9,35.8894,-5.3198,84.963,5,0,0,0,0,0,0,0,1,0,5.0,2.0,4.0
2014,10,35.293,-2.9387,84.509,3,0,0,0,0,0,0,0,1,0,6.0,3.0,2.0
2013,0,37.3873,-5.9869,8.440.300,103,0,0,0,0,0,0,0,1,0,67.0,70.0,101.0
2013,1,41.6488,-0.8891,1.347.150,20,0,0,0,0,0,0,0,1,0,6.0,17.0,11.0
2013,2,43.3619,-5.8494,1.068.165,8,0,0,0,0,0,0,0,1,0,6.0,7.0,2.0
2013,3,39.5712,2.6466,1.111.674,7,0,0,0,0,0,0,0,1,0,15.0,24.0,20.0
2013,5,28.2916,-16.6291,2.118.679,12,0,0,0,0,0,0,0,1,0,21.0,16.0,22.0
2013,4,43.1828,-3.9878,591.888,1,0,0,0,0,0,0,0,1,0,2.0,1.0,3.0
2013,7,41.6523,-4.7245,2.519.875,8,0,0,0,0,0,0,0,1,0,10.0,4.0,12.0
2013,6,39.8628,-4.0273,2.100.998,15,0,0,0,0,0,0,0,1,0,7.0,9.0,7.0
2013,8,41.3851,2.1734,7.553.650,68,0,0,0,0,0,0,0,1,0,30.0,45.0,52.0
2013,11,39.4699,-0.3763,5.113.815,31,0,0,0,0,0,0,0,1,0,55.0,42.0,60.0
2013,12,39.4765,-6.3722,1.104.004,3,0,0,0,0,0,0,0,1,0,5.0,5.0,3.0
2013,13,42.5751,-8.1339,2.765.940,21,0,0,0,0,0,0,0,1,0,10.0,22.0,17.0
2013,14,40.4168,-3.7038,6.495.551,24,0,0,0,0,0,0,0,1,0,37.0,28.0,46.0
2013,15,37.9922,-1.1307,1.472.049,8,0,0,0,0,0,0,0,1,0,9.0,3.0,10.0
2013,16,42.6954,-1.6761,644.477,23,0,0,0,0,0,0,0,1,0,13.0,21.0,21.0
2013,17,43.263,-2.9349,2.191.682,24,0,0,0,0,0,0,0,1,0,26.0,18.0,25.0
2013,18,42.2871,-2.5396,322.027,0,0,0,0,0,0,0,0,1,0,1.0,0.0,0.0
2013,9,35.8894,-5.3198,84.180,5,0,0,0,0,0,0,0,1,0,2.0,4.0,2.0
2013,10,35.293,-2.9387,83.679,6,0,0,0,0,0,0,0,1,0,3.0,2.0,1.0
2019,0,37.3873,-5.9869,8.414.240,6728,0,0,0,0,0,0,0,0,1,6464.0,6196.0,5870.0
2019,1,41.6488,-0.8891,1.319.291,799,0,0,0,0,0,0,0,0,1,710.0,612.0,594.0
2019,2,43.3619,-5.8494,1.022.800,567,0,0,0,0,0,0,0,0,1,557.0,575.0,512.0
2019,3,39.5712,2.6466,1.149.460,1095,0,0,0,0,0,0,0,0,1,963.0,950.0,980.0
2019,5,28.2916,-16.6291,2.153.389,1721,0,0,0,0,0,0,0,0,1,1485.0,1521.0,1298.0
2019,4,43.1828,-3.9878,581.078,282,0,0,0,0,0,0,0,0,1,318.0,269.0,229.0
2019,7,41.6523,-4.7245,2.399.548,1186,0,0,0,0,0,0,0,0,1,1097.0,1054.0,1057.0
2019,6,39.8628,-4.0273,2.032.863,1250,0,0,0,0,0,0,0,0,1,1152.0,1016.0,1027.0
2019,8,41.3851,2.1734,7.675.217,3519,0,0,0,0,0,0,0,0,1,3464.0,3383.0,3240.0
2019,11,39.4699,-0.3763,5.003.769,4643,0,0,0,0,0,0,0,0,1,4361.0,4214.0,4019.0
2019,12,39.4765,-6.3722,1.067.710,680,0,0,0,0,0,0,0,0,1,602.0,614.0,599.0
2019,13,42.5751,-8.1339,2.699.499,1409,0,0,0,0,0,0,0,0,1,1266.0,1228.0,1061.0
2019,14,40.4168,-3.7038,6.663.394,4671,0,0,0,0,0,0,0,0,1,4464.0,4319.0,4029.0
2019,15,37.9922,-1.1307,1.493.898,1040,0,0,0,0,0,0,0,0,1,1009.0,893.0,894.0
2019,16,42.6954,-1.6761,654.214,415,0,0,0,0,0,0,0,0,1,407.0,327.0,341.0
2019,17,43.263,-2.9349,2.207.776,1573,0,0,0,0,0,0,0,0,1,1502.0,1417.0,1492.0
2019,18,42.2871,-2.5396,316.798,229,0,0,0,0,0,0,0,0,1,185.0,136.0,157.0
2019,9,35.8894,-5.3198,84.777,148,0,0,0,0,0,0,0,0,1,178.0,185.0,148.0
2019,10,35.293,-2.9387,86.487,97,0,0,0,0,0,0,0,0,1,78.0,67.0,78.0
2018,0,37.3873,-5.9869,8.384.408,6464,0,0,0,0,0,0,0,0,1,6196.0,5870.0,6379.0
2018,1,41.6488,-0.8891,1.308.728,710,0,0,0,0,0,0,0,0,1,612.0,594.0,674.0
2018,2,43.3619,-5.8494,1.028.244,557,0,0,0,0,0,0,0,0,1,575.0,512.0,446.0
2018,3,39.5712,2.6466,1.128.908,963,0,0,0,0,0,0,0,0,1,950.0,980.0,916.0
2018,5,28.2916,-16.6291,2.127.685,1485,0,0,0,0,0,0,0,0,1,1521.0,1298.0,1266.0
2018,4,43.1828,-3.9878,580.229,318,0,0,0,0,0,0,0,0,1,269.0,229.0,256.0
2018,7,41.6523,-4.7245,2.409.164,1097,0,0,0,0,0,0,0,0,1,1054.0,1057.0,1005.0
2018,6,39.8628,-4.0273,2.026.807,1152,0,0,0,0,0,0,0,0,1,1016.0,1027.0,1086.0
2018,8,41.3851,2.1734,7.600.065,3464,0,0,0,0,0,0,0,0,1,3383.0,3240.0,3261.0
2018,11,39.4699,-0.3763,4.963.703,4361,0,0,0,0,0,0,0,0,1,4214.0,4019.0,4137.0
2018,12,39.4765,-6.3722,1.072.863,602,0,0,0,0,0,0,0,0,1,614.0,599.0,530.0
2018,13,42.5751,-8.1339,2.701.743,1266,0,0,0,0,0,0,0,0,1,1228.0,1061.0,1032.0
2018,14,40.4168,-3.7038,6.578.079,4464,0,0,0,0,0,0,0,0,1,4319.0,4029.0,3587.0
2018,15,37.9922,-1.1307,1.478.509,1009,0,0,0,0,0,0,0,0,1,893.0,894.0,810.0
2018,16,42.6954,-1.6761,647.554,407,0,0,0,0,0,0,0,0,1,327.0,341.0,321.0
2018,17,43.263,-2.9349,2.199.088,1502,0,0,0,0,0,0,0,0,1,1417.0,1492.0,1479.0
2018,18,42.2871,-2.5396,315.675,185,0,0,0,0,0,0,0,0,1,136.0,157.0,126.0
2018,9,35.8894,-5.3198,85.144,178,0,0,0,0,0,0,0,0,1,185.0,148.0,129.0
2018,10,35.293,-2.9387,86.384,78,0,0,0,0,0,0,0,0,1,67.0,78.0,80.0
2017,0,37.3873,-5.9869,8.379.820,6196,0,0,0,0,0,0,0,0,1,5870.0,6379.0,6650.0
2017,1,41.6488,-0.8891,1.308.750,612,0,0,0,0,0,0,0,0,1,594.0,674.0,808.0
2017,2,43.3619,-5.8494,1.034.960,575,0,0,0,0,0,0,0,0,1,512.0,446.0,502.0
2017,3,39.5712,2.6466,1.115.999,950,0,0,0,0,0,0,0,0,1,980.0,916.0,846.0
2017,5,28.2916,-16.6291,2.108.121,1521,0,0,0,0,0,0,0,0,1,1298.0,1266.0,1339.0
2017,4,43.1828,-3.9878,580.295,269,0,0,0,0,0,0,0,0,1,229.0,256.0,277.0
2017,7,41.6523,-4.7245,2.425.801,1054,0,0,0,0,0,0,0,0,1,1057.0,1005.0,1004.0
2017,6,39.8628,-4.0273,2.031.479,1016,0,0,0,0,0,0,0,0,1,1027.0,1086.0,1119.0
2017,8,41.3851,2.1734,7.555.830,3383,0,0,0,0,0,0,0,0,1,3240.0,3261.0,3405.0
2017,11,39.4699,-0.3763,4.941.509,4214,0,0,0,0,0,0,0,0,1,4019.0,4137.0,4086.0
2017,12,39.4765,-6.3722,1.079.920,614,0,0,0,0,0,0,0,0,1,599.0,530.0,523.0
2017,13,42.5751,-8.1339,2.708.339,1228,0,0,0,0,0,0,0,0,1,1061.0,1032.0,1054.0
2017,14,40.4168,-3.7038,6.507.184,4319,0,0,0,0,0,0,0,0,1,4029.0,3587.0,3505.0
2017,15,37.9922,-1.1307,1.470.273,893,0,0,0,0,0,0,0,0,1,894.0,810.0,884.0
2017,16,42.6954,-1.6761,643.234,327,0,0,0,0,0,0,0,0,1,341.0,321.0,261.0
2017,17,43.263,-2.9349,2.194.158,1417,0,0,0,0,0,0,0,0,1,1492.0,1479.0,1418.0
2017,18,42.2871,-2.5396,315.381,136,0,0,0,0,0,0,0,0,1,157.0,126.0,131.0
2017,9,35.8894,-5.3198,84.959,185,0,0,0,0,0,0,0,0,1,148.0,129.0,119.0
2017,10,35.293,-2.9387,86.120,67,0,0,0,0,0,0,0,0,1,78.0,80.0,77.0
2016,0,37.3873,-5.9869,8.388.107,5870,0,0,0,0,0,0,0,0,1,6379.0,6650.0,6347.0
2016,1,41.6488,-0.8891,1.308.563,594,0,0,0,0,0,0,0,0,1,674.0,808.0,616.0
2016,2,43.3619,-5.8494,1.042.608,512,0,0,0,0,0,0,0,0,1,446.0,502.0,447.0
2016,3,39.5712,2.6466,1.107.220,980,0,0,0,0,0,0,0,0,1,916.0,846.0,798.0
2016,5,28.2916,-16.6291,2.101.924,1298,0,0,0,0,0,0,0,0,1,1266.0,1339.0,1298.0
2016,4,43.1828,-3.9878,582.206,229,0,0,0,0,0,0,0,0,1,256.0,277.0,300.0
2016,7,41.6523,-4.7245,2.447.519,1057,0,0,0,0,0,0,0,0,1,1005.0,1004.0,953.0
2016,6,39.8628,-4.0273,2.041.631,1027,0,0,0,0,0,0,0,0,1,1086.0,1119.0,1050.0
2016,8,41.3851,2.1734,7.522.596,3240,0,0,0,0,0,0,0,0,1,3261.0,3405.0,3450.0
2016,11,39.4699,-0.3763,4.959.968,4019,0,0,0,0,0,0,0,0,1,4137.0,4086.0,4054.0
2016,12,39.4765,-6.3722,1.087.778,599,0,0,0,0,0,0,0,0,1,530.0,523.0,603.0
2016,13,42.5751,-8.1339,2.718.525,1061,0,0,0,0,0,0,0,0,1,1032.0,1054.0,1022.0
2016,14,40.4168,-3.7038,6.466.996,4029,0,0,0,0,0,0,0,0,1,3587.0,3505.0,3553.0
2016,15,37.9922,-1.1307,1.464.847,894,0,0,0,0,0,0,0,0,1,810.0,884.0,783.0
2016,16,42.6954,-1.6761,640.647,341,0,0,0,0,0,0,0,0,1,321.0,261.0,198.0
2016,17,43.263,-2.9349,2.189.534,1492,0,0,0,0,0,0,0,0,1,1479.0,1418.0,1470.0
2016,18,42.2871,-2.5396,315.794,157,0,0,0,0,0,0,0,0,1,126.0,131.0,115.0
2016,9,35.8894,-5.3198,84.519,148,0,0,0,0,0,0,0,0,1,129.0,119.0,125.0
2016,10,35.293,-2.9387,86.026,78,0,0,0,0,0,0,0,0,1,80.0,77.0,43.0
2015,0,37.3873,-5.9869,8.399.043,6379,0,0,0,0,0,0,0,0,1,6650.0,6347.0,6422.0
2015,1,41.6488,-0.8891,1.317.847,674,0,0,0,0,0,0,0,0,1,808.0,616.0,618.0
2015,2,43.3619,-5.8494,1.051.229,446,0,0,0,0,0,0,0,0,1,502.0,447.0,408.0
2015,3,39.5712,2.6466,1.104.479,916,0,0,0,0,0,0,0,0,1,846.0,798.0,781.0
2015,5,28.2916,-16.6291,2.100.306,1266,0,0,0,0,0,0,0,0,1,1339.0,1298.0,1329.0
2015,4,43.1828,-3.9878,585.179,256,0,0,0,0,0,0,0,0,1,277.0,300.0,306.0
2015,7,41.6523,-4.7245,2.472.052,1005,0,0,0,0,0,0,0,0,1,1004.0,953.0,1009.0
2015,6,39.8628,-4.0273,2.059.191,1086,0,0,0,0,0,0,0,0,1,1119.0,1050.0,1021.0
2015,8,41.3851,2.1734,7.508.106,3261,0,0,0,0,0,0,0,0,1,3405.0,3450.0,3478.0
2015,11,39.4699,-0.3763,4.980.689,4137,0,0,0,0,0,0,0,0,1,4086.0,4054.0,4215.0
2015,12,39.4765,-6.3722,1.092.997,530,0,0,0,0,0,0,0,0,1,523.0,603.0,514.0
2015,13,42.5751,-8.1339,2.732.347,1032,0,0,0,0,0,0,0,0,1,1054.0,1022.0,1048.0
2015,14,40.4168,-3.7038,6.436.996,3587,0,0,0,0,0,0,0,0,1,3505.0,3553.0,4013.0
2015,15,37.9922,-1.1307,1.467.288,810,0,0,0,0,0,0,0,0,1,884.0,783.0,971.0
2015,16,42.6954,-1.6761,640.476,321,0,0,0,0,0,0,0,0,1,261.0,198.0,234.0
2015,17,43.263,-2.9349,2.189.257,1479,0,0,0,0,0,0,0,0,1,1418.0,1470.0,1458.0
2015,18,42.2871,-2.5396,317.053,126,0,0,0,0,0,0,0,0,1,131.0,115.0,147.0
2015,9,35.8894,-5.3198,84.263,129,0,0,0,0,0,0,0,0,1,119.0,125.0,157.0
2015,10,35.293,-2.9387,85.584,80,0,0,0,0,0,0,0,0,1,77.0,43.0,69.0
2014,0,37.3873,-5.9869,8.402.305,6650,0,0,0,0,0,0,0,0,1,6347.0,6422.0,6537.0
2014,1,41.6488,-0.8891,1.325.385,808,0,0,0,0,0,0,0,0,1,616.0,618.0,627.0
2014,2,43.3619,-5.8494,1.061.756,502,0,0,0,0,0,0,0,0,1,447.0,408.0,516.0
2014,3,39.5712,2.6466,1.103.442,846,0,0,0,0,0,0,0,0,1,798.0,781.0,832.0
2014,5,28.2916,-16.6291,2.104.815,1339,0,0,0,0,0,0,0,0,1,1298.0,1329.0,1428.0
2014,4,43.1828,-3.9878,588.656,277,0,0,0,0,0,0,0,0,1,300.0,306.0,327.0
2014,7,41.6523,-4.7245,2.494.790,1004,0,0,0,0,0,0,0,0,1,953.0,1009.0,1105.0
2014,6,39.8628,-4.0273,2.078.611,1119,0,0,0,0,0,0,0,0,1,1050.0,1021.0,1109.0
2014,8,41.3851,2.1734,7.518.903,3405,0,0,0,0,0,0,0,0,1,3450.0,3478.0,3724.0
2014,11,39.4699,-0.3763,5.004.844,4086,0,0,0,0,0,0,0,0,1,4054.0,4215.0,4337.0
2014,12,39.4765,-6.3722,1.099.632,523,0,0,0,0,0,0,0,0,1,603.0,514.0,542.0
2014,13,42.5751,-8.1339,2.748.695,1054,0,0,0,0,0,0,0,0,1,1022.0,1048.0,1120.0
2014,14,40.4168,-3.7038,6.454.440,3505,0,0,0,0,0,0,0,0,1,3553.0,4013.0,4387.0
2014,15,37.9922,-1.1307,1.466.818,884,0,0,0,0,0,0,0,0,1,783.0,971.0,931.0
2014,16,42.6954,-1.6761,640.790,261,0,0,0,0,0,0,0,0,1,198.0,234.0,230.0
2014,17,43.263,-2.9349,2.188.985,1418,0,0,0,0,0,0,0,0,1,1470.0,1458.0,1357.0
2014,18,42.2871,-2.5396,319.002,131,0,0,0,0,0,0,0,0,1,115.0,147.0,141.0
2014,9,35.8894,-5.3198,84.963,119,0,0,0,0,0,0,0,0,1,125.0,157.0,84.0
2014,10,35.293,-2.9387,84.509,77,0,0,0,0,0,0,0,0,1,43.0,69.0,67.0
2013,0,37.3873,-5.9869,8.440.300,6347,0,0,0,0,0,0,0,0,1,6422.0,6537.0,5957.0
2013,1,41.6488,-0.8891,1.347.150,616,0,0,0,0,0,0,0,0,1,618.0,627.0,593.0
2013,2,43.3619,-5.8494,1.068.165,447,0,0,0,0,0,0,0,0,1,408.0,516.0,519.0
2013,3,39.5712,2.6466,1.111.674,798,0,0,0,0,0,0,0,0,1,781.0,832.0,888.0
2013,5,28.2916,-16.6291,2.118.679,1298,0,0,0,0,0,0,0,0,1,1329.0,1428.0,1312.0
2013,4,43.1828,-3.9878,591.888,300,0,0,0,0,0,0,0,0,1,306.0,327.0,246.0
2013,7,41.6523,-4.7245,2.519.875,953,0,0,0,0,0,0,0,0,1,1009.0,1105.0,1130.0
2013,6,39.8628,-4.0273,2.100.998,1050,0,0,0,0,0,0,0,0,1,1021.0,1109.0,1149.0
2013,8,41.3851,2.1734,7.553.650,3450,0,0,0,0,0,0,0,0,1,3478.0,3724.0,3766.0
2013,11,39.4699,-0.3763,5.113.815,4054,0,0,0,0,0,0,0,0,1,4215.0,4337.0,4249.0
2013,12,39.4765,-6.3722,1.104.004,603,0,0,0,0,0,0,0,0,1,514.0,542.0,536.0
2013,13,42.5751,-8.1339,2.765.940,1022,0,0,0,0,0,0,0,0,1,1048.0,1120.0,1150.0
2013,14,40.4168,-3.7038,6.495.551,3553,0,0,0,0,0,0,0,0,1,4013.0,4387.0,3802.0
2013,15,37.9922,-1.1307,1.472.049,783,0,0,0,0,0,0,0,0,1,971.0,931.0,882.0
2013,16,42.6954,-1.6761,644.477,198,0,0,0,0,0,0,0,0,1,234.0,230.0,235.0
2013,17,43.263,-2.9349,2.191.682,1470,0,0,0,0,0,0,0,0,1,1458.0,1357.0,1170.0
2013,18,42.2871,-2.5396,322.027,115,0,0,0,0,0,0,0,0,1,147.0,141.0,137.0
2013,9,35.8894,-5.3198,84.180,125,0,0,0,0,0,0,0,0,1,157.0,84.0,101.0
2013,10,35.293,-2.9387,83.679,43,0,0,0,0,0,0,0,0,1,69.0,67.0,70.0
