year,region,latitude,longitude,population,values_year,1_against_people_indicator,2_against_freedom_indicator,3_sexual_freedom_indicator,4_family_relationships_indicator,5_property_crimes_indicator,6_collective_security_indicator,7_forgeries_indicator,8_public_administration_indicator,9_justice_administration_indicator,Values_year_PCA
2019,0,37.3873,-5.9869,8414240.0,37130,1,0,0,0,0,0,0,0,0,0.8627432476405559
2019,1,41.6488,-0.8891,1319291.0,4760,1,0,0,0,0,0,0,0,0,-0.3059429278081876
2019,2,43.3619,-5.8494,1022800.0,3368,1,0,0,0,0,0,0,0,0,-0.3453294911504091
2019,3,39.5712,2.6466,1149460.0,8110,1,0,0,0,0,0,0,0,0,-0.19531941786665824
2019,5,28.2916,-16.6291,2153389.0,12396,1,0,0,0,0,0,0,0,0,-0.02459571538023083
2019,4,43.1828,-3.9878,581078.0,2053,1,0,0,0,0,0,0,0,0,-0.3906236668294956
2019,7,41.6523,-4.7245,2399548.0,7345,1,0,0,0,0,0,0,0,0,-0.19525608142835574
2019,6,39.8628,-4.0273,2032863.0,7335,1,0,0,0,0,0,0,0,0,-0.21405466569906778
2019,8,41.3851,2.1734,7675217.0,21109,1,0,0,0,0,0,0,0,0,0.3121066743173799
2019,11,39.4699,-0.3763,5003769.0,23332,1,0,0,0,0,0,0,0,0,0.3501332292514429
2019,12,39.4765,-6.3722,1067710.0,3185,1,0,0,0,0,0,0,0,0,-0.34720029783180595
2019,13,42.5751,-8.1339,2699499.0,8027,1,0,0,0,0,0,0,0,0,-0.16248935326464925
2019,14,40.4168,-3.7038,6663394.0,29288,1,0,0,0,0,0,0,0,0,0.554423458402898
2019,15,37.9922,-1.1307,1493898.0,6237,1,0,0,0,0,0,0,0,0,-0.23949068290558057
2019,16,42.6954,-1.6761,654214.0,2693,1,0,0,0,0,0,0,0,0,-0.373354060872537
2019,17,43.263,-2.9349,2207776.0,6884,1,0,0,0,0,0,0,0,0,-0.23724469341948845
2019,18,42.2871,-2.5396,316798.0,1042,1,0,0,0,0,0,0,0,0,-0.4288228529884883
2019,9,35.8894,-5.3198,84777.0,710,1,0,0,0,0,0,0,0,0,-0.44106964116546277
2019,10,35.293,-2.9387,86487.0,931,1,0,0,0,0,0,0,0,0,-0.43384648092699085
2018,0,37.3873,-5.9869,8384408.0,35043,1,0,0,0,0,0,0,0,0,1.0189081709198666
2018,1,41.6488,-0.8891,1308728.0,4474,1,0,0,0,0,0,0,0,0,-0.3027705173301312
2018,2,43.3619,-5.8494,1028244.0,3159,1,0,0,0,0,0,0,0,0,-0.33166860164952144
2018,3,39.5712,2.6466,1128908.0,7545,1,0,0,0,0,0,0,0,0,-0.1926674325068836
2018,5,28.2916,-16.6291,2127685.0,11805,1,0,0,0,0,0,0,0,0,0.022440181546316242
2018,4,43.1828,-3.9878,580229.0,2110,1,0,0,0,0,0,0,0,0,-0.38376209186349425
2018,7,41.6523,-4.7245,2409164.0,7213,1,0,0,0,0,0,0,0,0,-0.15752539681917974
2018,6,39.8628,-4.0273,2026807.0,6828,1,0,0,0,0,0,0,0,0,-0.18826595055133916
2018,8,41.3851,2.1734,7600065.0,20684,1,0,0,0,0,0,0,0,0,0.39509626341494447
2018,11,39.4699,-0.3763,4963703.0,22039,1,0,0,0,0,0,0,0,0,0.40707337462534854
2018,12,39.4765,-6.3722,1072863.0,3097,1,0,0,0,0,0,0,0,0,-0.33267337684073034
2018,13,42.5751,-8.1339,2701743.0,8039,1,0,0,0,0,0,0,0,0,-0.12135950430805406
2018,14,40.4168,-3.7038,6578079.0,27360,1,0,0,0,0,0,0,0,0,0.5950749418038063
2018,15,37.9922,-1.1307,1478509.0,6010,1,0,0,0,0,0,0,0,0,-0.22027770678630829
2018,16,42.6954,-1.6761,647554.0,2589,1,0,0,0,0,0,0,0,0,-0.36891727063097274
2018,17,43.263,-2.9349,2199088.0,6391,1,0,0,0,0,0,0,0,0,-0.20600718152577754
2018,18,42.2871,-2.5396,315675.0,1057,1,0,0,0,0,0,0,0,0,-0.4273393123843062
2018,9,35.8894,-5.3198,85144.0,707,1,0,0,0,0,0,0,0,0,-0.44120277168309624
2018,10,35.293,-2.9387,86384.0,874,1,0,0,0,0,0,0,0,0,-0.43251484839901333
2017,0,37.3873,-5.9869,8379820.0,35087,1,0,0,0,0,0,0,0,0,1.3338426910190306
2017,1,41.6488,-0.8891,1308750.0,4146,1,0,0,0,0,0,0,0,0,-0.2795156946538696
2017,2,43.3619,-5.8494,1034960.0,3160,1,0,0,0,0,0,0,0,0,-0.3027243946700848
2017,3,39.5712,2.6466,1115999.0,7096,1,0,0,0,0,0,0,0,0,-0.16468187624960845
2017,5,28.2916,-16.6291,2108121.0,11744,1,0,0,0,0,0,0,0,0,0.12210957092999104
2017,4,43.1828,-3.9878,580295.0,1941,1,0,0,0,0,0,0,0,0,-0.3662591692537978
2017,7,41.6523,-4.7245,2425801.0,7127,1,0,0,0,0,0,0,0,0,-0.0811717020101641
2017,6,39.8628,-4.0273,2031479.0,6583,1,0,0,0,0,0,0,0,0,-0.1269761712434567
2017,8,41.3851,2.1734,7555830.0,20582,1,0,0,0,0,0,0,0,0,0.5954982943323205
2017,11,39.4699,-0.3763,4941509.0,21164,1,0,0,0,0,0,0,0,0,0.56435231186618
2017,12,39.4765,-6.3722,1079920.0,3184,1,0,0,0,0,0,0,0,0,-0.3041449177704709
2017,13,42.5751,-8.1339,2708339.0,7927,1,0,0,0,0,0,0,0,0,-0.04045437635036987
2017,14,40.4168,-3.7038,6507184.0,27093,1,0,0,0,0,0,0,0,0,0.6986795526582998
2017,15,37.9922,-1.1307,1470273.0,6033,1,0,0,0,0,0,0,0,0,-0.18343952037854253
2017,16,42.6954,-1.6761,643234.0,2427,1,0,0,0,0,0,0,0,0,-0.3451950560841982
2017,17,43.263,-2.9349,2194158.0,6193,1,0,0,0,0,0,0,0,0,-0.1280443070487915
2017,18,42.2871,-2.5396,315381.0,1006,1,0,0,0,0,0,0,0,0,-0.4207138265308479
2017,9,35.8894,-5.3198,84959.0,700,1,0,0,0,0,0,0,0,0,-0.4407493956229622
2017,10,35.293,-2.9387,86120.0,889,1,0,0,0,0,0,0,0,0,-0.4303697644532354
2016,0,37.3873,-5.9869,8388107.0,33661,1,0,0,0,0,0,0,0,0,1.6337566019762022
2016,1,41.6488,-0.8891,1308563.0,4005,1,0,0,0,0,0,0,0,0,-0.24961952309071156
2016,2,43.3619,-5.8494,1042608.0,3239,1,0,0,0,0,0,0,0,0,-0.2720921069715999
2016,3,39.5712,2.6466,1107220.0,6609,1,0,0,0,0,0,0,0,0,-0.1333799328176944
2016,5,28.2916,-16.6291,2101924.0,11021,1,0,0,0,0,0,0,0,0,0.22806517580897717
2016,4,43.1828,-3.9878,582206.0,1971,1,0,0,0,0,0,0,0,0,-0.35062256243620593
2016,7,41.6523,-4.7245,2447519.0,6922,1,0,0,0,0,0,0,0,0,-0.002510574862076584
2016,6,39.8628,-4.0273,2041631.0,6383,1,0,0,0,0,0,0,0,0,-0.06560150291280274
2016,8,41.3851,2.1734,7522596.0,19569,1,0,0,0,0,0,0,0,0,0.8027959790559289
2016,11,39.4699,-0.3763,4959968.0,20598,1,0,0,0,0,0,0,0,0,0.7166594893431699
2016,12,39.4765,-6.3722,1087778.0,3130,1,0,0,0,0,0,0,0,0,-0.27725042566650016
2016,13,42.5751,-8.1339,2718525.0,7854,1,0,0,0,0,0,0,0,0,0.041238580675015284
2016,14,40.4168,-3.7038,6466996.0,25275,1,0,0,0,0,0,0,0,0,0.8261378646959457
2016,15,37.9922,-1.1307,1464847.0,5768,1,0,0,0,0,0,0,0,0,-0.14860857951895048
2016,16,42.6954,-1.6761,640647.0,2352,1,0,0,0,0,0,0,0,0,-0.32751361359513903
2016,17,43.263,-2.9349,2189534.0,5393,1,0,0,0,0,0,0,0,0,-0.03931361654563243
2016,18,42.2871,-2.5396,315794.0,979,1,0,0,0,0,0,0,0,0,-0.41446821367393877
2016,9,35.8894,-5.3198,84519.0,680,1,0,0,0,0,0,0,0,0,-0.43993884292534924
2016,10,35.293,-2.9387,86026.0,888,1,0,0,0,0,0,0,0,0,-0.43043908342743387
2015,0,37.3873,-5.9869,8399043.0,47420,1,0,0,0,0,0,0,0,0,1.7943410929087067
2015,1,41.6488,-0.8891,1317847.0,4735,1,0,0,0,0,0,0,0,0,-0.23334982760632467
2015,2,43.3619,-5.8494,1051229.0,4238,1,0,0,0,0,0,0,0,0,-0.25351131884705924
2015,3,39.5712,2.6466,1104479.0,7774,1,0,0,0,0,0,0,0,0,-0.11793278638193938
2015,5,28.2916,-16.6291,2100306.0,15540,1,0,0,0,0,0,0,0,0,0.2854451437416451
2015,4,43.1828,-3.9878,585179.0,2656,1,0,0,0,0,0,0,0,0,-0.3424233517517567
2015,7,41.6523,-4.7245,2472052.0,10203,1,0,0,0,0,0,0,0,0,0.04559051373685594
2015,6,39.8628,-4.0273,2059191.0,8877,1,0,0,0,0,0,0,0,0,-0.02609736883953835
2015,8,41.3851,2.1734,7508106.0,27269,1,0,0,0,0,0,0,0,0,0.9316850924378295
2015,11,39.4699,-0.3763,4980689.0,26573,1,0,0,0,0,0,0,0,0,0.8109420120880628
2015,12,39.4765,-6.3722,1092997.0,4245,1,0,0,0,0,0,0,0,0,-0.2634706513044514
2015,13,42.5751,-8.1339,2732347.0,11296,1,0,0,0,0,0,0,0,0,0.0865534735954376
2015,14,40.4168,-3.7038,6436996.0,30615,1,0,0,0,0,0,0,0,0,0.912904346887942
2015,15,37.9922,-1.1307,1467288.0,7534,1,0,0,0,0,0,0,0,0,-0.12282880978323374
2015,16,42.6954,-1.6761,640476.0,2945,1,0,0,0,0,0,0,0,0,-0.33209096690538853
2015,17,43.263,-2.9349,2189257.0,8881,1,0,0,0,0,0,0,0,0,0.006472325891150196
2015,18,42.2871,-2.5396,317053.0,1176,1,0,0,0,0,0,0,0,0,-0.4087307641578169
2015,9,35.8894,-5.3198,84263.0,697,1,0,0,0,0,0,0,0,0,-0.43847199138843435
2015,10,35.293,-2.9387,85584.0,979,1,0,0,0,0,0,0,0,0,-0.4316214588721098
2014,0,37.3873,-5.9869,8402305.0,59774,1,0,0,0,0,0,0,0,0,1.8511181602592628
2014,1,41.6488,-0.8891,1325385.0,5975,1,0,0,0,0,0,0,0,0,-0.22229025151780737
2014,2,43.3619,-5.8494,1061756.0,5429,1,0,0,0,0,0,0,0,0,-0.2429871169044438
2014,3,39.5712,2.6466,1103442.0,9299,1,0,0,0,0,0,0,0,0,-0.1141184795455015
2014,5,28.2916,-16.6291,2104815.0,19560,1,0,0,0,0,0,0,0,0,0.3068070007388324
2014,4,43.1828,-3.9878,588656.0,3312,1,0,0,0,0,0,0,0,0,-0.3373904893999916
2014,7,41.6523,-4.7245,2494790.0,13110,1,0,0,0,0,0,0,0,0,0.06630041278490063
2014,6,39.8628,-4.0273,2078611.0,11389,1,0,0,0,0,0,0,0,0,-0.0149171908092883
2014,8,41.3851,2.1734,7518903.0,36313,1,0,0,0,0,0,0,0,0,0.9552112770175165
2014,11,39.4699,-0.3763,5004844.0,33506,1,0,0,0,0,0,0,0,0,0.827547128505737
2014,12,39.4765,-6.3722,1099632.0,5421,1,0,0,0,0,0,0,0,0,-0.2605490299552999
2014,13,42.5751,-8.1339,2748695.0,14264,1,0,0,0,0,0,0,0,0,0.09543957623418116
2014,14,40.4168,-3.7038,6454440.0,35230,1,0,0,0,0,0,0,0,0,0.9606244805576898
2014,15,37.9922,-1.1307,1466818.0,8920,1,0,0,0,0,0,0,0,0,-0.10883667177229518
2014,16,42.6954,-1.6761,640790.0,4294,1,0,0,0,0,0,0,0,0,-0.3493810605124301
2014,17,43.263,-2.9349,2188985.0,12313,1,0,0,0,0,0,0,0,0,0.010541962765039409
2014,18,42.2871,-2.5396,319002.0,1527,1,0,0,0,0,0,0,0,0,-0.40747276303233204
2014,9,35.8894,-5.3198,84963.0,736,1,0,0,0,0,0,0,0,0,-0.43785959034298866
2014,10,35.293,-2.9387,84509.0,1057,1,0,0,0,0,0,0,0,0,-0.4330489813637967
2013,0,37.3873,-5.9869,8440300.0,56840,1,0,0,0,0,0,0,0,0,1.94095741171159
2013,1,41.6488,-0.8891,1347150.0,6330,1,0,0,0,0,0,0,0,0,-0.2168520677584827
2013,2,43.3619,-5.8494,1068165.0,5617,1,0,0,0,0,0,0,0,0,-0.23582993094813068
2013,3,39.5712,2.6466,1111674.0,9030,1,0,0,0,0,0,0,0,0,-0.11514983453602184
2013,5,28.2916,-16.6291,2118679.0,19224,1,0,0,0,0,0,0,0,0,0.33316398277501896
2013,4,43.1828,-3.9878,591888.0,3180,1,0,0,0,0,0,0,0,0,-0.3324051323570444
2013,7,41.6523,-4.7245,2519875.0,13015,1,0,0,0,0,0,0,0,0,0.08225331978838168
2013,6,39.8628,-4.0273,2100998.0,11134,1,0,0,0,0,0,0,0,0,0.00019660666348023518
2013,8,41.3851,2.1734,7553650.0,35622,1,0,0,0,0,0,0,0,0,0.9815346844220322
2013,11,39.4699,-0.3763,5113815.0,32380,1,0,0,0,0,0,0,0,0,0.8612614504236642
2013,12,39.4765,-6.3722,1104004.0,5210,1,0,0,0,0,0,0,0,0,-0.24970521157023393
2013,13,42.5751,-8.1339,2765940.0,14182,1,0,0,0,0,0,0,0,0,0.1011549372769264
2013,14,40.4168,-3.7038,6495551.0,35149,1,0,0,0,0,0,0,0,0,1.010706429353857
2013,15,37.9922,-1.1307,1472049.0,8457,1,0,0,0,0,0,0,0,0,-0.09039581873053264
2013,16,42.6954,-1.6761,644477.0,3712,1,0,0,0,0,0,0,0,0,-0.3620851819126004
2013,17,43.263,-2.9349,2191682.0,12268,1,0,0,0,0,0,0,0,0,0.004617666755435636
2013,18,42.2871,-2.5396,322027.0,1462,1,0,0,0,0,0,0,0,0,-0.40448002906160724
2013,9,35.8894,-5.3198,84180.0,743,1,0,0,0,0,0,0,0,0,-0.43670860504916326
2013,10,35.293,-2.9387,83679.0,879,1,0,0,0,0,0,0,0,0,-0.43136348496612487
2019,0,37.3873,-5.9869,8414240.0,25751,0,1,0,0,0,0,0,0,0,0.45683974795098103
2019,1,41.6488,-0.8891,1319291.0,2276,0,1,0,0,0,0,0,0,0,-0.38529819800420856
2019,2,43.3619,-5.8494,1022800.0,1872,0,1,0,0,0,0,0,0,0,-0.3983994461130304
2019,3,39.5712,2.6466,1149460.0,4718,0,1,0,0,0,0,0,0,0,-0.3010755752778194
2019,5,28.2916,-16.6291,2153389.0,9328,0,1,0,0,0,0,0,0,0,-0.13288515730994074
2019,4,43.1828,-3.9878,581078.0,1455,0,1,0,0,0,0,0,0,0,-0.41690911138986086
2019,7,41.6523,-4.7245,2399548.0,5398,0,1,0,0,0,0,0,0,0,-0.2696126545071232
2019,6,39.8628,-4.0273,2032863.0,4655,0,1,0,0,0,0,0,0,0,-0.300012025589211
2019,8,41.3851,2.1734,7675217.0,18675,0,1,0,0,0,0,0,0,0,0.23585358667132966
2019,11,39.4699,-0.3763,5003769.0,13046,0,1,0,0,0,0,0,0,0,7.793629227986373e-05
2019,12,39.4765,-6.3722,1067710.0,2423,0,1,0,0,0,0,0,0,0,-0.38419568354499506
2019,13,42.5751,-8.1339,2699499.0,5692,0,1,0,0,0,0,0,0,0,-0.24233752227219257
2019,14,40.4168,-3.7038,6663394.0,15655,0,1,0,0,0,0,0,0,0,0.06956293009389115
2019,15,37.9922,-1.1307,1493898.0,3741,0,1,0,0,0,0,0,0,0,-0.34269179887454426
2019,16,42.6954,-1.6761,654214.0,1799,0,1,0,0,0,0,0,0,0,-0.40158112309301314
2019,17,43.263,-2.9349,2207776.0,7779,0,1,0,0,0,0,0,0,0,-0.16998122310894034
2019,18,42.2871,-2.5396,316798.0,518,0,1,0,0,0,0,0,0,0,-0.44978207258617103
2019,9,35.8894,-5.3198,84777.0,283,0,1,0,0,0,0,0,0,0,-0.45730048503726894
2019,10,35.293,-2.9387,86487.0,296,0,1,0,0,0,0,0,0,0,-0.4551761411360584
2018,0,37.3873,-5.9869,8384408.0,24513,0,1,0,0,0,0,0,0,0,0.3310267356139638
2018,1,41.6488,-0.8891,1308728.0,2233,0,1,0,0,0,0,0,0,0,-0.3960642736321569
2018,2,43.3619,-5.8494,1028244.0,1751,0,1,0,0,0,0,0,0,0,-0.4059128463091829
2018,3,39.5712,2.6466,1128908.0,4373,0,1,0,0,0,0,0,0,0,-0.32244415090356915
2018,5,28.2916,-16.6291,2127685.0,8955,0,1,0,0,0,0,0,0,0,-0.17995444021392623
2018,4,43.1828,-3.9878,580229.0,1366,0,1,0,0,0,0,0,0,0,-0.423281807655808
2018,7,41.6523,-4.7245,2409164.0,5270,0,1,0,0,0,0,0,0,0,-0.2957306698541396
2018,6,39.8628,-4.0273,2026807.0,4566,0,1,0,0,0,0,0,0,0,-0.3236219489362017
2018,8,41.3851,2.1734,7600065.0,18562,0,1,0,0,0,0,0,0,0,0.19114499954559083
2018,11,39.4699,-0.3763,4963703.0,12488,0,1,0,0,0,0,0,0,0,-0.05804310051150592
2018,12,39.4765,-6.3722,1072863.0,2198,0,1,0,0,0,0,0,0,0,-0.3954205589056775
2018,13,42.5751,-8.1339,2701743.0,5819,0,1,0,0,0,0,0,0,0,-0.26866278490849776
2018,14,40.4168,-3.7038,6578079.0,14497,0,1,0,0,0,0,0,0,0,-0.005172509213707077
2018,15,37.9922,-1.1307,1478509.0,3414,0,1,0,0,0,0,0,0,0,-0.3591218496191954
2018,16,42.6954,-1.6761,647554.0,1681,0,1,0,0,0,0,0,0,0,-0.4104515546191562
2018,17,43.263,-2.9349,2199088.0,7830,0,1,0,0,0,0,0,0,0,-0.18883444566368235
2018,18,42.2871,-2.5396,315675.0,502,0,1,0,0,0,0,0,0,0,-0.45201043828346293
2018,9,35.8894,-5.3198,85144.0,248,0,1,0,0,0,0,0,0,0,-0.458117406023627
2018,10,35.293,-2.9387,86384.0,340,0,1,0,0,0,0,0,0,0,-0.4573110526429729
2017,0,37.3873,-5.9869,8379820.0,24427,0,1,0,0,0,0,0,0,0,0.11292400961690073
2017,1,41.6488,-0.8891,1308750.0,2071,0,1,0,0,0,0,0,0,0,-0.4109131717002886
2017,2,43.3619,-5.8494,1034960.0,1842,0,1,0,0,0,0,0,0,0,-0.42311777150036234
2017,3,39.5712,2.6466,1115999.0,4377,0,1,0,0,0,0,0,0,0,-0.36111784354647514
2017,5,28.2916,-16.6291,2108121.0,8825,0,1,0,0,0,0,0,0,0,-0.2669320308770846
2017,4,43.1828,-3.9878,580295.0,1344,0,1,0,0,0,0,0,0,0,-0.4358902092267976
2017,7,41.6523,-4.7245,2425801.0,5083,0,1,0,0,0,0,0,0,0,-0.3447309478768564
2017,6,39.8628,-4.0273,2031479.0,4362,0,1,0,0,0,0,0,0,0,-0.36269604982909065
2017,8,41.3851,2.1734,7555830.0,18110,0,1,0,0,0,0,0,0,0,0.09070102829922318
2017,11,39.4699,-0.3763,4941509.0,12282,0,1,0,0,0,0,0,0,0,-0.1585874187664167
2017,12,39.4765,-6.3722,1079920.0,2233,0,1,0,0,0,0,0,0,0,-0.4149500458863492
2017,13,42.5751,-8.1339,2708339.0,5935,0,1,0,0,0,0,0,0,0,-0.3219558106172472
2017,14,40.4168,-3.7038,6507184.0,14066,0,1,0,0,0,0,0,0,0,-0.1364867455184745
2017,15,37.9922,-1.1307,1470273.0,3312,0,1,0,0,0,0,0,0,0,-0.38651007272242094
2017,16,42.6954,-1.6761,643234.0,1677,0,1,0,0,0,0,0,0,0,-0.42519846020434127
2017,17,43.263,-2.9349,2194158.0,7722,0,1,0,0,0,0,0,0,0,-0.2262549116649461
2017,18,42.2871,-2.5396,315381.0,461,0,1,0,0,0,0,0,0,0,-0.4554184787387145
2017,9,35.8894,-5.3198,84959.0,252,0,1,0,0,0,0,0,0,0,-0.4599379997170555
2017,10,35.293,-2.9387,86120.0,356,0,1,0,0,0,0,0,0,0,-0.4608219455566418
2016,0,37.3873,-5.9869,8388107.0,23184,0,1,0,0,0,0,0,0,0,-0.08608886328057754
2016,1,41.6488,-0.8891,1308563.0,2134,0,1,0,0,0,0,0,0,0,-0.42672843143853373
2016,2,43.3619,-5.8494,1042608.0,1824,0,1,0,0,0,0,0,0,0,-0.4400405551820936
2016,3,39.5712,2.6466,1107220.0,4258,0,1,0,0,0,0,0,0,0,-0.3989409266979341
2016,5,28.2916,-16.6291,2101924.0,8344,0,1,0,0,0,0,0,0,0,-0.3474878248623879
2016,4,43.1828,-3.9878,582206.0,1261,0,1,0,0,0,0,0,0,0,-0.4478817337392252
2016,7,41.6523,-4.7245,2447519.0,5110,0,1,0,0,0,0,0,0,0,-0.39490876794948165
2016,6,39.8628,-4.0273,2041631.0,4160,0,1,0,0,0,0,0,0,0,-0.39905937945439396
2016,8,41.3851,2.1734,7522596.0,18226,0,1,0,0,0,0,0,0,0,-0.013527843865059815
2016,11,39.4699,-0.3763,4959968.0,11726,0,1,0,0,0,0,0,0,0,-0.2524474120312098
2016,12,39.4765,-6.3722,1087778.0,2092,0,1,0,0,0,0,0,0,0,-0.4333838404290068
2016,13,42.5751,-8.1339,2718525.0,5838,0,1,0,0,0,0,0,0,0,-0.3757587589920233
2016,14,40.4168,-3.7038,6466996.0,13350,0,1,0,0,0,0,0,0,0,-0.2597631598439807
2016,15,37.9922,-1.1307,1464847.0,3032,0,1,0,0,0,0,0,0,0,-0.41106809696736374
2016,16,42.6954,-1.6761,640647.0,1812,0,1,0,0,0,0,0,0,0,-0.43899772074696264
2016,17,43.263,-2.9349,2189534.0,7684,0,1,0,0,0,0,0,0,0,-0.2649856695351118
2016,18,42.2871,-2.5396,315794.0,444,0,1,0,0,0,0,0,0,0,-0.45901079045505344
2016,9,35.8894,-5.3198,84519.0,322,0,1,0,0,0,0,0,0,0,-0.46225856453277886
2016,10,35.293,-2.9387,86026.0,290,0,1,0,0,0,0,0,0,0,-0.46341830422125563
2015,0,37.3873,-5.9869,8399043.0,14587,0,1,0,0,0,0,0,0,0,-0.17551485478283138
2015,1,41.6488,-0.8891,1317847.0,1384,0,1,0,0,0,0,0,0,0,-0.43280761082597996
2015,2,43.3619,-5.8494,1051229.0,1155,0,1,0,0,0,0,0,0,0,-0.44801478875750955
2015,3,39.5712,2.6466,1104479.0,2685,0,1,0,0,0,0,0,0,0,-0.41577980325730557
2015,5,28.2916,-16.6291,2100306.0,5244,0,1,0,0,0,0,0,0,0,-0.389627227596462
2015,4,43.1828,-3.9878,585179.0,864,0,1,0,0,0,0,0,0,0,-0.4544187859864314
2015,7,41.6523,-4.7245,2472052.0,3208,0,1,0,0,0,0,0,0,0,-0.4206148886423724
2015,6,39.8628,-4.0273,2059191.0,2707,0,1,0,0,0,0,0,0,0,-0.41742058212149397
2015,8,41.3851,2.1734,7508106.0,15034,0,1,0,0,0,0,0,0,0,-0.06822375826140686
2015,11,39.4699,-0.3763,4980689.0,7906,0,1,0,0,0,0,0,0,0,-0.2947370279867753
2015,12,39.4765,-6.3722,1092997.0,1312,0,1,0,0,0,0,0,0,0,-0.44220384221736087
2015,13,42.5751,-8.1339,2732347.0,3736,0,1,0,0,0,0,0,0,0,-0.40132019563357224
2015,14,40.4168,-3.7038,6436996.0,8609,0,1,0,0,0,0,0,0,0,-0.32137004346911663
2015,15,37.9922,-1.1307,1467288.0,2122,0,1,0,0,0,0,0,0,0,-0.42312312663966095
2015,16,42.6954,-1.6761,640476.0,977,0,1,0,0,0,0,0,0,0,-0.439113771120315
2015,17,43.263,-2.9349,2189257.0,6342,0,1,0,0,0,0,0,0,0,-0.28605452736964193
2015,18,42.2871,-2.5396,317053.0,327,0,1,0,0,0,0,0,0,0,-0.4607248056340551
2015,9,35.8894,-5.3198,84263.0,182,0,1,0,0,0,0,0,0,0,-0.462360138667206
2015,10,35.293,-2.9387,85584.0,172,0,1,0,0,0,0,0,0,0,-0.46451727174199203
2014,0,37.3873,-5.9869,8402305.0,7364,0,1,0,0,0,0,0,0,0,-0.178189789169257
2014,1,41.6488,-0.8891,1325385.0,909,0,1,0,0,0,0,0,0,0,-0.4311754560062342
2014,2,43.3619,-5.8494,1061756.0,494,0,1,0,0,0,0,0,0,0,-0.44752278492988756
2014,3,39.5712,2.6466,1103442.0,1350,0,1,0,0,0,0,0,0,0,-0.412738697786821
2014,5,28.2916,-16.6291,2104815.0,2014,0,1,0,0,0,0,0,0,0,-0.3869240119738326
2014,4,43.1828,-3.9878,588656.0,356,0,1,0,0,0,0,0,0,0,-0.4540654219777766
2014,7,41.6523,-4.7245,2494790.0,1242,0,1,0,0,0,0,0,0,0,-0.4203177331571026
2014,6,39.8628,-4.0273,2078611.0,1303,0,1,0,0,0,0,0,0,0,-0.4167270195817715
2014,8,41.3851,2.1734,7518903.0,10222,0,1,0,0,0,0,0,0,0,-0.059465515125869194
2014,11,39.4699,-0.3763,5004844.0,4413,0,1,0,0,0,0,0,0,0,-0.2889922017436396
2014,12,39.4765,-6.3722,1099632.0,706,0,1,0,0,0,0,0,0,0,-0.44251498277911394
2014,13,42.5751,-8.1339,2748695.0,1761,0,1,0,0,0,0,0,0,0,-0.4007436814066679
2014,14,40.4168,-3.7038,6454440.0,3784,0,1,0,0,0,0,0,0,0,-0.3172963334067161
2014,15,37.9922,-1.1307,1466818.0,1169,0,1,0,0,0,0,0,0,0,-0.42153978053135954
2014,16,42.6954,-1.6761,640790.0,523,0,1,0,0,0,0,0,0,0,-0.43661912022681365
2014,17,43.263,-2.9349,2188985.0,4788,0,1,0,0,0,0,0,0,0,-0.2874560336452872
2014,18,42.2871,-2.5396,319002.0,194,0,1,0,0,0,0,0,0,0,-0.4612824427388487
2014,9,35.8894,-5.3198,84963.0,109,0,1,0,0,0,0,0,0,0,-0.46115438517578444
2014,10,35.293,-2.9387,84509.0,82,0,1,0,0,0,0,0,0,0,-0.4643513605910589
2013,0,37.3873,-5.9869,8440300.0,7773,0,1,0,0,0,0,0,0,0,-0.19355216487744037
2013,1,41.6488,-0.8891,1347150.0,909,0,1,0,0,0,0,0,0,0,-0.4304243250890253
2013,2,43.3619,-5.8494,1068165.0,513,0,1,0,0,0,0,0,0,0,-0.4456583697628934
2013,3,39.5712,2.6466,1111674.0,1327,0,1,0,0,0,0,0,0,0,-0.4102971235578618
2013,5,28.2916,-16.6291,2118679.0,2103,0,1,0,0,0,0,0,0,0,-0.3865219376796873
2013,4,43.1828,-3.9878,591888.0,331,0,1,0,0,0,0,0,0,0,-0.4534951998424663
2013,7,41.6523,-4.7245,2519875.0,1221,0,1,0,0,0,0,0,0,0,-0.4198141662850286
2013,6,39.8628,-4.0273,2100998.0,1343,0,1,0,0,0,0,0,0,0,-0.4198115504412875
2013,8,41.3851,2.1734,7553650.0,10144,0,1,0,0,0,0,0,0,0,-0.054712232513708055
2013,11,39.4699,-0.3763,5113815.0,4454,0,1,0,0,0,0,0,0,0,-0.28917722209691393
2013,12,39.4765,-6.3722,1104004.0,663,0,1,0,0,0,0,0,0,0,-0.44368796413353323
2013,13,42.5751,-8.1339,2765940.0,1667,0,1,0,0,0,0,0,0,0,-0.3996564432067175
2013,14,40.4168,-3.7038,6495551.0,3797,0,1,0,0,0,0,0,0,0,-0.31723424073820644
2013,15,37.9922,-1.1307,1472049.0,1128,0,1,0,0,0,0,0,0,0,-0.4209791494701486
2013,16,42.6954,-1.6761,644477.0,748,0,1,0,0,0,0,0,0,0,-0.43753853376825425
2013,17,43.263,-2.9349,2191682.0,4680,0,1,0,0,0,0,0,0,0,-0.2928025973845689
2013,18,42.2871,-2.5396,322027.0,165,0,1,0,0,0,0,0,0,0,-0.4612211167593114
2013,9,35.8894,-5.3198,84180.0,143,0,1,0,0,0,0,0,0,0,-0.45944441240742034
2013,10,35.293,-2.9387,83679.0,89,0,1,0,0,0,0,0,0,0,-0.4638822625109057
2019,0,37.3873,-5.9869,8414240.0,2510,0,0,1,0,0,0,0,0,0,-0.387772672735465
2019,1,41.6488,-0.8891,1319291.0,330,0,0,1,0,0,0,0,0,0,-0.4561924253330051
2019,2,43.3619,-5.8494,1022800.0,193,0,0,1,0,0,0,0,0,0,-0.46142088881647175
2019,3,39.5712,2.6466,1149460.0,743,0,0,1,0,0,0,0,0,0,-0.44802585622425317
2019,5,28.2916,-16.6291,2153389.0,907,0,0,1,0,0,0,0,0,0,-0.4433758873991583
2019,4,43.1828,-3.9878,581078.0,107,0,0,1,0,0,0,0,0,0,-0.46455061052319424
2019,7,41.6523,-4.7245,2399548.0,507,0,0,1,0,0,0,0,0,0,-0.4537540516518016
2019,6,39.8628,-4.0273,2032863.0,520,0,0,1,0,0,0,0,0,0,-0.45232289745782356
2019,8,41.3851,2.1734,7675217.0,3034,0,0,1,0,0,0,0,0,0,-0.37730856728608575
2019,11,39.4699,-0.3763,5003769.0,1749,0,0,1,0,0,0,0,0,0,-0.41305354117013054
2019,12,39.4765,-6.3722,1067710.0,214,0,0,1,0,0,0,0,0,0,-0.46116580846483185
2019,13,42.5751,-8.1339,2699499.0,634,0,0,1,0,0,0,0,0,0,-0.4494945939620564
2019,14,40.4168,-3.7038,6663394.0,2215,0,0,1,0,0,0,0,0,0,-0.3993000218856927
2019,15,37.9922,-1.1307,1493898.0,535,0,0,1,0,0,0,0,0,0,-0.45181565344658997
2019,16,42.6954,-1.6761,654214.0,232,0,0,1,0,0,0,0,0,0,-0.45856286968392634
2019,17,43.263,-2.9349,2207776.0,668,0,0,1,0,0,0,0,0,0,-0.4478817971215652
2019,18,42.2871,-2.5396,316798.0,92,0,0,1,0,0,0,0,0,0,-0.46569399375864157
2019,9,35.8894,-5.3198,84777.0,23,0,0,1,0,0,0,0,0,0,-0.46636210344884116
2019,10,35.293,-2.9387,86487.0,33,0,0,1,0,0,0,0,0,0,-0.4664562958399385
2018,0,37.3873,-5.9869,8384408.0,2339,0,0,1,0,0,0,0,0,0,-0.39597144206562906
2018,1,41.6488,-0.8891,1308728.0,346,0,0,1,0,0,0,0,0,0,-0.4574112361894028
2018,2,43.3619,-5.8494,1028244.0,207,0,0,1,0,0,0,0,0,0,-0.4621970584652413
2018,3,39.5712,2.6466,1128908.0,584,0,0,1,0,0,0,0,0,0,-0.45025000039337515
2018,5,28.2916,-16.6291,2127685.0,750,0,0,1,0,0,0,0,0,0,-0.44651909433891573
2018,4,43.1828,-3.9878,580229.0,102,0,0,1,0,0,0,0,0,0,-0.46496389191634824
2018,7,41.6523,-4.7245,2409164.0,439,0,0,1,0,0,0,0,0,0,-0.4557779916651472
2018,6,39.8628,-4.0273,2026807.0,489,0,0,1,0,0,0,0,0,0,-0.45463806523622013
2018,8,41.3851,2.1734,7600065.0,2598,0,0,1,0,0,0,0,0,0,-0.38588210667491046
2018,11,39.4699,-0.3763,4963703.0,1580,0,0,1,0,0,0,0,0,0,-0.4177237013058817
2018,12,39.4765,-6.3722,1072863.0,209,0,0,1,0,0,0,0,0,0,-0.46174995217994197
2018,13,42.5751,-8.1339,2701743.0,536,0,0,1,0,0,0,0,0,0,-0.4508122423400401
2018,14,40.4168,-3.7038,6578079.0,2014,0,0,1,0,0,0,0,0,0,-0.40699457621344987
2018,15,37.9922,-1.1307,1478509.0,478,0,0,1,0,0,0,0,0,0,-0.45323428610673494
2018,16,42.6954,-1.6761,647554.0,271,0,0,1,0,0,0,0,0,0,-0.4602460615058034
2018,17,43.263,-2.9349,2199088.0,659,0,0,1,0,0,0,0,0,0,-0.4510879461801131
2018,18,42.2871,-2.5396,315675.0,61,0,0,1,0,0,0,0,0,0,-0.4658489720323931
2018,9,35.8894,-5.3198,85144.0,50,0,0,1,0,0,0,0,0,0,-0.46678325697959944
2018,10,35.293,-2.9387,86384.0,27,0,0,1,0,0,0,0,0,0,-0.4664126405899326
2017,0,37.3873,-5.9869,8379820.0,2064,0,0,1,0,0,0,0,0,0,-0.4012650579163495
2017,1,41.6488,-0.8891,1308750.0,274,0,0,1,0,0,0,0,0,0,-0.45801015200181366
2017,2,43.3619,-5.8494,1034960.0,146,0,0,1,0,0,0,0,0,0,-0.4624623335197296
2017,3,39.5712,2.6466,1115999.0,517,0,0,1,0,0,0,0,0,0,-0.45183398608293796
2017,5,28.2916,-16.6291,2108121.0,625,0,0,1,0,0,0,0,0,0,-0.4488152273031217
2017,4,43.1828,-3.9878,580295.0,84,0,0,1,0,0,0,0,0,0,-0.4650944118000614
2017,7,41.6523,-4.7245,2425801.0,368,0,0,1,0,0,0,0,0,0,-0.4569023538013178
2017,6,39.8628,-4.0273,2031479.0,371,0,0,1,0,0,0,0,0,0,-0.4557411420387107
2017,8,41.3851,2.1734,7555830.0,2212,0,0,1,0,0,0,0,0,0,-0.3901820827043199
2017,11,39.4699,-0.3763,4941509.0,1348,0,0,1,0,0,0,0,0,0,-0.4203467414589913
2017,12,39.4765,-6.3722,1079920.0,153,0,0,1,0,0,0,0,0,0,-0.46187359442071796
2017,13,42.5751,-8.1339,2708339.0,459,0,0,1,0,0,0,0,0,0,-0.45185619391830434
2017,14,40.4168,-3.7038,6507184.0,1776,0,0,1,0,0,0,0,0,0,-0.41183245745109714
2017,15,37.9922,-1.1307,1470273.0,391,0,0,1,0,0,0,0,0,0,-0.4534173236245767
2017,16,42.6954,-1.6761,643234.0,232,0,0,1,0,0,0,0,0,0,-0.46117884785794977
2017,17,43.263,-2.9349,2194158.0,500,0,0,1,0,0,0,0,0,0,-0.45249262121998957
2017,18,42.2871,-2.5396,315381.0,57,0,0,1,0,0,0,0,0,0,-0.46606626654099625
2017,9,35.8894,-5.3198,84959.0,25,0,0,1,0,0,0,0,0,0,-0.4669740226226967
2017,10,35.293,-2.9387,86120.0,29,0,0,1,0,0,0,0,0,0,-0.46638593168040493
2016,0,37.3873,-5.9869,8388107.0,1837,0,0,1,0,0,0,0,0,0,-0.4040084909423818
2016,1,41.6488,-0.8891,1308563.0,287,0,0,1,0,0,0,0,0,0,-0.4587215208310976
2016,2,43.3619,-5.8494,1042608.0,146,0,0,1,0,0,0,0,0,0,-0.4628085635475216
2016,3,39.5712,2.6466,1107220.0,442,0,0,1,0,0,0,0,0,0,-0.4523020536455465
2016,5,28.2916,-16.6291,2101924.0,530,0,0,1,0,0,0,0,0,0,-0.4496074250828099
2016,4,43.1828,-3.9878,582206.0,69,0,0,1,0,0,0,0,0,0,-0.46527019357988125
2016,7,41.6523,-4.7245,2447519.0,289,0,0,1,0,0,0,0,0,0,-0.45754941217900363
2016,6,39.8628,-4.0273,2041631.0,348,0,0,1,0,0,0,0,0,0,-0.4562510824181465
2016,8,41.3851,2.1734,7522596.0,2249,0,0,1,0,0,0,0,0,0,-0.3978977508004413
2016,11,39.4699,-0.3763,4959968.0,1343,0,0,1,0,0,0,0,0,0,-0.4234474454234469
2016,12,39.4765,-6.3722,1087778.0,157,0,0,1,0,0,0,0,0,0,-0.46200292603323667
2016,13,42.5751,-8.1339,2718525.0,434,0,0,1,0,0,0,0,0,0,-0.4530580044834668
2016,14,40.4168,-3.7038,6466996.0,1551,0,0,1,0,0,0,0,0,0,-0.4147955117991256
2016,15,37.9922,-1.1307,1464847.0,379,0,0,1,0,0,0,0,0,0,-0.45456892535316706
2016,16,42.6954,-1.6761,640647.0,219,0,0,1,0,0,0,0,0,0,-0.462461307267925
2016,17,43.263,-2.9349,2189534.0,394,0,0,1,0,0,0,0,0,0,-0.4524544753065004
2016,18,42.2871,-2.5396,315794.0,48,0,0,1,0,0,0,0,0,0,-0.46620716118037575
2016,9,35.8894,-5.3198,84519.0,39,0,0,1,0,0,0,0,0,0,-0.46727279422083273
2016,10,35.293,-2.9387,86026.0,51,0,0,1,0,0,0,0,0,0,-0.4665561098491506
2015,0,37.3873,-5.9869,8399043.0,1701,0,0,1,0,0,0,0,0,0,-0.40490149295141376
2015,1,41.6488,-0.8891,1317847.0,251,0,0,1,0,0,0,0,0,0,-0.4591824226732973
2015,2,43.3619,-5.8494,1051229.0,147,0,0,1,0,0,0,0,0,0,-0.4627910188145021
2015,3,39.5712,2.6466,1104479.0,411,0,0,1,0,0,0,0,0,0,-0.4526581542846337
2015,5,28.2916,-16.6291,2100306.0,506,0,0,1,0,0,0,0,0,0,-0.44937910337848935
2015,4,43.1828,-3.9878,585179.0,70,0,0,1,0,0,0,0,0,0,-0.46555164077763705
2015,7,41.6523,-4.7245,2472052.0,282,0,0,1,0,0,0,0,0,0,-0.45721839581389373
2015,6,39.8628,-4.0273,2059191.0,309,0,0,1,0,0,0,0,0,0,-0.45689718655459993
2015,8,41.3851,2.1734,7508106.0,1928,0,0,1,0,0,0,0,0,0,-0.40169604610589094
2015,11,39.4699,-0.3763,4980689.0,1216,0,0,1,0,0,0,0,0,0,-0.42399644567778244
2015,12,39.4765,-6.3722,1092997.0,164,0,0,1,0,0,0,0,0,0,-0.462387337979804
2015,13,42.5751,-8.1339,2732347.0,434,0,0,1,0,0,0,0,0,0,-0.45404397459831997
2015,14,40.4168,-3.7038,6436996.0,1415,0,0,1,0,0,0,0,0,0,-0.41614604887904144
2015,15,37.9922,-1.1307,1467288.0,368,0,0,1,0,0,0,0,0,0,-0.4556365569024976
2015,16,42.6954,-1.6761,640476.0,139,0,0,1,0,0,0,0,0,0,-0.46281886628381996
2015,17,43.263,-2.9349,2189257.0,411,0,0,1,0,0,0,0,0,0,-0.45296456398161644
2015,18,42.2871,-2.5396,317053.0,49,0,0,1,0,0,0,0,0,0,-0.46623574254949085
2015,9,35.8894,-5.3198,84263.0,17,0,0,1,0,0,0,0,0,0,-0.4672986929454553
2015,10,35.293,-2.9387,85584.0,30,0,0,1,0,0,0,0,0,0,-0.466604756550001
2014,0,37.3873,-5.9869,8402305.0,1653,0,0,1,0,0,0,0,0,0,-0.4039976575407828
2014,1,41.6488,-0.8891,1325385.0,227,0,0,1,0,0,0,0,0,0,-0.45862865648419043
2014,2,43.3619,-5.8494,1061756.0,125,0,0,1,0,0,0,0,0,0,-0.46278572553608927
2014,3,39.5712,2.6466,1103442.0,394,0,0,1,0,0,0,0,0,0,-0.45234399848174167
2014,5,28.2916,-16.6291,2104815.0,446,0,0,1,0,0,0,0,0,0,-0.4483099774910433
2014,4,43.1828,-3.9878,588656.0,74,0,0,1,0,0,0,0,0,0,-0.46547024943997745
2014,7,41.6523,-4.7245,2494790.0,281,0,0,1,0,0,0,0,0,0,-0.45725209463916144
2014,6,39.8628,-4.0273,2078611.0,285,0,0,1,0,0,0,0,0,0,-0.4563711915584986
2014,8,41.3851,2.1734,7518903.0,1877,0,0,1,0,0,0,0,0,0,-0.4019552280551334
2014,11,39.4699,-0.3763,5004844.0,1143,0,0,1,0,0,0,0,0,0,-0.4227141979898057
2014,12,39.4765,-6.3722,1099632.0,143,0,0,1,0,0,0,0,0,0,-0.4619467132529076
2014,13,42.5751,-8.1339,2748695.0,377,0,0,1,0,0,0,0,0,0,-0.4537849110142123
2014,14,40.4168,-3.7038,6454440.0,1401,0,0,1,0,0,0,0,0,0,-0.41564070478360987
2014,15,37.9922,-1.1307,1466818.0,377,0,0,1,0,0,0,0,0,0,-0.4564341379342335
2014,16,42.6954,-1.6761,640790.0,160,0,0,1,0,0,0,0,0,0,-0.4634267842269624
2014,17,43.263,-2.9349,2188985.0,391,0,0,1,0,0,0,0,0,0,-0.4524126162309741
2014,18,42.2871,-2.5396,319002.0,40,0,0,1,0,0,0,0,0,0,-0.46595611379019947
2014,9,35.8894,-5.3198,84963.0,10,0,0,1,0,0,0,0,0,0,-0.4672592687167716
2014,10,35.293,-2.9387,84509.0,31,0,0,1,0,0,0,0,0,0,-0.4665676188724799
2013,0,37.3873,-5.9869,8440300.0,1624,0,0,1,0,0,0,0,0,0,-0.40215295184803734
2013,1,41.6488,-0.8891,1347150.0,232,0,0,1,0,0,0,0,0,0,-0.45763426979874444
2013,2,43.3619,-5.8494,1068165.0,119,0,0,1,0,0,0,0,0,0,-0.4623528289344484
2013,3,39.5712,2.6466,1111674.0,406,0,0,1,0,0,0,0,0,0,-0.4520893322128815
2013,5,28.2916,-16.6291,2118679.0,469,0,0,1,0,0,0,0,0,0,-0.44666192488179207
2013,4,43.1828,-3.9878,591888.0,55,0,0,1,0,0,0,0,0,0,-0.4648197342205886
2013,7,41.6523,-4.7245,2519875.0,238,0,0,1,0,0,0,0,0,0,-0.45651822992342656
2013,6,39.8628,-4.0273,2100998.0,309,0,0,1,0,0,0,0,0,0,-0.4563950197548796
2013,8,41.3851,2.1734,7553650.0,1647,0,0,1,0,0,0,0,0,0,-0.39965515631606463
2013,11,39.4699,-0.3763,5113815.0,1102,0,0,1,0,0,0,0,0,0,-0.4201357175989385
2013,12,39.4765,-6.3722,1104004.0,147,0,0,1,0,0,0,0,0,0,-0.46178844017443416
2013,13,42.5751,-8.1339,2765940.0,340,0,0,1,0,0,0,0,0,0,-0.453150842265466
2013,14,40.4168,-3.7038,6495551.0,1320,0,0,1,0,0,0,0,0,0,-0.41537223344710567
2013,15,37.9922,-1.1307,1472049.0,288,0,0,1,0,0,0,0,0,0,-0.45642774639344375
2013,16,42.6954,-1.6761,644477.0,119,0,0,1,0,0,0,0,0,0,-0.4632895444627575
2013,17,43.263,-2.9349,2191682.0,397,0,0,1,0,0,0,0,0,0,-0.4521522605903711
2013,18,42.2871,-2.5396,322027.0,37,0,0,1,0,0,0,0,0,0,-0.46579800276629846
2013,9,35.8894,-5.3198,84180.0,16,0,0,1,0,0,0,0,0,0,-0.467234738316161
2013,10,35.293,-2.9387,83679.0,38,0,0,1,0,0,0,0,0,0,-0.46656920324579987
2019,0,37.3873,-5.9869,8414240.0,1503,0,0,0,1,0,0,0,0,0,-0.408643799986957
2019,1,41.6488,-0.8891,1319291.0,161,0,0,0,1,0,0,0,0,0,-0.46150187977747
2019,2,43.3619,-5.8494,1022800.0,99,0,0,0,1,0,0,0,0,0,-0.4636319935748844
2019,3,39.5712,2.6466,1149460.0,188,0,0,0,1,0,0,0,0,0,-0.4606529248284424
2019,5,28.2916,-16.6291,2153389.0,639,0,0,0,1,0,0,0,0,0,-0.43676418337889084
2019,4,43.1828,-3.9878,581078.0,41,0,0,0,1,0,0,0,0,0,-0.46620748525433775
2019,7,41.6523,-4.7245,2399548.0,196,0,0,0,1,0,0,0,0,0,-0.4600191801536582
2019,6,39.8628,-4.0273,2032863.0,326,0,0,0,1,0,0,0,0,0,-0.4554080911506455
2019,8,41.3851,2.1734,7675217.0,1134,0,0,0,1,0,0,0,0,0,-0.41718551828149186
2019,11,39.4699,-0.3763,5003769.0,858,0,0,0,1,0,0,0,0,0,-0.4337407255002373
2019,12,39.4765,-6.3722,1067710.0,224,0,0,0,1,0,0,0,0,0,-0.4597223710327228
2019,13,42.5751,-8.1339,2699499.0,171,0,0,0,1,0,0,0,0,0,-0.4594225329029605
2019,14,40.4168,-3.7038,6663394.0,822,0,0,0,1,0,0,0,0,0,-0.43503301531205113
2019,15,37.9922,-1.1307,1493898.0,552,0,0,0,1,0,0,0,0,0,-0.44611580531421624
2019,16,42.6954,-1.6761,654214.0,74,0,0,0,1,0,0,0,0,0,-0.46454398066031555
2019,17,43.263,-2.9349,2207776.0,139,0,0,0,1,0,0,0,0,0,-0.4604633877627483
2019,18,42.2871,-2.5396,316798.0,31,0,0,0,1,0,0,0,0,0,-0.46701602146242327
2019,9,35.8894,-5.3198,84777.0,31,0,0,0,1,0,0,0,0,0,-0.4665573881555494
2019,10,35.293,-2.9387,86487.0,25,0,0,0,1,0,0,0,0,0,-0.46682392350939583
2018,0,37.3873,-5.9869,8384408.0,1529,0,0,0,1,0,0,0,0,0,-0.4072264911140578
2018,1,41.6488,-0.8891,1308728.0,177,0,0,0,1,0,0,0,0,0,-0.4617354724522399
2018,2,43.3619,-5.8494,1028244.0,104,0,0,0,1,0,0,0,0,0,-0.46306187520728365
2018,3,39.5712,2.6466,1128908.0,168,0,0,0,1,0,0,0,0,0,-0.4598075209956753
2018,5,28.2916,-16.6291,2127685.0,754,0,0,0,1,0,0,0,0,0,-0.4335038072340759
2018,4,43.1828,-3.9878,580229.0,43,0,0,0,1,0,0,0,0,0,-0.46610758122751234
2018,7,41.6523,-4.7245,2409164.0,180,0,0,0,1,0,0,0,0,0,-0.45911363863013943
2018,6,39.8628,-4.0273,2026807.0,298,0,0,0,1,0,0,0,0,0,-0.4546765309667271
2018,8,41.3851,2.1734,7600065.0,1216,0,0,0,1,0,0,0,0,0,-0.40706879604350665
2018,11,39.4699,-0.3763,4963703.0,890,0,0,0,1,0,0,0,0,0,-0.43250407755881276
2018,12,39.4765,-6.3722,1072863.0,209,0,0,0,1,0,0,0,0,0,-0.459444308657302
2018,13,42.5751,-8.1339,2701743.0,190,0,0,0,1,0,0,0,0,0,-0.4581947696184397
2018,14,40.4168,-3.7038,6578079.0,862,0,0,0,1,0,0,0,0,0,-0.4304014477770347
2018,15,37.9922,-1.1307,1478509.0,588,0,0,0,1,0,0,0,0,0,-0.44621768555954294
2018,16,42.6954,-1.6761,647554.0,73,0,0,0,1,0,0,0,0,0,-0.46391958024124447
2018,17,43.263,-2.9349,2199088.0,205,0,0,0,1,0,0,0,0,0,-0.45924352409843366
2018,18,42.2871,-2.5396,315675.0,20,0,0,0,1,0,0,0,0,0,-0.4668388533515506
2018,9,35.8894,-5.3198,85144.0,28,0,0,0,1,0,0,0,0,0,-0.4663768712364235
2018,10,35.293,-2.9387,86384.0,22,0,0,0,1,0,0,0,0,0,-0.4666583724465065
2017,0,37.3873,-5.9869,8379820.0,1561,0,0,0,1,0,0,0,0,0,-0.4062992860738175
2017,1,41.6488,-0.8891,1308750.0,161,0,0,0,1,0,0,0,0,0,-0.4611167433802793
2017,2,43.3619,-5.8494,1034960.0,117,0,0,0,1,0,0,0,0,0,-0.4628021137198692
2017,3,39.5712,2.6466,1115999.0,180,0,0,0,1,0,0,0,0,0,-0.458844906733948
2017,5,28.2916,-16.6291,2108121.0,833,0,0,0,1,0,0,0,0,0,-0.4294163100934808
2017,4,43.1828,-3.9878,580295.0,46,0,0,0,1,0,0,0,0,0,-0.46587931781885017
2017,7,41.6523,-4.7245,2425801.0,226,0,0,0,1,0,0,0,0,0,-0.4585527247012776
2017,6,39.8628,-4.0273,2031479.0,335,0,0,0,1,0,0,0,0,0,-0.4540775611507849
2017,8,41.3851,2.1734,7555830.0,1320,0,0,0,1,0,0,0,0,0,-0.39458702442785176
2017,11,39.4699,-0.3763,4941509.0,889,0,0,0,1,0,0,0,0,0,-0.4303699624955026
2017,12,39.4765,-6.3722,1079920.0,216,0,0,0,1,0,0,0,0,0,-0.4589861254472896
2017,13,42.5751,-8.1339,2708339.0,224,0,0,0,1,0,0,0,0,0,-0.45724368236949126
2017,14,40.4168,-3.7038,6507184.0,804,0,0,0,1,0,0,0,0,0,-0.42477228262435757
2017,15,37.9922,-1.1307,1470273.0,570,0,0,0,1,0,0,0,0,0,-0.4461790714981732
2017,16,42.6954,-1.6761,643234.0,94,0,0,0,1,0,0,0,0,0,-0.463875366852132
2017,17,43.263,-2.9349,2194158.0,188,0,0,0,1,0,0,0,0,0,-0.45685292434539
2017,18,42.2871,-2.5396,315381.0,23,0,0,0,1,0,0,0,0,0,-0.4666720779857938
2017,9,35.8894,-5.3198,84959.0,28,0,0,0,1,0,0,0,0,0,-0.4660061288238575
2017,10,35.293,-2.9387,86120.0,31,0,0,0,1,0,0,0,0,0,-0.46661983042209604
2016,0,37.3873,-5.9869,8388107.0,1527,0,0,0,1,0,0,0,0,0,-0.4058637333837963
2016,1,41.6488,-0.8891,1308563.0,155,0,0,0,1,0,0,0,0,0,-0.4609392914488794
2016,2,43.3619,-5.8494,1042608.0,106,0,0,0,1,0,0,0,0,0,-0.4623120903852842
2016,3,39.5712,2.6466,1107220.0,212,0,0,0,1,0,0,0,0,0,-0.45804976999822883
2016,5,28.2916,-16.6291,2101924.0,837,0,0,0,1,0,0,0,0,0,-0.42579288267680565
2016,4,43.1828,-3.9878,582206.0,37,0,0,0,1,0,0,0,0,0,-0.46565730617798184
2016,7,41.6523,-4.7245,2447519.0,203,0,0,0,1,0,0,0,0,0,-0.45753563034581274
2016,6,39.8628,-4.0273,2041631.0,336,0,0,0,1,0,0,0,0,0,-0.45335774402895324
2016,8,41.3851,2.1734,7522596.0,1417,0,0,0,1,0,0,0,0,0,-0.38245228285153116
2016,11,39.4699,-0.3763,4959968.0,880,0,0,0,1,0,0,0,0,0,-0.4292229689304425
2016,12,39.4765,-6.3722,1087778.0,207,0,0,0,1,0,0,0,0,0,-0.458417991812079
2016,13,42.5751,-8.1339,2718525.0,242,0,0,0,1,0,0,0,0,0,-0.45730405841751465
2016,14,40.4168,-3.7038,6466996.0,893,0,0,0,1,0,0,0,0,0,-0.42038666123899626
2016,15,37.9922,-1.1307,1464847.0,535,0,0,0,1,0,0,0,0,0,-0.446698711011545
2016,16,42.6954,-1.6761,640647.0,89,0,0,0,1,0,0,0,0,0,-0.46349241326478113
2016,17,43.263,-2.9349,2189534.0,181,0,0,0,1,0,0,0,0,0,-0.4527930586775787
2016,18,42.2871,-2.5396,315794.0,20,0,0,0,1,0,0,0,0,0,-0.4665158574197253
2016,9,35.8894,-5.3198,84519.0,43,0,0,0,1,0,0,0,0,0,-0.46585118655539204
2016,10,35.293,-2.9387,86026.0,25,0,0,0,1,0,0,0,0,0,-0.46665511366466195
2015,0,37.3873,-5.9869,8399043.0,1641,0,0,0,1,0,0,0,0,0,-0.4052511935534139
2015,1,41.6488,-0.8891,1317847.0,159,0,0,0,1,0,0,0,0,0,-0.4610735065139758
2015,2,43.3619,-5.8494,1051229.0,149,0,0,0,1,0,0,0,0,0,-0.46217483261403836
2015,3,39.5712,2.6466,1104479.0,234,0,0,0,1,0,0,0,0,0,-0.45773583450158906
2015,5,28.2916,-16.6291,2100306.0,1010,0,0,0,1,0,0,0,0,0,-0.4256842551387507
2015,4,43.1828,-3.9878,585179.0,51,0,0,0,1,0,0,0,0,0,-0.46579497804959863
2015,7,41.6523,-4.7245,2472052.0,251,0,0,0,1,0,0,0,0,0,-0.4570342600160838
2015,6,39.8628,-4.0273,2059191.0,355,0,0,0,1,0,0,0,0,0,-0.45353727497609636
2015,8,41.3851,2.1734,7508106.0,2012,0,0,0,1,0,0,0,0,0,-0.37724817831770296
2015,11,39.4699,-0.3763,4980689.0,988,0,0,0,1,0,0,0,0,0,-0.4288449125457659
2015,12,39.4765,-6.3722,1092997.0,231,0,0,0,1,0,0,0,0,0,-0.4581972404793642
2015,13,42.5751,-8.1339,2732347.0,286,0,0,0,1,0,0,0,0,0,-0.45794727763665105
2015,14,40.4168,-3.7038,6436996.0,1228,0,0,0,1,0,0,0,0,0,-0.41944941931992225
2015,15,37.9922,-1.1307,1467288.0,581,0,0,0,1,0,0,0,0,0,-0.44684617297879176
2015,16,42.6954,-1.6761,640476.0,122,0,0,0,1,0,0,0,0,0,-0.46393698092673236
2015,17,43.263,-2.9349,2189257.0,302,0,0,0,1,0,0,0,0,0,-0.45106168303134125
2015,18,42.2871,-2.5396,317053.0,34,0,0,0,1,0,0,0,0,0,-0.4666173638357071
2015,9,35.8894,-5.3198,84263.0,42,0,0,0,1,0,0,0,0,0,-0.46544274832619825
2015,10,35.293,-2.9387,85584.0,35,0,0,0,1,0,0,0,0,0,-0.466835216483417
2014,0,37.3873,-5.9869,8402305.0,1633,0,0,0,1,0,0,0,0,0,-0.40717603871918884
2014,1,41.6488,-0.8891,1325385.0,210,0,0,0,1,0,0,0,0,0,-0.46198796018579585
2014,2,43.3619,-5.8494,1061756.0,137,0,0,0,1,0,0,0,0,0,-0.46187827553890143
2014,3,39.5712,2.6466,1103442.0,255,0,0,0,1,0,0,0,0,0,-0.45827776761099587
2014,5,28.2916,-16.6291,2104815.0,1153,0,0,0,1,0,0,0,0,0,-0.42867679539451803
2014,4,43.1828,-3.9878,588656.0,64,0,0,0,1,0,0,0,0,0,-0.46597814159913525
2014,7,41.6523,-4.7245,2494790.0,270,0,0,0,1,0,0,0,0,0,-0.45730708314301016
2014,6,39.8628,-4.0273,2078611.0,382,0,0,0,1,0,0,0,0,0,-0.45532926924939043
2014,8,41.3851,2.1734,7518903.0,2294,0,0,0,1,0,0,0,0,0,-0.3798333278895984
2014,11,39.4699,-0.3763,5004844.0,1056,0,0,0,1,0,0,0,0,0,-0.43031259224824
2014,12,39.4765,-6.3722,1099632.0,252,0,0,0,1,0,0,0,0,0,-0.4593740567793668
2014,13,42.5751,-8.1339,2748695.0,298,0,0,0,1,0,0,0,0,0,-0.45959612243256215
2014,14,40.4168,-3.7038,6454440.0,1241,0,0,0,1,0,0,0,0,0,-0.4202827284900603
2014,15,37.9922,-1.1307,1466818.0,573,0,0,0,1,0,0,0,0,0,-0.44771070586512424
2014,16,42.6954,-1.6761,640790.0,97,0,0,0,1,0,0,0,0,0,-0.46383698689108954
2014,17,43.263,-2.9349,2188985.0,375,0,0,0,1,0,0,0,0,0,-0.45097777967921976
2014,18,42.2871,-2.5396,319002.0,36,0,0,0,1,0,0,0,0,0,-0.4668474996863654
2014,9,35.8894,-5.3198,84963.0,57,0,0,0,1,0,0,0,0,0,-0.4656664566307807
2014,10,35.293,-2.9387,84509.0,34,0,0,0,1,0,0,0,0,0,-0.4669274104008234
2013,0,37.3873,-5.9869,8440300.0,1559,0,0,0,1,0,0,0,0,0,-0.4091344663563977
2013,1,41.6488,-0.8891,1347150.0,168,0,0,0,1,0,0,0,0,0,-0.462349840214239
2013,2,43.3619,-5.8494,1068165.0,144,0,0,0,1,0,0,0,0,0,-0.46221503529687674
2013,3,39.5712,2.6466,1111674.0,274,0,0,0,1,0,0,0,0,0,-0.4597218351839883
2013,5,28.2916,-16.6291,2118679.0,1117,0,0,0,1,0,0,0,0,0,-0.4322813585654636
2013,4,43.1828,-3.9878,591888.0,54,0,0,0,1,0,0,0,0,0,-0.4659545474151248
2013,7,41.6523,-4.7245,2519875.0,282,0,0,0,1,0,0,0,0,0,-0.4579847033828481
2013,6,39.8628,-4.0273,2100998.0,392,0,0,0,1,0,0,0,0,0,-0.45751677986777106
2013,8,41.3851,2.1734,7553650.0,2358,0,0,0,1,0,0,0,0,0,-0.38694858081887723
2013,11,39.4699,-0.3763,5113815.0,967,0,0,0,1,0,0,0,0,0,-0.43240206609835724
2013,12,39.4765,-6.3722,1104004.0,251,0,0,0,1,0,0,0,0,0,-0.46026813907891745
2013,13,42.5751,-8.1339,2765940.0,236,0,0,0,1,0,0,0,0,0,-0.46045890470442336
2013,14,40.4168,-3.7038,6495551.0,1232,0,0,0,1,0,0,0,0,0,-0.42669002813749024
2013,15,37.9922,-1.1307,1472049.0,493,0,0,0,1,0,0,0,0,0,-0.4477416141004064
2013,16,42.6954,-1.6761,644477.0,119,0,0,0,1,0,0,0,0,0,-0.46430979384115284
2013,17,43.263,-2.9349,2191682.0,498,0,0,0,1,0,0,0,0,0,-0.4530443709547517
2013,18,42.2871,-2.5396,322027.0,32,0,0,0,1,0,0,0,0,0,-0.4668637438402052
2013,9,35.8894,-5.3198,84180.0,55,0,0,0,1,0,0,0,0,0,-0.46597261428196485
2013,10,35.293,-2.9387,83679.0,22,0,0,0,1,0,0,0,0,0,-0.46682514780346757
2019,0,37.3873,-5.9869,8414240.0,239711,0,0,0,0,1,0,0,0,0,8.840655682725323
2019,1,41.6488,-0.8891,1319291.0,31651,0,0,0,0,1,0,0,0,0,0.6507519017706577
2019,2,43.3619,-5.8494,1022800.0,19066,0,0,0,0,1,0,0,0,0,0.2388232347801983
2019,3,39.5712,2.6466,1149460.0,58274,0,0,0,0,1,0,0,0,0,1.6193298851635862
2019,5,28.2916,-16.6291,2153389.0,64716,0,0,0,0,1,0,0,0,0,1.9115295502582657
2019,4,43.1828,-3.9878,581078.0,12953,0,0,0,0,1,0,0,0,0,0.013135788977798355
2019,7,41.6523,-4.7245,2399548.0,56640,0,0,0,0,1,0,0,0,0,1.628408579676105
2019,6,39.8628,-4.0273,2032863.0,50473,0,0,0,0,1,0,0,0,0,1.3656679087306247
2019,8,41.3851,2.1734,7675217.0,425113,0,0,0,0,1,0,0,0,0,13.837719559067265
2019,11,39.4699,-0.3763,5003769.0,174091,0,0,0,0,1,0,0,0,0,6.280323368999957
2019,12,39.4765,-6.3722,1067710.0,18583,0,0,0,0,1,0,0,0,0,0.2328424385605323
2019,13,42.5751,-8.1339,2699499.0,56924,0,0,0,0,1,0,0,0,0,1.5860458992852096
2019,14,40.4168,-3.7038,6663394.0,337836,0,0,0,0,1,0,0,0,0,11.83505209632126
2019,15,37.9922,-1.1307,1493898.0,41700,0,0,0,0,1,0,0,0,0,1.0392016144594158
2019,16,42.6954,-1.6761,654214.0,21485,0,0,0,0,1,0,0,0,0,0.26601039625018397
2019,17,43.263,-2.9349,2207776.0,71978,0,0,0,0,1,0,0,0,0,2.023112996071499
2019,18,42.2871,-2.5396,316798.0,6179,0,0,0,0,1,0,0,0,0,-0.24563850679187618
2019,9,35.8894,-5.3198,84777.0,2159,0,0,0,0,1,0,0,0,0,-0.3815133391644703
2019,10,35.293,-2.9387,86487.0,3281,0,0,0,0,1,0,0,0,0,-0.3510481752425604
2018,0,37.3873,-5.9869,8384408.0,240939,0,0,0,0,1,0,0,0,0,8.854340838613972
2018,1,41.6488,-0.8891,1308728.0,29952,0,0,0,0,1,0,0,0,0,0.6396583197166461
2018,2,43.3619,-5.8494,1028244.0,18807,0,0,0,0,1,0,0,0,0,0.24043026259211608
2018,3,39.5712,2.6466,1128908.0,55800,0,0,0,0,1,0,0,0,0,1.5531571318828703
2018,5,28.2916,-16.6291,2127685.0,61599,0,0,0,0,1,0,0,0,0,1.900746993637949
2018,4,43.1828,-3.9878,580229.0,12552,0,0,0,0,1,0,0,0,0,0.0018160994934759297
2018,7,41.6523,-4.7245,2409164.0,55843,0,0,0,0,1,0,0,0,0,1.61713113369763
2018,6,39.8628,-4.0273,2026807.0,49886,0,0,0,0,1,0,0,0,0,1.3551096953014712
2018,8,41.3851,2.1734,7600065.0,409295,0,0,0,0,1,0,0,0,0,13.07589874984048
2018,11,39.4699,-0.3763,4963703.0,175524,0,0,0,0,1,0,0,0,0,6.333551480094731
2018,12,39.4765,-6.3722,1072863.0,18333,0,0,0,0,1,0,0,0,0,0.24051359407262565
2018,13,42.5751,-8.1339,2701743.0,55664,0,0,0,0,1,0,0,0,0,1.5550790569375235
2018,14,40.4168,-3.7038,6578079.0,325802,0,0,0,0,1,0,0,0,0,11.561192970544674
2018,15,37.9922,-1.1307,1478509.0,40812,0,0,0,0,1,0,0,0,0,1.0190344311229547
2018,16,42.6954,-1.6761,647554.0,19908,0,0,0,0,1,0,0,0,0,0.23538459972073877
2018,17,43.263,-2.9349,2199088.0,68582,0,0,0,0,1,0,0,0,0,1.949304616254363
2018,18,42.2871,-2.5396,315675.0,5894,0,0,0,0,1,0,0,0,0,-0.2410532643013641
2018,9,35.8894,-5.3198,85144.0,2243,0,0,0,0,1,0,0,0,0,-0.3754229362073094
2018,10,35.293,-2.9387,86384.0,3329,0,0,0,0,1,0,0,0,0,-0.35589193946135994
2017,0,37.3873,-5.9869,8379820.0,242164,0,0,0,0,1,0,0,0,0,8.950856800422596
2017,1,41.6488,-0.8891,1308750.0,28437,0,0,0,0,1,0,0,0,0,0.6601298185618288
2017,2,43.3619,-5.8494,1034960.0,17964,0,0,0,0,1,0,0,0,0,0.260480834489834
2017,3,39.5712,2.6466,1115999.0,55129,0,0,0,0,1,0,0,0,0,1.5150371776203653
2017,5,28.2916,-16.6291,2108121.0,62255,0,0,0,0,1,0,0,0,0,1.8688091421096065
2017,4,43.1828,-3.9878,580295.0,12678,0,0,0,0,1,0,0,0,0,-0.010795387895727529
2017,7,41.6523,-4.7245,2425801.0,53459,0,0,0,0,1,0,0,0,0,1.6496202401160116
2017,6,39.8628,-4.0273,2031479.0,46528,0,0,0,0,1,0,0,0,0,1.4078122915333318
2017,8,41.3851,2.1734,7555830.0,361790,0,0,0,0,1,0,0,0,0,12.948334747584274
2017,11,39.4699,-0.3763,4941509.0,173357,0,0,0,0,1,0,0,0,0,6.511187337453713
2017,12,39.4765,-6.3722,1079920.0,18059,0,0,0,0,1,0,0,0,0,0.2547027150255042
2017,13,42.5751,-8.1339,2708339.0,51864,0,0,0,0,1,0,0,0,0,1.578062757554333
2017,14,40.4168,-3.7038,6507184.0,319369,0,0,0,0,1,0,0,0,0,11.365221428927189
2017,15,37.9922,-1.1307,1470273.0,38611,0,0,0,0,1,0,0,0,0,1.0092137206301557
2017,16,42.6954,-1.6761,643234.0,18463,0,0,0,0,1,0,0,0,0,0.2448940786373161
2017,17,43.263,-2.9349,2194158.0,62871,0,0,0,0,1,0,0,0,0,1.9551322732080698
2017,18,42.2871,-2.5396,315381.0,5676,0,0,0,0,1,0,0,0,0,-0.23236495759803183
2017,9,35.8894,-5.3198,84959.0,2132,0,0,0,0,1,0,0,0,0,-0.3672437503021078
2017,10,35.293,-2.9387,86120.0,2826,0,0,0,0,1,0,0,0,0,-0.35837090153427265
2016,0,37.3873,-5.9869,8388107.0,243163,0,0,0,0,1,0,0,0,0,9.333692306505498
2016,1,41.6488,-0.8891,1308563.0,28874,0,0,0,0,1,0,0,0,0,0.7003429701291853
2016,2,43.3619,-5.8494,1042608.0,18359,0,0,0,0,1,0,0,0,0,0.292078764916252
2016,3,39.5712,2.6466,1107220.0,51859,0,0,0,0,1,0,0,0,0,1.5836183995042241
2016,5,28.2916,-16.6291,2101924.0,61781,0,0,0,0,1,0,0,0,0,1.8833125263293882
2016,4,43.1828,-3.9878,582206.0,12290,0,0,0,0,1,0,0,0,0,-0.016214186600740945
2016,7,41.6523,-4.7245,2447519.0,54234,0,0,0,0,1,0,0,0,0,1.7082708372281241
2016,6,39.8628,-4.0273,2041631.0,46605,0,0,0,0,1,0,0,0,0,1.498194310706867
2016,8,41.3851,2.1734,7522596.0,344365,0,0,0,0,1,0,0,0,0,13.163132092983297
2016,11,39.4699,-0.3763,4959968.0,177644,0,0,0,0,1,0,0,0,0,6.8126036251585855
2016,12,39.4765,-6.3722,1087778.0,18274,0,0,0,0,1,0,0,0,0,0.2810175714365523
2016,13,42.5751,-8.1339,2718525.0,52691,0,0,0,0,1,0,0,0,0,1.6263011123558644
2016,14,40.4168,-3.7038,6466996.0,314569,0,0,0,0,1,0,0,0,0,11.39756163618078
2016,15,37.9922,-1.1307,1464847.0,38128,0,0,0,0,1,0,0,0,0,1.0400036305086222
2016,16,42.6954,-1.6761,640647.0,18875,0,0,0,0,1,0,0,0,0,0.2268491103465541
2016,17,43.263,-2.9349,2189534.0,62837,0,0,0,0,1,0,0,0,0,1.9878951609112343
2016,18,42.2871,-2.5396,315794.0,5764,0,0,0,0,1,0,0,0,0,-0.21548611165888423
2016,9,35.8894,-5.3198,84519.0,2361,0,0,0,0,1,0,0,0,0,-0.3584685166323571
2016,10,35.293,-2.9387,86026.0,2953,0,0,0,0,1,0,0,0,0,-0.3599516475074565
2015,0,37.3873,-5.9869,8399043.0,241975,0,0,0,0,1,0,0,0,0,9.945536257786154
2015,1,41.6488,-0.8891,1317847.0,29101,0,0,0,0,1,0,0,0,0,0.7865358187043525
2015,2,43.3619,-5.8494,1051229.0,18946,0,0,0,0,1,0,0,0,0,0.3136159292951548
2015,3,39.5712,2.6466,1104479.0,50642,0,0,0,0,1,0,0,0,0,1.6808405589038289
2015,5,28.2916,-16.6291,2100306.0,60740,0,0,0,0,1,0,0,0,0,1.959527442229362
2015,4,43.1828,-3.9878,585179.0,11661,0,0,0,0,1,0,0,0,0,-0.0036450799666505208
2015,7,41.6523,-4.7245,2472052.0,54991,0,0,0,0,1,0,0,0,0,1.7913308860508936
2015,6,39.8628,-4.0273,2059191.0,49126,0,0,0,0,1,0,0,0,0,1.5561079779607678
2015,8,41.3851,2.1734,7508106.0,350445,0,0,0,0,1,0,0,0,0,13.530842462541743
2015,11,39.4699,-0.3763,4980689.0,179704,0,0,0,0,1,0,0,0,0,7.291266767147265
2015,12,39.4765,-6.3722,1092997.0,18942,0,0,0,0,1,0,0,0,0,0.2968312248981146
2015,13,42.5751,-8.1339,2732347.0,53286,0,0,0,0,1,0,0,0,0,1.6701076237218482
2015,14,40.4168,-3.7038,6436996.0,304377,0,0,0,0,1,0,0,0,0,11.712487094827603
2015,15,37.9922,-1.1307,1467288.0,39276,0,0,0,0,1,0,0,0,0,1.0713038784462157
2015,16,42.6954,-1.6761,640476.0,17511,0,0,0,0,1,0,0,0,0,0.20452312030440947
2015,17,43.263,-2.9349,2189257.0,62875,0,0,0,0,1,0,0,0,0,2.0346380094361716
2015,18,42.2871,-2.5396,317053.0,6260,0,0,0,0,1,0,0,0,0,-0.20255601795136002
2015,9,35.8894,-5.3198,84263.0,2723,0,0,0,0,1,0,0,0,0,-0.3494138032847542
2015,10,35.293,-2.9387,85584.0,2955,0,0,0,0,1,0,0,0,0,-0.3623366932025085
2014,0,37.3873,-5.9869,8402305.0,249797,0,0,0,0,1,0,0,0,0,10.53312319049198
2014,1,41.6488,-0.8891,1325385.0,30042,0,0,0,0,1,0,0,0,0,0.8912880871890732
2014,2,43.3619,-5.8494,1061756.0,19530,0,0,0,0,1,0,0,0,0,0.306720291182574
2014,3,39.5712,2.6466,1103442.0,52211,0,0,0,0,1,0,0,0,0,1.7502973700101978
2014,5,28.2916,-16.6291,2104815.0,59759,0,0,0,0,1,0,0,0,0,2.0323753687618105
2014,4,43.1828,-3.9878,588656.0,11701,0,0,0,0,1,0,0,0,0,-0.0008846700917911713
2014,7,41.6523,-4.7245,2494790.0,55997,0,0,0,0,1,0,0,0,0,1.8379811908909907
2014,6,39.8628,-4.0273,2078611.0,50648,0,0,0,0,1,0,0,0,0,1.5803052896037575
2014,8,41.3851,2.1734,7518903.0,351985,0,0,0,0,1,0,0,0,0,13.834438226157948
2014,11,39.4699,-0.3763,5004844.0,187271,0,0,0,0,1,0,0,0,0,7.734549354727016
2014,12,39.4765,-6.3722,1099632.0,19164,0,0,0,0,1,0,0,0,0,0.30223694136790097
2014,13,42.5751,-8.1339,2748695.0,53652,0,0,0,0,1,0,0,0,0,1.6777106319436075
2014,14,40.4168,-3.7038,6454440.0,304167,0,0,0,0,1,0,0,0,0,11.984392964037013
2014,15,37.9922,-1.1307,1466818.0,37824,0,0,0,0,1,0,0,0,0,1.116365685199703
2014,16,42.6954,-1.6761,640790.0,19231,0,0,0,0,1,0,0,0,0,0.14475491797351117
2014,17,43.263,-2.9349,2188985.0,63332,0,0,0,0,1,0,0,0,0,2.034018341926075
2014,18,42.2871,-2.5396,319002.0,6352,0,0,0,0,1,0,0,0,0,-0.19402085574410918
2014,9,35.8894,-5.3198,84963.0,2767,0,0,0,0,1,0,0,0,0,-0.348067026254833
2014,10,35.293,-2.9387,84509.0,2627,0,0,0,0,1,0,0,0,0,-0.3586254882051615
2013,0,37.3873,-5.9869,8440300.0,273325,0,0,0,0,1,0,0,0,0,10.920392475370024
2013,1,41.6488,-0.8891,1347150.0,32032,0,0,0,0,1,0,0,0,0,0.9912300247308797
2013,2,43.3619,-5.8494,1068165.0,20834,0,0,0,0,1,0,0,0,0,0.2795921007980255
2013,3,39.5712,2.6466,1111674.0,57282,0,0,0,0,1,0,0,0,0,1.7176814573132981
2013,5,28.2916,-16.6291,2118679.0,62970,0,0,0,0,1,0,0,0,0,2.0126726286955363
2013,4,43.1828,-3.9878,591888.0,11875,0,0,0,0,1,0,0,0,0,-0.0021642166151414535
2013,7,41.6523,-4.7245,2519875.0,58837,0,0,0,0,1,0,0,0,0,1.868577162932211
2013,6,39.8628,-4.0273,2100998.0,53668,0,0,0,0,1,0,0,0,0,1.542527697726048
2013,8,41.3851,2.1734,7553650.0,361187,0,0,0,0,1,0,0,0,0,14.17805196460672
2013,11,39.4699,-0.3763,5113815.0,201297,0,0,0,0,1,0,0,0,0,8.052397912434108
2013,12,39.4765,-6.3722,1104004.0,20336,0,0,0,0,1,0,0,0,0,0.2985584556824481
2013,13,42.5751,-8.1339,2765940.0,56486,0,0,0,0,1,0,0,0,0,1.6203009206252132
2013,14,40.4168,-3.7038,6495551.0,317363,0,0,0,0,1,0,0,0,0,12.227386602308606
2013,15,37.9922,-1.1307,1472049.0,40564,0,0,0,0,1,0,0,0,0,1.1346061276935102
2013,16,42.6954,-1.6761,644477.0,17447,0,0,0,0,1,0,0,0,0,0.09750130816259356
2013,17,43.263,-2.9349,2191682.0,65419,0,0,0,0,1,0,0,0,0,2.035281598916949
2013,18,42.2871,-2.5396,322027.0,7086,0,0,0,0,1,0,0,0,0,-0.20074315748137483
2013,9,35.8894,-5.3198,84180.0,3046,0,0,0,0,1,0,0,0,0,-0.348001154928238
2013,10,35.293,-2.9387,83679.0,2834,0,0,0,0,1,0,0,0,0,-0.3589129573009413
2019,0,37.3873,-5.9869,8414240.0,15094,0,0,0,0,0,1,0,0,0,0.04218413421878317
2019,1,41.6488,-0.8891,1319291.0,1360,0,0,0,0,0,1,0,0,0,-0.42447518888834024
2019,2,43.3619,-5.8494,1022800.0,1205,0,0,0,0,0,1,0,0,0,-0.426677098630801
2019,3,39.5712,2.6466,1149460.0,2880,0,0,0,0,0,1,0,0,0,-0.3711040222357368
2019,5,28.2916,-16.6291,2153389.0,3439,0,0,0,0,0,1,0,0,0,-0.344577562871902
2019,4,43.1828,-3.9878,581078.0,716,0,0,0,0,0,1,0,0,0,-0.439933747733182
2019,7,41.6523,-4.7245,2399548.0,2911,0,0,0,0,0,1,0,0,0,-0.3705524886030568
2019,6,39.8628,-4.0273,2032863.0,3224,0,0,0,0,0,1,0,0,0,-0.36516212464854403
2019,8,41.3851,2.1734,7675217.0,8938,0,0,0,0,0,1,0,0,0,-0.14573683456196143
2019,11,39.4699,-0.3763,5003769.0,7739,0,0,0,0,0,1,0,0,0,-0.1788553167841539
2019,12,39.4765,-6.3722,1067710.0,1248,0,0,0,0,0,1,0,0,0,-0.42910998010001755
2019,13,42.5751,-8.1339,2699499.0,4992,0,0,0,0,0,1,0,0,0,-0.295642301966968
2019,14,40.4168,-3.7038,6663394.0,7696,0,0,0,0,0,1,0,0,0,-0.23255148550003815
2019,15,37.9922,-1.1307,1493898.0,1664,0,0,0,0,0,1,0,0,0,-0.41453233380260396
2019,16,42.6954,-1.6761,654214.0,1583,0,0,0,0,0,1,0,0,0,-0.42596548125329103
2019,17,43.263,-2.9349,2207776.0,2773,0,0,0,0,0,1,0,0,0,-0.3727559192661323
2019,18,42.2871,-2.5396,316798.0,413,0,0,0,0,0,1,0,0,0,-0.4551374868476408
2019,9,35.8894,-5.3198,84777.0,509,0,0,0,0,0,1,0,0,0,-0.4515542270086204
2019,10,35.293,-2.9387,86487.0,348,0,0,0,0,0,1,0,0,0,-0.4582137950010478
2018,0,37.3873,-5.9869,8384408.0,13862,0,0,0,0,0,1,0,0,0,0.037130674743902865
2018,1,41.6488,-0.8891,1308728.0,1244,0,0,0,0,0,1,0,0,0,-0.4269326153643882
2018,2,43.3619,-5.8494,1028244.0,1051,0,0,0,0,0,1,0,0,0,-0.42590510594704817
2018,3,39.5712,2.6466,1128908.0,2676,0,0,0,0,0,1,0,0,0,-0.3732024906379823
2018,5,28.2916,-16.6291,2127685.0,3296,0,0,0,0,0,1,0,0,0,-0.34661289542280815
2018,4,43.1828,-3.9878,580229.0,748,0,0,0,0,0,1,0,0,0,-0.439687255411903
2018,7,41.6523,-4.7245,2409164.0,2709,0,0,0,0,0,1,0,0,0,-0.3716860158510209
2018,6,39.8628,-4.0273,2026807.0,2798,0,0,0,0,0,1,0,0,0,-0.36837728434291667
2018,8,41.3851,2.1734,7600065.0,8724,0,0,0,0,0,1,0,0,0,-0.1580892923346553
2018,11,39.4699,-0.3763,4963703.0,7805,0,0,0,0,0,1,0,0,0,-0.18280719096241657
2018,12,39.4765,-6.3722,1072863.0,1138,0,0,0,0,0,1,0,0,0,-0.43134814533331756
2018,13,42.5751,-8.1339,2701743.0,4806,0,0,0,0,0,1,0,0,0,-0.29950995925313256
2018,14,40.4168,-3.7038,6578079.0,6607,0,0,0,0,0,1,0,0,0,-0.23940625924623052
2018,15,37.9922,-1.1307,1478509.0,1502,0,0,0,0,0,1,0,0,0,-0.4157452222189691
2018,16,42.6954,-1.6761,647554.0,1495,0,0,0,0,0,1,0,0,0,-0.4325197995612404
2018,17,43.263,-2.9349,2199088.0,2605,0,0,0,0,0,1,0,0,0,-0.3755099748190938
2018,18,42.2871,-2.5396,315675.0,349,0,0,0,0,0,1,0,0,0,-0.4552673585482472
2018,9,35.8894,-5.3198,85144.0,385,0,0,0,0,0,1,0,0,0,-0.4488051818312384
2018,10,35.293,-2.9387,86384.0,314,0,0,0,0,0,1,0,0,0,-0.45877162160783297
2017,0,37.3873,-5.9869,8379820.0,13039,0,0,0,0,0,1,0,0,0,0.06318291826629402
2017,1,41.6488,-0.8891,1308750.0,1093,0,0,0,0,0,1,0,0,0,-0.42543989255026976
2017,2,43.3619,-5.8494,1034960.0,1052,0,0,0,0,0,1,0,0,0,-0.42249986994622235
2017,3,39.5712,2.6466,1115999.0,2534,0,0,0,0,0,1,0,0,0,-0.3697278317721089
2017,5,28.2916,-16.6291,2108121.0,3287,0,0,0,0,0,1,0,0,0,-0.3416797802355256
2017,4,43.1828,-3.9878,580295.0,695,0,0,0,0,0,1,0,0,0,-0.43732910799643526
2017,7,41.6523,-4.7245,2425801.0,2473,0,0,0,0,0,1,0,0,0,-0.36435875317766314
2017,6,39.8628,-4.0273,2031479.0,2598,0,0,0,0,0,1,0,0,0,-0.36362171028370577
2017,8,41.3851,2.1734,7555830.0,8273,0,0,0,0,0,1,0,0,0,-0.1641470065291086
2017,11,39.4699,-0.3763,4941509.0,7273,0,0,0,0,0,1,0,0,0,-0.16760943643033752
2017,12,39.4765,-6.3722,1079920.0,976,0,0,0,0,0,1,0,0,0,-0.43009004568512665
2017,13,42.5751,-8.1339,2708339.0,4424,0,0,0,0,0,1,0,0,0,-0.29473486833222745
2017,14,40.4168,-3.7038,6507184.0,5830,0,0,0,0,0,1,0,0,0,-0.22338719484727357
2017,15,37.9922,-1.1307,1470273.0,1392,0,0,0,0,0,1,0,0,0,-0.4139525034422776
2017,16,42.6954,-1.6761,643234.0,845,0,0,0,0,0,1,0,0,0,-0.4311668541905942
2017,17,43.263,-2.9349,2194158.0,2424,0,0,0,0,0,1,0,0,0,-0.3725862735804835
2017,18,42.2871,-2.5396,315381.0,294,0,0,0,0,0,1,0,0,0,-0.4541160671699092
2017,9,35.8894,-5.3198,84959.0,434,0,0,0,0,0,1,0,0,0,-0.4437710762694625
2017,10,35.293,-2.9387,86120.0,212,0,0,0,0,0,1,0,0,0,-0.45761908790199546
2016,0,37.3873,-5.9869,8388107.0,12880,0,0,0,0,0,1,0,0,0,0.10468489387961726
2016,1,41.6488,-0.8891,1308563.0,1043,0,0,0,0,0,1,0,0,0,-0.42309866393110857
2016,2,43.3619,-5.8494,1042608.0,1108,0,0,0,0,0,1,0,0,0,-0.4180249361159733
2016,3,39.5712,2.6466,1107220.0,2332,0,0,0,0,0,1,0,0,0,-0.36050279104238625
2016,5,28.2916,-16.6291,2101924.0,3029,0,0,0,0,0,1,0,0,0,-0.32723426130645883
2016,4,43.1828,-3.9878,582206.0,733,0,0,0,0,0,1,0,0,0,-0.4355227505427775
2016,7,41.6523,-4.7245,2447519.0,2404,0,0,0,0,0,1,0,0,0,-0.352500517871804
2016,6,39.8628,-4.0273,2041631.0,2612,0,0,0,0,0,1,0,0,0,-0.3527807639835542
2016,8,41.3851,2.1734,7522596.0,8126,0,0,0,0,0,1,0,0,0,-0.16443179055004362
2016,11,39.4699,-0.3763,4959968.0,7465,0,0,0,0,0,1,0,0,0,-0.1518083741443978
2016,12,39.4765,-6.3722,1087778.0,904,0,0,0,0,0,1,0,0,0,-0.42588679649237915
2016,13,42.5751,-8.1339,2718525.0,4197,0,0,0,0,0,1,0,0,0,-0.2825905905414631
2016,14,40.4168,-3.7038,6466996.0,5913,0,0,0,0,0,1,0,0,0,-0.20063504024767786
2016,15,37.9922,-1.1307,1464847.0,1261,0,0,0,0,0,1,0,0,0,-0.40875997135809683
2016,16,42.6954,-1.6761,640647.0,921,0,0,0,0,0,1,0,0,0,-0.4346208354941375
2016,17,43.263,-2.9349,2189534.0,2386,0,0,0,0,0,1,0,0,0,-0.36745279460440894
2016,18,42.2871,-2.5396,315794.0,347,0,0,0,0,0,1,0,0,0,-0.4534883179249935
2016,9,35.8894,-5.3198,84519.0,451,0,0,0,0,0,1,0,0,0,-0.43467247793401886
2016,10,35.293,-2.9387,86026.0,223,0,0,0,0,0,1,0,0,0,-0.45562559745161235
2015,0,37.3873,-5.9869,8399043.0,13484,0,0,0,0,0,1,0,0,0,0.15414101424709373
2015,1,41.6488,-0.8891,1317847.0,1054,0,0,0,0,0,1,0,0,0,-0.4185364514635334
2015,2,43.3619,-5.8494,1051229.0,1111,0,0,0,0,0,1,0,0,0,-0.4124452416959005
2015,3,39.5712,2.6466,1104479.0,2517,0,0,0,0,0,1,0,0,0,-0.3549124868662174
2015,5,28.2916,-16.6291,2100306.0,3140,0,0,0,0,0,1,0,0,0,-0.31448760900860157
2015,4,43.1828,-3.9878,585179.0,768,0,0,0,0,0,1,0,0,0,-0.4324956652803469
2015,7,41.6523,-4.7245,2472052.0,2626,0,0,0,0,0,1,0,0,0,-0.3364331015455605
2015,6,39.8628,-4.0273,2059191.0,2548,0,0,0,0,0,1,0,0,0,-0.3373589466789252
2015,8,41.3851,2.1734,7508106.0,7760,0,0,0,0,0,1,0,0,0,-0.157747462331214
2015,11,39.4699,-0.3763,4980689.0,7501,0,0,0,0,0,1,0,0,0,-0.13861811192339427
2015,12,39.4765,-6.3722,1092997.0,966,0,0,0,0,0,1,0,0,0,-0.4193197105212169
2015,13,42.5751,-8.1339,2732347.0,4513,0,0,0,0,0,1,0,0,0,-0.26322195236150625
2015,14,40.4168,-3.7038,6436996.0,6081,0,0,0,0,0,1,0,0,0,-0.18037915684373915
2015,15,37.9922,-1.1307,1467288.0,1411,0,0,0,0,0,1,0,0,0,-0.40524202503200457
2015,16,42.6954,-1.6761,640476.0,990,0,0,0,0,0,1,0,0,0,-0.4342987460154846
2015,17,43.263,-2.9349,2189257.0,2392,0,0,0,0,0,1,0,0,0,-0.35542345968654215
2015,18,42.2871,-2.5396,317053.0,339,0,0,0,0,0,1,0,0,0,-0.4512346836527581
2015,9,35.8894,-5.3198,84263.0,601,0,0,0,0,0,1,0,0,0,-0.41929345780967814
2015,10,35.293,-2.9387,85584.0,272,0,0,0,0,0,1,0,0,0,-0.45506791483078896
2014,0,37.3873,-5.9869,8402305.0,15092,0,0,0,0,0,1,0,0,0,0.20787503891083375
2014,1,41.6488,-0.8891,1325385.0,1212,0,0,0,0,0,1,0,0,0,-0.41307784354515464
2014,2,43.3619,-5.8494,1061756.0,1320,0,0,0,0,0,1,0,0,0,-0.40905993978529415
2014,3,39.5712,2.6466,1103442.0,2810,0,0,0,0,0,1,0,0,0,-0.35848309733070904
2014,5,28.2916,-16.6291,2104815.0,3681,0,0,0,0,0,1,0,0,0,-0.3011957360617159
2014,4,43.1828,-3.9878,588656.0,880,0,0,0,0,0,1,0,0,0,-0.4297105488867048
2014,7,41.6523,-4.7245,2494790.0,3050,0,0,0,0,0,1,0,0,0,-0.32067204930351767
2014,6,39.8628,-4.0273,2078611.0,2975,0,0,0,0,0,1,0,0,0,-0.3202094191196274
2014,8,41.3851,2.1734,7518903.0,7804,0,0,0,0,0,1,0,0,0,-0.10817109054130675
2014,11,39.4699,-0.3763,5004844.0,8470,0,0,0,0,0,1,0,0,0,-0.1353200580657447
2014,12,39.4765,-6.3722,1099632.0,1076,0,0,0,0,0,1,0,0,0,-0.4121111422832497
2014,13,42.5751,-8.1339,2748695.0,4801,0,0,0,0,0,1,0,0,0,-0.2365287004546109
2014,14,40.4168,-3.7038,6454440.0,7092,0,0,0,0,0,1,0,0,0,-0.17705566533775202
2014,15,37.9922,-1.1307,1466818.0,1534,0,0,0,0,0,1,0,0,0,-0.4024941226801525
2014,16,42.6954,-1.6761,640790.0,949,0,0,0,0,0,1,0,0,0,-0.4312003653316668
2014,17,43.263,-2.9349,2188985.0,2656,0,0,0,0,0,1,0,0,0,-0.34372677842582516
2014,18,42.2871,-2.5396,319002.0,384,0,0,0,0,0,1,0,0,0,-0.44824460997458393
2014,9,35.8894,-5.3198,84963.0,829,0,0,0,0,0,1,0,0,0,-0.4075160632545884
2014,10,35.293,-2.9387,84509.0,302,0,0,0,0,0,1,0,0,0,-0.4544919991107698
2013,0,37.3873,-5.9869,8440300.0,16119,0,0,0,0,0,1,0,0,0,0.2077995546132923
2013,1,41.6488,-0.8891,1347150.0,1225,0,0,0,0,0,1,0,0,0,-0.41101095376371366
2013,2,43.3619,-5.8494,1068165.0,1458,0,0,0,0,0,1,0,0,0,-0.4123638124911799
2013,3,39.5712,2.6466,1111674.0,3052,0,0,0,0,0,1,0,0,0,-0.37092686179142437
2013,5,28.2916,-16.6291,2118679.0,4159,0,0,0,0,0,1,0,0,0,-0.30071167858393544
2013,4,43.1828,-3.9878,591888.0,873,0,0,0,0,0,1,0,0,0,-0.4308645125162804
2013,7,41.6523,-4.7245,2519875.0,3329,0,0,0,0,0,1,0,0,0,-0.31392094132880227
2013,6,39.8628,-4.0273,2100998.0,3463,0,0,0,0,0,1,0,0,0,-0.3160498487952074
2013,8,41.3851,2.1734,7553650.0,8111,0,0,0,0,0,1,0,0,0,-0.07668362127751611
2013,11,39.4699,-0.3763,5113815.0,8696,0,0,0,0,0,1,0,0,0,-0.14496877942752917
2013,12,39.4765,-6.3722,1104004.0,1233,0,0,0,0,0,1,0,0,0,-0.40876632592313256
2013,13,42.5751,-8.1339,2765940.0,5145,0,0,0,0,0,1,0,0,0,-0.23454299309425647
2013,14,40.4168,-3.7038,6495551.0,7690,0,0,0,0,0,1,0,0,0,-0.1787450294086126
2013,15,37.9922,-1.1307,1472049.0,1666,0,0,0,0,0,1,0,0,0,-0.40357392415397814
2013,16,42.6954,-1.6761,644477.0,647,0,0,0,0,0,1,0,0,0,-0.4258430459973481
2013,17,43.263,-2.9349,2191682.0,2787,0,0,0,0,0,1,0,0,0,-0.3377743275516026
2013,18,42.2871,-2.5396,322027.0,396,0,0,0,0,0,1,0,0,0,-0.4466310431938265
2013,9,35.8894,-5.3198,84180.0,1163,0,0,0,0,0,1,0,0,0,-0.40458981132230964
2013,10,35.293,-2.9387,83679.0,379,0,0,0,0,0,1,0,0,0,-0.4554512465396115
2019,0,37.3873,-5.9869,8414240.0,3988,0,0,0,0,0,0,1,0,0,-0.327587514642926
2019,1,41.6488,-0.8891,1319291.0,446,0,0,0,0,0,0,1,0,0,-0.45345491569988183
2019,2,43.3619,-5.8494,1022800.0,220,0,0,0,0,0,0,1,0,0,-0.4605979226096798
2019,3,39.5712,2.6466,1149460.0,716,0,0,0,0,0,0,1,0,0,-0.44737480091677695
2019,5,28.2916,-16.6291,2153389.0,1114,0,0,0,0,0,0,1,0,0,-0.43867613324305765
2019,4,43.1828,-3.9878,581078.0,162,0,0,0,0,0,0,1,0,0,-0.46302192885357507
2019,7,41.6523,-4.7245,2399548.0,840,0,0,0,0,0,0,1,0,0,-0.4392396578234311
2019,6,39.8628,-4.0273,2032863.0,1177,0,0,0,0,0,0,1,0,0,-0.4313526952275765
2019,8,41.3851,2.1734,7675217.0,3791,0,0,0,0,0,0,1,0,0,-0.33642664999686406
2019,11,39.4699,-0.3763,5003769.0,3250,0,0,0,0,0,0,1,0,0,-0.3564139230006111
2019,12,39.4765,-6.3722,1067710.0,445,0,0,0,0,0,0,1,0,0,-0.4528787658795354
2019,13,42.5751,-8.1339,2699499.0,886,0,0,0,0,0,0,1,0,0,-0.4400792240063665
2019,14,40.4168,-3.7038,6663394.0,4042,0,0,0,0,0,0,1,0,0,-0.3442761532188137
2019,15,37.9922,-1.1307,1493898.0,708,0,0,0,0,0,0,1,0,0,-0.4461977590831096
2019,16,42.6954,-1.6761,654214.0,374,0,0,0,0,0,0,1,0,0,-0.45345172988148613
2019,17,43.263,-2.9349,2207776.0,1195,0,0,0,0,0,0,1,0,0,-0.4301317512903346
2019,18,42.2871,-2.5396,316798.0,73,0,0,0,0,0,0,1,0,0,-0.4654920071784824
2019,9,35.8894,-5.3198,84777.0,543,0,0,0,0,0,0,1,0,0,-0.4493582809652777
2019,10,35.293,-2.9387,86487.0,289,0,0,0,0,0,0,1,0,0,-0.4640908472495802
2018,0,37.3873,-5.9869,8384408.0,3740,0,0,0,0,0,0,1,0,0,-0.33035771484775744
2018,1,41.6488,-0.8891,1308728.0,433,0,0,0,0,0,0,1,0,0,-0.4551267562696707
2018,2,43.3619,-5.8494,1028244.0,185,0,0,0,0,0,0,1,0,0,-0.4605566259214089
2018,3,39.5712,2.6466,1128908.0,639,0,0,0,0,0,0,1,0,0,-0.4502278645421941
2018,5,28.2916,-16.6291,2127685.0,754,0,0,0,0,0,0,1,0,0,-0.43936567242881236
2018,4,43.1828,-3.9878,580229.0,124,0,0,0,0,0,0,1,0,0,-0.4631570620930482
2018,7,41.6523,-4.7245,2409164.0,811,0,0,0,0,0,0,1,0,0,-0.4426946663140642
2018,6,39.8628,-4.0273,2026807.0,1061,0,0,0,0,0,0,1,0,0,-0.43531762606421753
2018,8,41.3851,2.1734,7600065.0,3456,0,0,0,0,0,0,1,0,0,-0.33913185025513126
2018,11,39.4699,-0.3763,4963703.0,3206,0,0,0,0,0,0,1,0,0,-0.3670136529750448
2018,12,39.4765,-6.3722,1072863.0,445,0,0,0,0,0,0,1,0,0,-0.45475151277414755
2018,13,42.5751,-8.1339,2701743.0,803,0,0,0,0,0,0,1,0,0,-0.4423069870277855
2018,14,40.4168,-3.7038,6578079.0,3445,0,0,0,0,0,0,1,0,0,-0.3453422160330825
2018,15,37.9922,-1.1307,1478509.0,679,0,0,0,0,0,0,1,0,0,-0.44811368457475387
2018,16,42.6954,-1.6761,647554.0,340,0,0,0,0,0,0,1,0,0,-0.4546157175399013
2018,17,43.263,-2.9349,2199088.0,1025,0,0,0,0,0,0,1,0,0,-0.4302533324960213
2018,18,42.2871,-2.5396,315675.0,64,0,0,0,0,0,0,1,0,0,-0.46551747379569314
2018,9,35.8894,-5.3198,85144.0,602,0,0,0,0,0,0,1,0,0,-0.45269598043387915
2018,10,35.293,-2.9387,86384.0,196,0,0,0,0,0,0,1,0,0,-0.46546041481637696
2017,0,37.3873,-5.9869,8379820.0,3594,0,0,0,0,0,0,1,0,0,-0.33598707184482174
2017,1,41.6488,-0.8891,1308750.0,357,0,0,0,0,0,0,1,0,0,-0.45578566148594873
2017,2,43.3619,-5.8494,1034960.0,178,0,0,0,0,0,0,1,0,0,-0.4604645400374522
2017,3,39.5712,2.6466,1115999.0,476,0,0,0,0,0,0,1,0,0,-0.45145526776505795
2017,5,28.2916,-16.6291,2108121.0,875,0,0,0,0,0,0,1,0,0,-0.4435027120838968
2017,4,43.1828,-3.9878,580295.0,106,0,0,0,0,0,0,1,0,0,-0.4632418202547977
2017,7,41.6523,-4.7245,2425801.0,774,0,0,0,0,0,0,1,0,0,-0.44595502967925055
2017,6,39.8628,-4.0273,2031479.0,942,0,0,0,0,0,0,1,0,0,-0.43711238018480597
2017,8,41.3851,2.1734,7555830.0,3235,0,0,0,0,0,0,1,0,0,-0.33743117217180657
2017,11,39.4699,-0.3763,4941509.0,2794,0,0,0,0,0,0,1,0,0,-0.37206009245682387
2017,12,39.4765,-6.3722,1079920.0,373,0,0,0,0,0,0,1,0,0,-0.4560851395276671
2017,13,42.5751,-8.1339,2708339.0,708,0,0,0,0,0,0,1,0,0,-0.4440351123972714
2017,14,40.4168,-3.7038,6507184.0,3257,0,0,0,0,0,0,1,0,0,-0.34643310794423476
2017,15,37.9922,-1.1307,1470273.0,540,0,0,0,0,0,0,1,0,0,-0.4490172275981948
2017,16,42.6954,-1.6761,643234.0,269,0,0,0,0,0,0,1,0,0,-0.45429196558502416
2017,17,43.263,-2.9349,2194158.0,963,0,0,0,0,0,0,1,0,0,-0.4319354885817372
2017,18,42.2871,-2.5396,315381.0,52,0,0,0,0,0,0,1,0,0,-0.465248867948788
2017,9,35.8894,-5.3198,84959.0,474,0,0,0,0,0,0,1,0,0,-0.45368093802063714
2017,10,35.293,-2.9387,86120.0,42,0,0,0,0,0,0,1,0,0,-0.465005890747279
2016,0,37.3873,-5.9869,8388107.0,3606,0,0,0,0,0,0,1,0,0,-0.34359570210916845
2016,1,41.6488,-0.8891,1308563.0,330,0,0,0,0,0,0,1,0,0,-0.4556789475522227
2016,2,43.3619,-5.8494,1042608.0,201,0,0,0,0,0,0,1,0,0,-0.4610252919029459
2016,3,39.5712,2.6466,1107220.0,479,0,0,0,0,0,0,1,0,0,-0.4524173916413064
2016,5,28.2916,-16.6291,2101924.0,643,0,0,0,0,0,0,1,0,0,-0.4451265764527014
2016,4,43.1828,-3.9878,582206.0,145,0,0,0,0,0,0,1,0,0,-0.46383590662695795
2016,7,41.6523,-4.7245,2447519.0,643,0,0,0,0,0,0,1,0,0,-0.44812580998886986
2016,6,39.8628,-4.0273,2041631.0,840,0,0,0,0,0,0,1,0,0,-0.4388197602911079
2016,8,41.3851,2.1734,7522596.0,3563,0,0,0,0,0,0,1,0,0,-0.3384677385355554
2016,11,39.4699,-0.3763,4959968.0,2687,0,0,0,0,0,0,1,0,0,-0.3795395254871176
2016,12,39.4765,-6.3722,1087778.0,347,0,0,0,0,0,0,1,0,0,-0.45749675052373057
2016,13,42.5751,-8.1339,2718525.0,652,0,0,0,0,0,0,1,0,0,-0.4450536111084214
2016,14,40.4168,-3.7038,6466996.0,2931,0,0,0,0,0,0,1,0,0,-0.3477188784801114
2016,15,37.9922,-1.1307,1464847.0,466,0,0,0,0,0,0,1,0,0,-0.4497842013660926
2016,16,42.6954,-1.6761,640647.0,515,0,0,0,0,0,0,1,0,0,-0.4579995431722071
2016,17,43.263,-2.9349,2189534.0,952,0,0,0,0,0,0,1,0,0,-0.4338951902332179
2016,18,42.2871,-2.5396,315794.0,66,0,0,0,0,0,0,1,0,0,-0.465424451677545
2016,9,35.8894,-5.3198,84519.0,362,0,0,0,0,0,0,1,0,0,-0.45444454492046676
2016,10,35.293,-2.9387,86026.0,52,0,0,0,0,0,0,1,0,0,-0.4638221067955217
2015,0,37.3873,-5.9869,8399043.0,3524,0,0,0,0,0,0,1,0,0,-0.34769285559436436
2015,1,41.6488,-0.8891,1317847.0,303,0,0,0,0,0,0,1,0,0,-0.4553416339208806
2015,2,43.3619,-5.8494,1051229.0,188,0,0,0,0,0,0,1,0,0,-0.4608304170308684
2015,3,39.5712,2.6466,1104479.0,417,0,0,0,0,0,0,1,0,0,-0.45239691219160894
2015,5,28.2916,-16.6291,2100306.0,701,0,0,0,0,0,0,1,0,0,-0.447036488489845
2015,4,43.1828,-3.9878,585179.0,113,0,0,0,0,0,0,1,0,0,-0.46352385731361506
2015,7,41.6523,-4.7245,2472052.0,541,0,0,0,0,0,0,1,0,0,-0.44940690111001574
2015,6,39.8628,-4.0273,2059191.0,752,0,0,0,0,0,0,1,0,0,-0.4399529711404659
2015,8,41.3851,2.1734,7508106.0,3241,0,0,0,0,0,0,1,0,0,-0.33064055449528523
2015,11,39.4699,-0.3763,4980689.0,2379,0,0,0,0,0,0,1,0,0,-0.3814363399938069
2015,12,39.4765,-6.3722,1092997.0,299,0,0,0,0,0,0,1,0,0,-0.45818297680976583
2015,13,42.5751,-8.1339,2732347.0,630,0,0,0,0,0,0,1,0,0,-0.4460941375933245
2015,14,40.4168,-3.7038,6436996.0,3371,0,0,0,0,0,0,1,0,0,-0.35259923195916504
2015,15,37.9922,-1.1307,1467288.0,532,0,0,0,0,0,0,1,0,0,-0.4496908963890894
2015,16,42.6954,-1.6761,640476.0,245,0,0,0,0,0,0,1,0,0,-0.4582413321113174
2015,17,43.263,-2.9349,2189257.0,1017,0,0,0,0,0,0,1,0,0,-0.43821715789915927
2015,18,42.2871,-2.5396,317053.0,62,0,0,0,0,0,0,1,0,0,-0.4651859755765845
2015,9,35.8894,-5.3198,84263.0,343,0,0,0,0,0,0,1,0,0,-0.4546789298346706
2015,10,35.293,-2.9387,85584.0,91,0,0,0,0,0,0,1,0,0,-0.4618758004034411
2014,0,37.3873,-5.9869,8402305.0,3150,0,0,0,0,0,0,1,0,0,-0.3462319993817697
2014,1,41.6488,-0.8891,1325385.0,306,0,0,0,0,0,0,1,0,0,-0.45413335557379886
2014,2,43.3619,-5.8494,1061756.0,185,0,0,0,0,0,0,1,0,0,-0.4609033420513483
2014,3,39.5712,2.6466,1103442.0,380,0,0,0,0,0,0,1,0,0,-0.45150140331636646
2014,5,28.2916,-16.6291,2104815.0,552,0,0,0,0,0,0,1,0,0,-0.44564720281177145
2014,4,43.1828,-3.9878,588656.0,99,0,0,0,0,0,0,1,0,0,-0.46275613165647045
2014,7,41.6523,-4.7245,2494790.0,521,0,0,0,0,0,0,1,0,0,-0.4502879079847753
2014,6,39.8628,-4.0273,2078611.0,804,0,0,0,0,0,0,1,0,0,-0.44114180577401135
2014,8,41.3851,2.1734,7518903.0,3368,0,0,0,0,0,0,1,0,0,-0.31824356004527576
2014,11,39.4699,-0.3763,5004844.0,2403,0,0,0,0,0,0,1,0,0,-0.37939336692249753
2014,12,39.4765,-6.3722,1099632.0,269,0,0,0,0,0,0,1,0,0,-0.4584808841930782
2014,13,42.5751,-8.1339,2748695.0,573,0,0,0,0,0,0,1,0,0,-0.4465169835484438
2014,14,40.4168,-3.7038,6454440.0,3170,0,0,0,0,0,0,1,0,0,-0.34548995404874827
2014,15,37.9922,-1.1307,1466818.0,469,0,0,0,0,0,0,1,0,0,-0.4477681301247139
2014,16,42.6954,-1.6761,640790.0,294,0,0,0,0,0,0,1,0,0,-0.458640165498724
2014,17,43.263,-2.9349,2188985.0,829,0,0,0,0,0,0,1,0,0,-0.4398593506209806
2014,18,42.2871,-2.5396,319002.0,73,0,0,0,0,0,0,1,0,0,-0.46493237156481504
2014,9,35.8894,-5.3198,84963.0,399,0,0,0,0,0,0,1,0,0,-0.4554601406720762
2014,10,35.293,-2.9387,84509.0,77,0,0,0,0,0,0,1,0,0,-0.45967103739525284
2013,0,37.3873,-5.9869,8440300.0,3013,0,0,0,0,0,0,1,0,0,-0.35090355686318
2013,1,41.6488,-0.8891,1347150.0,339,0,0,0,0,0,0,1,0,0,-0.4542205305313719
2013,2,43.3619,-5.8494,1068165.0,157,0,0,0,0,0,0,1,0,0,-0.4612496663800847
2013,3,39.5712,2.6466,1111674.0,405,0,0,0,0,0,0,1,0,0,-0.4517050505549535
2013,5,28.2916,-16.6291,2118679.0,516,0,0,0,0,0,0,1,0,0,-0.44658451152280104
2013,4,43.1828,-3.9878,591888.0,99,0,0,0,0,0,0,1,0,0,-0.4626767653398183
2013,7,41.6523,-4.7245,2519875.0,474,0,0,0,0,0,0,1,0,0,-0.45082562379656954
2013,6,39.8628,-4.0273,2100998.0,706,0,0,0,0,0,0,1,0,0,-0.4431148433044223
2013,8,41.3851,2.1734,7553650.0,3486,0,0,0,0,0,0,1,0,0,-0.304571517815188
2013,11,39.4699,-0.3763,5113815.0,2102,0,0,0,0,0,0,1,0,0,-0.37729193629458513
2013,12,39.4765,-6.3722,1104004.0,237,0,0,0,0,0,0,1,0,0,-0.45898402321468473
2013,13,42.5751,-8.1339,2765940.0,573,0,0,0,0,0,0,1,0,0,-0.448119058368832
2013,14,40.4168,-3.7038,6495551.0,2823,0,0,0,0,0,0,1,0,0,-0.33835080224046554
2013,15,37.9922,-1.1307,1472049.0,405,0,0,0,0,0,0,1,0,0,-0.4466989450415069
2013,16,42.6954,-1.6761,644477.0,227,0,0,0,0,0,0,1,0,0,-0.45822697411438745
2013,17,43.263,-2.9349,2191682.0,799,0,0,0,0,0,0,1,0,0,-0.44312516404776153
2013,18,42.2871,-2.5396,322027.0,52,0,0,0,0,0,0,1,0,0,-0.4648959223150399
2013,9,35.8894,-5.3198,84180.0,301,0,0,0,0,0,0,1,0,0,-0.45858548640104696
2013,10,35.293,-2.9387,83679.0,145,0,0,0,0,0,0,1,0,0,-0.46094384134313837
2019,0,37.3873,-5.9869,8414240.0,93,0,0,0,0,0,0,0,1,0,-0.46228562925581484
2019,1,41.6488,-0.8891,1319291.0,3,0,0,0,0,0,0,0,1,0,-0.4675162575244891
2019,2,43.3619,-5.8494,1022800.0,6,0,0,0,0,0,0,0,1,0,-0.4677462673434524
2019,3,39.5712,2.6466,1149460.0,11,0,0,0,0,0,0,0,1,0,-0.46717294419753863
2019,5,28.2916,-16.6291,2153389.0,17,0,0,0,0,0,0,0,1,0,-0.4655884183319316
2019,4,43.1828,-3.9878,581078.0,3,0,0,0,0,0,0,0,1,0,-0.4677597748404726
2019,7,41.6523,-4.7245,2399548.0,14,0,0,0,0,0,0,0,1,0,-0.4671679029913114
2019,6,39.8628,-4.0273,2032863.0,29,0,0,0,0,0,0,0,1,0,-0.466381772669655
2019,8,41.3851,2.1734,7675217.0,58,0,0,0,0,0,0,0,1,0,-0.46528638371259823
2019,11,39.4699,-0.3763,5003769.0,48,0,0,0,0,0,0,0,1,0,-0.46526806907449536
2019,12,39.4765,-6.3722,1067710.0,8,0,0,0,0,0,0,0,1,0,-0.46750379427751887
2019,13,42.5751,-8.1339,2699499.0,21,0,0,0,0,0,0,0,1,0,-0.4671702975671279
2019,14,40.4168,-3.7038,6663394.0,55,0,0,0,0,0,0,0,1,0,-0.46523602662432423
2019,15,37.9922,-1.1307,1493898.0,14,0,0,0,0,0,0,0,1,0,-0.46719417981101863
2019,16,42.6954,-1.6761,654214.0,10,0,0,0,0,0,0,0,1,0,-0.4671554937566681
2019,17,43.263,-2.9349,2207776.0,12,0,0,0,0,0,0,0,1,0,-0.4670953020272023
2019,18,42.2871,-2.5396,316798.0,5,0,0,0,0,0,0,0,1,0,-0.4677212688301439
2019,9,35.8894,-5.3198,84777.0,8,0,0,0,0,0,0,0,1,0,-0.4675280186024126
2019,10,35.293,-2.9387,86487.0,1,0,0,0,0,0,0,0,1,0,-0.46774707753715333
2018,0,37.3873,-5.9869,8384408.0,123,0,0,0,0,0,0,0,1,0,-0.46197931382459406
2018,1,41.6488,-0.8891,1308728.0,9,0,0,0,0,0,0,0,1,0,-0.46750377627047784
2018,2,43.3619,-5.8494,1028244.0,3,0,0,0,0,0,0,0,1,0,-0.467734326221507
2018,3,39.5712,2.6466,1128908.0,6,0,0,0,0,0,0,0,1,0,-0.4671420942843019
2018,5,28.2916,-16.6291,2127685.0,13,0,0,0,0,0,0,0,1,0,-0.4655155696405381
2018,4,43.1828,-3.9878,580229.0,0,0,0,0,0,0,0,0,1,0,-0.46772121481781687
2018,7,41.6523,-4.7245,2409164.0,17,0,0,0,0,0,0,0,1,0,-0.46725802642445463
2018,6,39.8628,-4.0273,2026807.0,37,0,0,0,0,0,0,0,1,0,-0.46669001882973454
2018,8,41.3851,2.1734,7600065.0,52,0,0,0,0,0,0,0,1,0,-0.4652059148766248
2018,11,39.4699,-0.3763,4963703.0,79,0,0,0,0,0,0,0,1,0,-0.46504812366974146
2018,12,39.4765,-6.3722,1072863.0,10,0,0,0,0,0,0,0,1,0,-0.4676176739140623
2018,13,42.5751,-8.1339,2701743.0,16,0,0,0,0,0,0,0,1,0,-0.46690426633126564
2018,14,40.4168,-3.7038,6578079.0,87,0,0,0,0,0,0,0,1,0,-0.46562013247758327
2018,15,37.9922,-1.1307,1478509.0,16,0,0,0,0,0,0,0,1,0,-0.4673342822637382
2018,16,42.6954,-1.6761,647554.0,17,0,0,0,0,0,0,0,1,0,-0.46718198663447913
2018,17,43.263,-2.9349,2199088.0,13,0,0,0,0,0,0,0,1,0,-0.4668263000781715
2018,18,42.2871,-2.5396,315675.0,2,0,0,0,0,0,0,0,1,0,-0.4677336240524602
2018,9,35.8894,-5.3198,85144.0,8,0,0,0,0,0,0,0,1,0,-0.46756672266380417
2018,10,35.293,-2.9387,86384.0,1,0,0,0,0,0,0,0,1,0,-0.4676074792112136
2017,0,37.3873,-5.9869,8379820.0,120,0,0,0,0,0,0,0,1,0,-0.4607683348523659
2017,1,41.6488,-0.8891,1308750.0,6,0,0,0,0,0,0,0,1,0,-0.46746474813512423
2017,2,43.3619,-5.8494,1034960.0,3,0,0,0,0,0,0,0,1,0,-0.4677721840751159
2017,3,39.5712,2.6466,1115999.0,18,0,0,0,0,0,0,0,1,0,-0.46718187860982513
2017,5,28.2916,-16.6291,2108121.0,135,0,0,0,0,0,0,0,1,0,-0.46704074991409666
2017,4,43.1828,-3.9878,580295.0,3,0,0,0,0,0,0,0,1,0,-0.4677465554121284
2017,7,41.6523,-4.7245,2425801.0,26,0,0,0,0,0,0,0,1,0,-0.4674776794947925
2017,6,39.8628,-4.0273,2031479.0,65,0,0,0,0,0,0,0,1,0,-0.4673373249874789
2017,8,41.3851,2.1734,7555830.0,81,0,0,0,0,0,0,0,1,0,-0.4653891684437746
2017,11,39.4699,-0.3763,4941509.0,72,0,0,0,0,0,0,0,1,0,-0.4654860837415949
2017,12,39.4765,-6.3722,1079920.0,4,0,0,0,0,0,0,0,1,0,-0.4676432845788045
2017,13,42.5751,-8.1339,2708339.0,17,0,0,0,0,0,0,0,1,0,-0.4666340220811221
2017,14,40.4168,-3.7038,6507184.0,37,0,0,0,0,0,0,0,1,0,-0.4656764533001579
2017,15,37.9922,-1.1307,1470273.0,23,0,0,0,0,0,0,0,1,0,-0.46755413338513885
2017,16,42.6954,-1.6761,643234.0,25,0,0,0,0,0,0,0,1,0,-0.46734950016577326
2017,17,43.263,-2.9349,2194158.0,17,0,0,0,0,0,0,0,1,0,-0.4665815584681163
2017,18,42.2871,-2.5396,315381.0,3,0,0,0,0,0,0,0,1,0,-0.4677467354561503
2017,9,35.8894,-5.3198,84959.0,11,0,0,0,0,0,0,0,1,0,-0.46764436483414046
2017,10,35.293,-2.9387,86120.0,2,0,0,0,0,0,0,0,1,0,-0.46759244134440475
2016,0,37.3873,-5.9869,8388107.0,190,0,0,0,0,0,0,0,1,0,-0.4618648263023569
2016,1,41.6488,-0.8891,1308563.0,9,0,0,0,0,0,0,0,1,0,-0.4673256179218825
2016,2,43.3619,-5.8494,1042608.0,0,0,0,0,0,0,0,0,1,0,-0.4676708216978698
2016,3,39.5712,2.6466,1107220.0,27,0,0,0,0,0,0,0,1,0,-0.467438579340071
2016,5,28.2916,-16.6291,2101924.0,26,0,0,0,0,0,0,0,1,0,-0.46722029459374503
2016,4,43.1828,-3.9878,582206.0,2,0,0,0,0,0,0,0,1,0,-0.46775937874714263
2016,7,41.6523,-4.7245,2447519.0,8,0,0,0,0,0,0,0,1,0,-0.46747733741378955
2016,6,39.8628,-4.0273,2041631.0,10,0,0,0,0,0,0,0,1,0,-0.46727277621379176
2016,8,41.3851,2.1734,7522596.0,65,0,0,0,0,0,0,0,1,0,-0.465351148544389
2016,11,39.4699,-0.3763,4959968.0,48,0,0,0,0,0,0,0,1,0,-0.465700947704278
2016,12,39.4765,-6.3722,1087778.0,11,0,0,0,0,0,0,0,1,0,-0.46774707753715333
2016,13,42.5751,-8.1339,2718525.0,18,0,0,0,0,0,0,0,1,0,-0.46659038484695287
2016,14,40.4168,-3.7038,6466996.0,78,0,0,0,0,0,0,0,1,0,-0.46637109186465897
2016,15,37.9922,-1.1307,1464847.0,10,0,0,0,0,0,0,0,1,0,-0.46758062625415425
2016,16,42.6954,-1.6761,640647.0,10,0,0,0,0,0,0,0,1,0,-0.467184399208541
2016,17,43.263,-2.9349,2189534.0,27,0,0,0,0,0,0,0,1,0,-0.4666170037476633
2016,18,42.2871,-2.5396,315794.0,3,0,0,0,0,0,0,0,1,0,-0.4677850074101301
2016,9,35.8894,-5.3198,84519.0,4,0,0,0,0,0,0,0,1,0,-0.4676314334744722
2016,10,35.293,-2.9387,86026.0,3,0,0,0,0,0,0,0,1,0,-0.4675540253604848
2015,0,37.3873,-5.9869,8399043.0,146,0,0,0,0,0,0,0,1,0,-0.4628699838631861
2015,1,41.6488,-0.8891,1317847.0,10,0,0,0,0,0,0,0,1,0,-0.4673739045346889
2015,2,43.3619,-5.8494,1051229.0,4,0,0,0,0,0,0,0,1,0,-0.4676448149397974
2015,3,39.5712,2.6466,1104479.0,8,0,0,0,0,0,0,0,1,0,-0.4673499322731851
2015,5,28.2916,-16.6291,2100306.0,18,0,0,0,0,0,0,0,1,0,-0.46718382307118905
2015,4,43.1828,-3.9878,585179.0,3,0,0,0,0,0,0,0,1,0,-0.4677725981754867
2015,7,41.6523,-4.7245,2472052.0,10,0,0,0,0,0,0,0,1,0,-0.46747785953881443
2015,6,39.8628,-4.0273,2059191.0,13,0,0,0,0,0,0,0,1,0,-0.46734805982239347
2015,8,41.3851,2.1734,7508106.0,58,0,0,0,0,0,0,0,1,0,-0.4657023340177396
2015,11,39.4699,-0.3763,4980689.0,97,0,0,0,0,0,0,0,1,0,-0.4662506543846047
2015,12,39.4765,-6.3722,1092997.0,1,0,0,0,0,0,0,0,1,0,-0.4676959822481594
2015,13,42.5751,-8.1339,2732347.0,37,0,0,0,0,0,0,0,1,0,-0.46693544459300007
2015,14,40.4168,-3.7038,6436996.0,57,0,0,0,0,0,0,0,1,0,-0.4666330318521949
2015,15,37.9922,-1.1307,1467288.0,5,0,0,0,0,0,0,0,1,0,-0.46752929690881134
2015,16,42.6954,-1.6761,640476.0,15,0,0,0,0,0,0,0,1,0,-0.4672079753767148
2015,17,43.263,-2.9349,2189257.0,34,0,0,0,0,0,0,0,1,0,-0.4667203826144368
2015,18,42.2871,-2.5396,317053.0,1,0,0,0,0,0,0,0,1,0,-0.46778518745415204
2015,9,35.8894,-5.3198,84263.0,5,0,0,0,0,0,0,0,1,0,-0.46766936334744896
2015,10,35.293,-2.9387,85584.0,12,0,0,0,0,0,0,0,1,0,-0.46766970542845204
2014,0,37.3873,-5.9869,8402305.0,215,0,0,0,0,0,0,0,1,0,-0.4647439507773343
2014,1,41.6488,-0.8891,1325385.0,9,0,0,0,0,0,0,0,1,0,-0.4672728662402006
2014,2,43.3619,-5.8494,1061756.0,0,0,0,0,0,0,0,0,1,0,-0.46755447546614193
2014,3,39.5712,2.6466,1103442.0,15,0,0,0,0,0,0,0,1,0,-0.46723657475287084
2014,5,28.2916,-16.6291,2104815.0,17,0,0,0,0,0,0,0,1,0,-0.4671958001984205
2014,4,43.1828,-3.9878,588656.0,1,0,0,0,0,0,0,0,1,0,-0.46777236411913786
2014,7,41.6523,-4.7245,2494790.0,9,0,0,0,0,0,0,0,1,0,-0.46754089594975384
2014,6,39.8628,-4.0273,2078611.0,15,0,0,0,0,0,0,0,1,0,-0.4674257920191386
2014,8,41.3851,2.1734,7518903.0,67,0,0,0,0,0,0,0,1,0,-0.4659890924921534
2014,11,39.4699,-0.3763,5004844.0,37,0,0,0,0,0,0,0,1,0,-0.46618354898932435
2014,12,39.4765,-6.3722,1099632.0,2,0,0,0,0,0,0,0,1,0,-0.46765729619380875
2014,13,42.5751,-8.1339,2748695.0,38,0,0,0,0,0,0,0,1,0,-0.4671452090362062
2014,14,40.4168,-3.7038,6454440.0,32,0,0,0,0,0,0,0,1,0,-0.4666828668330353
2014,15,37.9922,-1.1307,1466818.0,6,0,0,0,0,0,0,0,1,0,-0.46756641658808723
2014,16,42.6954,-1.6761,640790.0,12,0,0,0,0,0,0,0,1,0,-0.4670933575658385
2014,17,43.263,-2.9349,2188985.0,36,0,0,0,0,0,0,0,1,0,-0.46695095056371116
2014,18,42.2871,-2.5396,319002.0,2,0,0,0,0,0,0,0,1,0,-0.4678108161171396
2014,9,35.8894,-5.3198,84963.0,5,0,0,0,0,0,0,0,1,0,-0.46768270880748813
2014,10,35.293,-2.9387,84509.0,3,0,0,0,0,0,0,0,1,0,-0.4676821866824632
2013,0,37.3873,-5.9869,8440300.0,103,0,0,0,0,0,0,0,1,0,-0.46477890566260693
2013,1,41.6488,-0.8891,1347150.0,20,0,0,0,0,0,0,0,1,0,-0.46738811420075593
2013,2,43.3619,-5.8494,1068165.0,8,0,0,0,0,0,0,0,1,0,-0.4676306772930984
2013,3,39.5712,2.6466,1111674.0,7,0,0,0,0,0,0,0,1,0,-0.46706780091342315
2013,5,28.2916,-16.6291,2118679.0,12,0,0,0,0,0,0,0,1,0,-0.467067944952159
2013,4,43.1828,-3.9878,591888.0,1,0,0,0,0,0,0,0,1,0,-0.46774702352482633
2013,7,41.6523,-4.7245,2519875.0,8,0,0,0,0,0,0,0,1,0,-0.4674911509865266
2013,6,39.8628,-4.0273,2100998.0,15,0,0,0,0,0,0,0,1,0,-0.46752877478378646
2013,8,41.3851,2.1734,7553650.0,68,0,0,0,0,0,0,0,1,0,-0.4661988209124821
2013,11,39.4699,-0.3763,5113815.0,31,0,0,0,0,0,0,0,1,0,-0.46581302263486213
2013,12,39.4765,-6.3722,1104004.0,3,0,0,0,0,0,0,0,1,0,-0.4676567200564567
2013,13,42.5751,-8.1339,2765940.0,21,0,0,0,0,0,0,0,1,0,-0.46719614227942347
2013,14,40.4168,-3.7038,6495551.0,24,0,0,0,0,0,0,0,1,0,-0.4664030760455586
2013,15,37.9922,-1.1307,1472049.0,8,0,0,0,0,0,0,0,1,0,-0.4675422462755205
2013,16,42.6954,-1.6761,644477.0,23,0,0,0,0,0,0,0,1,0,-0.467119652383791
2013,17,43.263,-2.9349,2191682.0,24,0,0,0,0,0,0,0,1,0,-0.46693960358615866
2013,18,42.2871,-2.5396,322027.0,0,0,0,0,0,0,0,0,1,0,-0.4678107621048125
2013,9,35.8894,-5.3198,84180.0,5,0,0,0,0,0,0,0,1,0,-0.4677210347737949
2013,10,35.293,-2.9387,83679.0,6,0,0,0,0,0,0,0,1,0,-0.46774650139980134
2019,0,37.3873,-5.9869,8414240.0,6728,0,0,0,0,0,0,0,0,1,-0.23023122231837823
2019,1,41.6488,-0.8891,1319291.0,799,0,0,0,0,0,0,0,0,1,-0.44325137667781866
2019,2,43.3619,-5.8494,1022800.0,567,0,0,0,0,0,0,0,0,1,-0.4467430864200471
2019,3,39.5712,2.6466,1149460.0,1095,0,0,0,0,0,0,0,0,1,-0.4307468889574172
2019,5,28.2916,-16.6291,2153389.0,1721,0,0,0,0,0,0,0,0,1,-0.41262318734323405
2019,4,43.1828,-3.9878,581078.0,282,0,0,0,0,0,0,0,0,1,-0.4573522010179723
2019,7,41.6523,-4.7245,2399548.0,1186,0,0,0,0,0,0,0,0,1,-0.42670130923198524
2019,6,39.8628,-4.0273,2032863.0,1250,0,0,0,0,0,0,0,0,1,-0.42685872237896644
2019,8,41.3851,2.1734,7675217.0,3519,0,0,0,0,0,0,0,0,1,-0.33850113470351767
2019,11,39.4699,-0.3763,5003769.0,4643,0,0,0,0,0,0,0,0,1,-0.3063515057576047
2019,12,39.4765,-6.3722,1067710.0,680,0,0,0,0,0,0,0,0,1,-0.4445589923723435
2019,13,42.5751,-8.1339,2699499.0,1409,0,0,0,0,0,0,0,0,1,-0.4222246778467151
2019,14,40.4168,-3.7038,6663394.0,4671,0,0,0,0,0,0,0,0,1,-0.30354102133102767
2019,15,37.9922,-1.1307,1493898.0,1040,0,0,0,0,0,0,0,0,1,-0.43197337823646187
2019,16,42.6954,-1.6761,654214.0,415,0,0,0,0,0,0,0,0,1,-0.4540383752705773
2019,17,43.263,-2.9349,2207776.0,1573,0,0,0,0,0,0,0,0,1,-0.4112897998998625
2019,18,42.2871,-2.5396,316798.0,229,0,0,0,0,0,0,0,0,1,-0.4616950760016699
2019,9,35.8894,-5.3198,84777.0,148,0,0,0,0,0,0,0,0,1,-0.4612683951185585
2019,10,35.293,-2.9387,86487.0,97,0,0,0,0,0,0,0,0,1,-0.464966088441102
2018,0,37.3873,-5.9869,8384408.0,6464,0,0,0,0,0,0,0,0,1,-0.2314594068276395
2018,1,41.6488,-0.8891,1308728.0,710,0,0,0,0,0,0,0,0,1,-0.4437389788980662
2018,2,43.3619,-5.8494,1028244.0,557,0,0,0,0,0,0,0,0,1,-0.44815605203400427
2018,3,39.5712,2.6466,1128908.0,963,0,0,0,0,0,0,0,0,1,-0.4313378468363722
2018,5,28.2916,-16.6291,2127685.0,1485,0,0,0,0,0,0,0,0,1,-0.4154338921640202
2018,4,43.1828,-3.9878,580229.0,318,0,0,0,0,0,0,0,0,1,-0.45815956267857294
2018,7,41.6523,-4.7245,2409164.0,1097,0,0,0,0,0,0,0,0,1,-0.42787617678729256
2018,6,39.8628,-4.0273,2026807.0,1152,0,0,0,0,0,0,0,0,1,-0.42772978230454883
2018,8,41.3851,2.1734,7600065.0,3464,0,0,0,0,0,0,0,0,1,-0.34112452639559987
2018,11,39.4699,-0.3763,4963703.0,4361,0,0,0,0,0,0,0,0,1,-0.309271590023284
2018,12,39.4765,-6.3722,1072863.0,602,0,0,0,0,0,0,0,0,1,-0.44546936334490855
2018,13,42.5751,-8.1339,2701743.0,1266,0,0,0,0,0,0,0,0,1,-0.4252332419588654
2018,14,40.4168,-3.7038,6578079.0,4464,0,0,0,0,0,0,0,0,1,-0.3147388338304488
2018,15,37.9922,-1.1307,1478509.0,1009,0,0,0,0,0,0,0,0,1,-0.43452257505398445
2018,16,42.6954,-1.6761,647554.0,407,0,0,0,0,0,0,0,0,1,-0.4551454670011035
2018,17,43.263,-2.9349,2199088.0,1502,0,0,0,0,0,0,0,0,1,-0.4115875272039702
2018,18,42.2871,-2.5396,315675.0,185,0,0,0,0,0,0,0,0,1,-0.4624502303520075
2018,9,35.8894,-5.3198,85144.0,178,0,0,0,0,0,0,0,0,1,-0.46189455998135853
2018,10,35.293,-2.9387,86384.0,78,0,0,0,0,0,0,0,0,1,-0.4649413959947147
2017,0,37.3873,-5.9869,8379820.0,6196,0,0,0,0,0,0,0,0,1,-0.22569412842390338
2017,1,41.6488,-0.8891,1308750.0,612,0,0,0,0,0,0,0,0,1,-0.44124735459183506
2017,2,43.3619,-5.8494,1034960.0,575,0,0,0,0,0,0,0,0,1,-0.44911260832205613
2017,3,39.5712,2.6466,1115999.0,950,0,0,0,0,0,0,0,0,1,-0.43265908664562086
2017,5,28.2916,-16.6291,2108121.0,1521,0,0,0,0,0,0,0,0,1,-0.41780670024251876
2017,4,43.1828,-3.9878,580295.0,269,0,0,0,0,0,0,0,0,1,-0.45806361957625197
2017,7,41.6523,-4.7245,2425801.0,1054,0,0,0,0,0,0,0,0,1,-0.4285196480610232
2017,6,39.8628,-4.0273,2031479.0,1016,0,0,0,0,0,0,0,0,1,-0.4264105452523224
2017,8,41.3851,2.1734,7555830.0,3383,0,0,0,0,0,0,0,0,1,-0.3408826526311059
2017,11,39.4699,-0.3763,4941509.0,4214,0,0,0,0,0,0,0,0,1,-0.3109184860129302
2017,12,39.4765,-6.3722,1079920.0,614,0,0,0,0,0,0,0,0,1,-0.4466403737434213
2017,13,42.5751,-8.1339,2708339.0,1228,0,0,0,0,0,0,0,0,1,-0.42748806969452474
2017,14,40.4168,-3.7038,6507184.0,4319,0,0,0,0,0,0,0,0,1,-0.32521746552041486
2017,15,37.9922,-1.1307,1470273.0,893,0,0,0,0,0,0,0,0,1,-0.434655737337551
2017,16,42.6954,-1.6761,643234.0,327,0,0,0,0,0,0,0,0,1,-0.45598057237210793
2017,17,43.263,-2.9349,2194158.0,1417,0,0,0,0,0,0,0,0,1,-0.4115563214948166
2017,18,42.2871,-2.5396,315381.0,136,0,0,0,0,0,0,0,0,1,-0.46251465311159107
2017,9,35.8894,-5.3198,84959.0,185,0,0,0,0,0,0,0,0,1,-0.46274412279848853
2017,10,35.293,-2.9387,86120.0,67,0,0,0,0,0,0,0,0,1,-0.46481132621665844
2016,0,37.3873,-5.9869,8388107.0,5870,0,0,0,0,0,0,0,0,1,-0.21945322239396148
2016,1,41.6488,-0.8891,1308563.0,594,0,0,0,0,0,0,0,0,1,-0.4409147931451678
2016,2,43.3619,-5.8494,1042608.0,512,0,0,0,0,0,0,0,0,1,-0.4499403276136253
2016,3,39.5712,2.6466,1107220.0,980,0,0,0,0,0,0,0,0,1,-0.43499498594590047
2016,5,28.2916,-16.6291,2101924.0,1298,0,0,0,0,0,0,0,0,1,-0.41779883232667603
2016,4,43.1828,-3.9878,582206.0,229,0,0,0,0,0,0,0,0,1,-0.45715325287822245
2016,7,41.6523,-4.7245,2447519.0,1057,0,0,0,0,0,0,0,0,1,-0.4298497639517172
2016,6,39.8628,-4.0273,2041631.0,1027,0,0,0,0,0,0,0,0,1,-0.4260950296481028
2016,8,41.3851,2.1734,7522596.0,3240,0,0,0,0,0,0,0,0,1,-0.33818780796628733
2016,11,39.4699,-0.3763,4959968.0,4019,0,0,0,0,0,0,0,0,1,-0.3104539155982335
2016,12,39.4765,-6.3722,1087778.0,599,0,0,0,0,0,0,0,0,1,-0.44661131571253687
2016,13,42.5751,-8.1339,2718525.0,1061,0,0,0,0,0,0,0,0,1,-0.42798436279514884
2016,14,40.4168,-3.7038,6466996.0,4029,0,0,0,0,0,0,0,0,1,-0.331382191008122
2016,15,37.9922,-1.1307,1464847.0,894,0,0,0,0,0,0,0,0,1,-0.4360660202366502
2016,16,42.6954,-1.6761,640647.0,341,0,0,0,0,0,0,0,0,1,-0.45780836773845723
2016,17,43.263,-2.9349,2189534.0,1492,0,0,0,0,0,0,0,0,1,-0.41185249622672016
2016,18,42.2871,-2.5396,315794.0,157,0,0,0,0,0,0,0,0,1,-0.46305343118047615
2016,9,35.8894,-5.3198,84519.0,148,0,0,0,0,0,0,0,0,1,-0.4630427323596433
2016,10,35.293,-2.9387,86026.0,78,0,0,0,0,0,0,0,0,1,-0.46525396743308234
2015,0,37.3873,-5.9869,8399043.0,6379,0,0,0,0,0,0,0,0,1,-0.21890241334383995
2015,1,41.6488,-0.8891,1317847.0,674,0,0,0,0,0,0,0,0,1,-0.44162915505715344
2015,2,43.3619,-5.8494,1051229.0,446,0,0,0,0,0,0,0,0,1,-0.45041751392466917
2015,3,39.5712,2.6466,1104479.0,916,0,0,0,0,0,0,0,0,1,-0.43673322974192275
2015,5,28.2916,-16.6291,2100306.0,1266,0,0,0,0,0,0,0,0,1,-0.41699087229112525
2015,4,43.1828,-3.9878,585179.0,256,0,0,0,0,0,0,0,0,1,-0.45650965559038836
2015,7,41.6523,-4.7245,2472052.0,1005,0,0,0,0,0,0,0,0,1,-0.42981141573022086
2015,6,39.8628,-4.0273,2059191.0,1086,0,0,0,0,0,0,0,0,1,-0.4269234871843703
2015,8,41.3851,2.1734,7508106.0,3261,0,0,0,0,0,0,0,0,1,-0.33539219939592496
2015,11,39.4699,-0.3763,4980689.0,4137,0,0,0,0,0,0,0,0,1,-0.3094899202064786
2015,12,39.4765,-6.3722,1092997.0,530,0,0,0,0,0,0,0,0,1,-0.44679690034122843
2015,13,42.5751,-8.1339,2732347.0,1032,0,0,0,0,0,0,0,0,1,-0.427783222431568
2015,14,40.4168,-3.7038,6436996.0,3587,0,0,0,0,0,0,0,0,1,-0.3260085359721006
2015,15,37.9922,-1.1307,1467288.0,810,0,0,0,0,0,0,0,0,1,-0.43403277299611964
2015,16,42.6954,-1.6761,640476.0,321,0,0,0,0,0,0,0,0,1,-0.458940363725326
2015,17,43.263,-2.9349,2189257.0,1479,0,0,0,0,0,0,0,0,1,-0.41212340659664604
2015,18,42.2871,-2.5396,317053.0,126,0,0,0,0,0,0,0,0,1,-0.4627902266278421
2015,9,35.8894,-5.3198,84263.0,129,0,0,0,0,0,0,0,0,1,-0.4626901965605262
2015,10,35.293,-2.9387,85584.0,80,0,0,0,0,0,0,0,0,1,-0.46540186575588943
2014,0,37.3873,-5.9869,8402305.0,6650,0,0,0,0,0,0,0,0,1,-0.22040083580861228
2014,1,41.6488,-0.8891,1325385.0,808,0,0,0,0,0,0,0,0,1,-0.44397243179984025
2014,2,43.3619,-5.8494,1061756.0,502,0,0,0,0,0,0,0,0,1,-0.45026547982556525
2014,3,39.5712,2.6466,1103442.0,846,0,0,0,0,0,0,0,0,1,-0.4369280420701931
2014,5,28.2916,-16.6291,2104815.0,1339,0,0,0,0,0,0,0,0,1,-0.4158701744617117
2014,4,43.1828,-3.9878,588656.0,277,0,0,0,0,0,0,0,0,1,-0.4558694611231345
2014,7,41.6523,-4.7245,2494790.0,1004,0,0,0,0,0,0,0,0,1,-0.428536027686936
2014,6,39.8628,-4.0273,2078611.0,1119,0,0,0,0,0,0,0,0,1,-0.42707658446705454
2014,8,41.3851,2.1734,7518903.0,3405,0,0,0,0,0,0,0,0,1,-0.33133947290120586
2014,11,39.4699,-0.3763,5004844.0,4086,0,0,0,0,0,0,0,0,1,-0.30628798929287154
2014,12,39.4765,-6.3722,1099632.0,523,0,0,0,0,0,0,0,0,1,-0.44655446333335497
2014,13,42.5751,-8.1339,2748695.0,1054,0,0,0,0,0,0,0,0,1,-0.4269518979586373
2014,14,40.4168,-3.7038,6454440.0,3505,0,0,0,0,0,0,0,0,1,-0.31473566009996484
2014,15,37.9922,-1.1307,1466818.0,884,0,0,0,0,0,0,0,0,1,-0.43342363066215306
2014,16,42.6954,-1.6761,640790.0,261,0,0,0,0,0,0,0,0,1,-0.4593420280441096
2014,17,43.263,-2.9349,2188985.0,1418,0,0,0,0,0,0,0,0,1,-0.41288247645221066
2014,18,42.2871,-2.5396,319002.0,131,0,0,0,0,0,0,0,0,1,-0.46266091301356854
2014,9,35.8894,-5.3198,84963.0,119,0,0,0,0,0,0,0,0,1,-0.46312349353003274
2014,10,35.293,-2.9387,84509.0,77,0,0,0,0,0,0,0,0,1,-0.46553200753572227
2013,0,37.3873,-5.9869,8440300.0,6347,0,0,0,0,0,0,0,0,1,-0.22528319766476443
2013,1,41.6488,-0.8891,1347150.0,616,0,0,0,0,0,0,0,0,1,-0.4442605448481696
2013,2,43.3619,-5.8494,1068165.0,447,0,0,0,0,0,0,0,0,1,-0.4493411194667985
2013,3,39.5712,2.6466,1111674.0,798,0,0,0,0,0,0,0,0,1,-0.43578310617458493
2013,5,28.2916,-16.6291,2118679.0,1298,0,0,0,0,0,0,0,0,1,-0.41566106668031844
2013,4,43.1828,-3.9878,591888.0,300,0,0,0,0,0,0,0,0,1,-0.45654555524133233
2013,7,41.6523,-4.7245,2519875.0,953,0,0,0,0,0,0,0,0,1,-0.4262595639259527
2013,6,39.8628,-4.0273,2100998.0,1050,0,0,0,0,0,0,0,0,1,-0.4258126556917163
2013,8,41.3851,2.1734,7553650.0,3450,0,0,0,0,0,0,0,0,1,-0.32727854916288285
2013,11,39.4699,-0.3763,5113815.0,4054,0,0,0,0,0,0,0,0,1,-0.3037476136179779
2013,12,39.4765,-6.3722,1104004.0,603,0,0,0,0,0,0,0,0,1,-0.4474206483642267
2013,13,42.5751,-8.1339,2765940.0,1022,0,0,0,0,0,0,0,0,1,-0.42530921486892853
2013,14,40.4168,-3.7038,6495551.0,3553,0,0,0,0,0,0,0,0,1,-0.3113674319774375
2013,15,37.9922,-1.1307,1472049.0,783,0,0,0,0,0,0,0,0,1,-0.4321271501967955
2013,16,42.6954,-1.6761,644477.0,198,0,0,0,0,0,0,0,0,1,-0.45886479203045705
2013,17,43.263,-2.9349,2191682.0,1470,0,0,0,0,0,0,0,0,1,-0.4167025602652435
2013,18,42.2871,-2.5396,322027.0,115,0,0,0,0,0,0,0,0,1,-0.46237494675220153
2013,9,35.8894,-5.3198,84180.0,125,0,0,0,0,0,0,0,0,1,-0.4634348004296896
2013,10,35.293,-2.9387,83679.0,43,0,0,0,0,0,0,0,0,1,-0.465183617006054
