region,1_against_people,1.1_intentional_homicides_murders,1.1.1_intentional_homicides_murders_committed,1.2_injuries,1.3_domestic_violence,1.4_other_crimes_against_people,2_against_freedom,2.1_habitual_domestic_violence,2.2_other_crimes_against_freedom,3_sexual_freedom,3.1_sexual_assault,3.1.1_sexual_assault_with_penetration,3.2_corruption_of_minors_or_disabled,3.3_child_pornography,3.4_other_crimes_against_sexual_freedom,4_family_relationships,5_property_crimes,5.1_thefts,5.2_robbery_with_force,521_Robos_con_fuerza_en_las_cosas_en_el_interior_de_vehículos,5.2.2_robbery_with_force_in_homes,5.2.3_robbery_with_force_in_establishments,5.3_robbery_with_violence_or_intimidation,5.3.1_robbery_with_violence_in_public_ways,5.3.2_robbery_with_violence_in_homes,5.3.3_robbery_with_violence_in_establishments,5.4_vehicle_theft,5.5_fraud,5.5.1_computer_fraud,5.6_damage,5.7_against_intellectual_industrial_property,5.8_money_laundering,5.9_other_property_crimes,6_collective_security,6.1_drug_trafficking,6.2_against_road_safety,6.3_other_collective_security_crimes,7_forgeries,8_public_administration,9_justice_administration,10_public_order,11_special_legislation,12_other_criminal_offenses,total_criminal_offenses,year
ANDALUCÍA,45636,363,71,24848,19294,1131,32765,3007,29758,3473,2044,604,74,130,621,1702,289412,95492,47977,19215,14101,5953,7676,5028,630,1195,5957,84455,72795,35037,332,106,12380,16357,4790,11043,524,6596,99,8688,5455,141,2857,413181,2023
ARAGÓN,6071,47,9,2949,2967,108,3139,301,2838,511,330,92,13,21,55,179,36261,10651,5550,1044,1955,747,1076,702,65,203,318,12353,10891,5095,23,4,1191,1651,552,1049,50,743,11,1056,967,5,271,50865,2023
ASTURIAS (PRINCIPADO DE),4185,21,6,2235,1861,68,2421,92,2329,325,199,67,8,14,37,95,23761,7681,2581,586,990,561,424,216,44,109,259,8907,7897,2931,9,2,967,1047,190,779,78,439,4,838,511,5,257,33888,2023
BALEARS (ILLES),10159,50,8,4495,5341,273,6339,678,5661,1050,709,156,21,32,132,237,53976,23009,6806,3195,1937,738,1519,994,82,228,1832,13522,10299,4912,89,7,2280,2871,776,1892,203,912,18,1667,914,3,363,78509,2023
CANARIAS,15210,77,17,7847,6765,521,11181,1078,10103,1189,750,221,31,53,134,564,66962,26245,7853,2969,2120,1249,1858,1106,148,333,1451,19297,15752,7441,107,19,2691,3725,764,2802,159,1269,25,2295,1099,10,693,104222,2023
CANTABRIA,2738,10,0,1587,1032,109,1775,190,1585,169,103,34,3,7,22,53,17503,4831,2797,511,1291,465,255,129,32,63,116,6161,5428,2620,18,6,699,854,114,706,34,251,8,447,281,5,128,24212,2023
CASTILLA Y LEÓN,9010,58,10,5181,3475,296,6397,692,5705,711,419,141,22,34,95,201,65001,17611,8284,1964,2786,1295,817,458,85,194,485,25535,22722,9892,56,18,2303,3071,492,2434,145,2033,33,1559,1028,16,764,89824,2023
CASTILLA - LA MANCHA,8729,60,15,4830,3651,188,6078,977,5101,718,454,133,19,27,85,335,58871,14785,11034,2767,3588,1369,926,512,134,166,645,19751,17335,8893,32,49,2756,3596,595,2900,101,1851,25,1749,1081,6,669,83708,2023
CATALUÑA,23941,310,71,15019,8064,548,23322,1794,21528,4361,2095,1589,8,198,471,1110,431028,170164,62232,27779,18485,7502,25421,18950,1012,2211,8466,111977,73994,38765,235,66,13702,11802,4368,7189,245,4490,63,4773,4171,141,970,510172,2023
COMUNITAT VALENCIANA,28927,200,34,14127,14053,547,17389,2480,14909,2575,1666,472,53,89,295,910,211176,77573,37462,14322,14495,3788,6170,3812,491,957,3258,51860,41313,26859,225,78,7691,9533,2566,6627,340,5655,71,5936,4020,46,1141,287379,2023
EXTREMADURA,3787,21,4,2357,1347,62,3069,311,2758,310,188,44,12,11,55,231,23968,6793,3740,792,1266,579,312,147,47,81,195,8335,7449,3654,25,7,907,1277,315,902,60,998,9,852,423,11,334,35269,2023
GALICIA,9981,70,18,5748,3810,353,7986,859,7127,924,502,201,12,43,166,204,65713,20300,9491,3251,2684,1934,1049,552,100,274,580,21800,18721,9927,37,13,2516,4789,488,4147,154,1634,33,1779,988,7,762,94800,2023
MADRID (COMUNIDAD DE),34880,206,33,13662,20263,749,18647,1347,17300,3066,1804,649,50,135,428,723,323394,128366,41106,21961,9336,4998,12015,8252,646,1495,7061,90148,71534,34276,119,81,10222,8997,3389,5381,227,9589,42,5631,5706,35,1072,411782,2023
MURCIA (REGIÓN DE),8520,80,15,4325,3957,158,5396,388,5008,721,472,110,22,33,84,660,52383,16564,10318,3248,3909,1356,2071,1307,143,345,970,14416,12310,5752,37,11,2244,1737,580,1062,95,1447,20,1766,1025,16,503,74194,2023
NAVARRA (COMUNIDAD FORAL DE),3028,38,6,1784,1102,104,2522,310,2212,462,274,82,18,25,63,94,25568,8661,2939,628,1034,419,467,346,22,57,154,9253,6576,3264,43,22,765,1541,158,1338,45,676,15,489,539,0,160,35094,2023
PAÍS VASCO,8715,50,6,5502,2681,482,8817,2500,6317,969,538,235,14,40,142,195,80195,30129,10344,30,4079,1890,2107,1519,129,259,751,26619,25095,7939,58,12,2236,3190,597,2517,76,1868,18,1838,1405,10,603,107823,2023
RIOJA (LA),1490,15,3,753,676,46,858,94,764,124,82,18,5,7,12,30,8570,2974,1356,260,559,145,150,88,12,36,68,2324,2021,1252,3,0,443,454,93,334,27,128,5,284,149,3,57,12152,2023
CIUDAD AUTÓNOMA DE CEUTA,644,11,5,348,283,2,311,8,303,45,32,8,1,2,2,19,1909,529,192,115,33,19,84,62,7,10,108,617,514,311,1,0,67,264,99,161,4,96,1,95,120,0,37,3541,2023
CIUDAD AUTÓNOMA DE MELILLA,923,3,0,509,396,15,462,1,461,41,31,3,0,2,5,12,2213,747,248,104,60,59,119,86,9,12,65,506,409,447,1,0,80,323,60,253,10,70,5,141,101,4,62,4357,2023
ANDALUCÍA,42594,358,74,23218,18119,899,28618,2858,25760,3067,1848,512,84,118,505,1575,264965,89038,44168,17583,13281,5362,7335,4843,586,1107,5578,71465,49323,34850,177,107,12247,16380,4616,11052,712,6385,91,7625,5077,215,2541,379133,2022
ARAGÓN,5597,37,10,2838,2627,95,2719,282,2437,423,245,89,18,20,51,186,34667,10629,5193,1026,1493,881,1195,843,55,197,279,10951,8732,5208,20,10,1182,1673,420,1209,44,631,12,860,882,3,236,47889,2022
ASTURIAS (PRINCIPADO DE),3895,22,6,2213,1593,67,2228,105,2123,277,174,46,9,11,37,69,22476,6810,2083,458,830,353,392,212,35,95,239,8809,7661,3151,13,1,978,1080,170,859,51,592,2,729,506,1,238,32093,2022
BALEARS (ILLES),9288,39,3,4169,4868,212,5863,642,5221,915,597,157,23,14,124,280,53397,24460,7048,3192,2174,748,1272,811,88,167,1564,11589,7452,5284,72,9,2099,2458,627,1692,139,1045,22,1499,884,1,330,75982,2022
CANARIAS,13601,60,13,7038,6060,443,9960,841,9119,1148,748,234,19,33,114,599,61602,23596,8596,3373,2370,1241,1615,948,138,300,1244,16324,11699,7688,91,10,2438,3649,744,2799,106,1290,23,1975,935,1,668,95451,2022
CANTABRIA,2463,12,1,1504,865,82,1655,163,1492,162,90,39,4,11,18,55,17321,4878,2841,578,1348,445,242,109,31,71,86,5888,4349,2760,22,2,602,895,83,772,40,259,2,390,362,1,144,23709,2022
CASTILLA Y LEÓN,8473,55,16,5126,3046,246,6075,584,5491,620,362,107,23,44,84,189,63435,17361,8160,1564,2966,1318,710,374,84,159,512,23982,18968,10495,45,9,2161,3098,482,2493,123,1706,18,1516,1018,5,691,86844,2022
CASTILLA - LA MANCHA,8388,66,19,4708,3436,178,5816,807,5009,619,403,116,11,13,76,389,57046,14393,10344,2349,3307,1406,899,534,97,149,654,18821,13608,9024,20,32,2859,3496,560,2798,138,1842,9,1663,985,11,578,80842,2022
CATALUÑA,23180,264,63,14828,7644,444,21400,1716,19684,3671,1986,1184,17,189,295,1082,400321,162170,64306,29452,20019,6671,25049,18090,1098,2495,7411,88657,61607,39074,243,47,13364,11531,3965,7346,220,4715,152,4043,4138,15,783,475031,2022
COMUNITAT VALENCIANA,27316,175,38,13947,12711,483,15991,2441,13550,2390,1485,513,66,78,248,912,191865,71315,33752,11423,14601,3216,5663,3532,449,839,3160,43615,29040,26456,195,55,7654,9192,2034,6880,278,4883,52,5525,3717,26,1102,262971,2022
EXTREMADURA,3304,10,3,1972,1267,55,2637,272,2365,295,198,51,8,10,28,238,22187,6388,3490,565,1198,614,296,154,52,61,163,7595,6577,3521,12,4,718,1262,265,890,107,705,2,785,336,9,333,32093,2022
GALICIA,9217,52,7,5454,3480,231,6959,691,6268,719,433,155,19,29,83,190,68054,19527,8661,3193,2690,1361,963,529,95,215,528,25902,18456,10280,40,13,2140,5169,505,4481,183,1404,25,1568,973,7,619,94904,2022
MADRID (COMUNIDAD DE),33243,183,46,13585,18839,636,17369,1183,16186,2663,1578,613,43,88,341,862,319089,132920,39960,21974,9518,4034,12626,8560,582,1661,7397,80979,57794,35696,183,73,9255,8640,2984,5425,231,8149,59,5377,5479,11,983,401924,2022
MURCIA (REGIÓN DE),7590,59,8,4129,3290,112,4748,352,4396,620,436,93,7,20,64,592,49030,15475,10214,2922,4001,1306,1999,1293,130,317,774,12221,8651,6140,37,10,2160,1786,527,1186,73,1378,9,1618,884,14,448,68717,2022
NAVARRA (COMUNIDAD FORAL DE),3098,24,3,1838,1109,127,2343,246,2097,347,218,76,11,6,36,96,23928,8108,2850,649,985,419,422,303,27,55,132,7834,4816,3759,12,7,804,1745,147,1535,63,617,13,500,535,5,182,33409,2022
PAÍS VASCO,8330,71,8,5353,2418,488,7686,2321,5365,813,443,235,15,16,104,125,75817,29230,12113,32,5113,1948,2201,1614,103,264,718,21346,18861,8193,30,10,1976,3527,623,2800,104,1687,15,1736,1437,1,582,101756,2022
RIOJA (LA),1391,9,1,792,550,40,816,97,719,109,77,19,5,2,6,32,8254,2743,1251,208,527,167,121,69,8,29,77,2494,2152,1270,2,2,294,507,98,373,36,180,1,267,147,1,49,11754,2022
CIUDAD AUTÓNOMA DE CEUTA,738,35,4,432,268,3,335,12,323,46,35,5,1,3,2,29,1817,425,211,134,31,13,107,75,5,10,107,529,469,378,2,1,57,277,115,153,9,78,0,108,152,2,53,3635,2022
CIUDAD AUTÓNOMA DE MELILLA,926,7,2,532,368,19,430,14,416,22,15,4,0,0,3,13,2276,732,307,191,46,38,121,96,6,9,78,536,329,427,0,1,74,303,69,232,2,58,1,106,106,0,68,4309,2022
ANDALUCÍA,37296,274,55,19996,16314,712,27291,2806,24485,2690,1651,451,68,125,395,1575,210150,68916,36839,13902,11457,4786,5911,3871,559,871,4848,51085,35288,31827,217,86,10421,15532,4816,10181,535,5643,77,6732,4900,241,2767,314894,2021
ARAGÓN,4530,18,5,2235,2167,110,2785,308,2477,443,256,102,14,28,43,156,30192,8925,4365,961,1346,658,960,644,50,173,252,9175,7310,5347,29,6,1133,1401,407,966,28,673,7,696,665,0,248,41796,2021
ASTURIAS (PRINCIPADO DE),3208,9,1,1743,1393,63,1946,91,1855,266,135,67,8,19,37,91,18028,4705,1976,394,832,365,295,155,25,67,259,7061,6187,2931,11,1,789,1098,166,855,77,411,8,568,489,1,226,26340,2021
BALEARS (ILLES),7431,38,6,3101,4114,178,5619,682,4937,777,513,122,19,22,101,270,41567,16433,6119,2582,1921,725,896,571,79,118,1073,10035,7005,5010,74,4,1923,1988,389,1532,67,1008,7,1357,718,0,273,61015,2021
CANARIAS,12465,53,16,6534,5498,380,10102,910,9192,946,612,177,11,54,92,631,49285,17144,7639,2915,2428,956,1316,745,121,255,983,12702,8916,7413,48,15,2025,3096,531,2494,71,1208,33,1821,1082,1,562,81232,2021
CANTABRIA,2069,15,4,1244,708,102,1695,149,1546,130,78,30,1,5,16,38,14239,3820,2528,501,1167,437,194,99,25,38,140,4483,3243,2426,24,2,622,777,96,660,21,222,2,276,279,2,165,19894,2021
CASTILLA Y LEÓN,7252,38,13,4220,2786,208,6143,601,5542,527,300,120,19,22,66,174,52662,13785,6994,1528,2523,1172,625,330,69,146,466,18445,14457,10243,66,5,2033,2927,492,2325,110,1517,19,1240,962,3,582,74008,2021
CASTILLA - LA MANCHA,7346,78,10,4007,3109,152,5477,671,4806,563,359,102,20,21,61,328,45899,10970,8622,2010,3086,1236,882,508,84,172,521,14220,9797,8075,18,21,2570,3186,570,2514,102,1748,41,1355,935,3,531,67412,2021
CATALUÑA,19854,270,57,12456,6748,380,20540,1693,18847,3316,1766,1091,5,140,314,1022,322683,118746,57748,29150,16631,5174,20501,14773,959,1996,6168,67922,47314,38295,288,38,12977,10499,3874,6442,183,4097,106,3680,3785,13,761,390356,2021
COMUNITAT VALENCIANA,23240,152,35,11279,11402,407,15180,1847,13333,2173,1407,387,67,73,239,838,161695,57738,28638,9144,12853,2858,4578,2732,442,754,2491,36352,24428,25274,196,77,6351,8083,1983,5841,259,4535,89,4897,3522,29,1056,225337,2021
EXTREMADURA,3086,25,4,1849,1146,66,2602,311,2291,223,136,36,10,12,29,214,17870,4820,2773,511,962,461,224,121,33,49,152,5765,4594,3380,15,7,734,1240,324,861,55,714,14,696,335,9,263,27266,2021
GALICIA,7841,52,18,4606,2979,204,6840,606,6234,707,396,144,8,40,119,167,63769,15367,7873,2917,2593,1110,853,474,84,197,405,28236,19496,9089,29,4,1913,4459,458,3844,157,1491,11,1459,916,1,594,88255,2021
MADRID (COMUNIDAD DE),29383,131,37,12094,16618,540,17576,1284,16292,2420,1390,538,46,104,342,930,269675,108778,33408,17229,8243,3940,12153,8283,721,1277,6922,66395,46978,34336,93,47,7543,7463,2502,4759,202,6857,60,5006,5747,22,848,345987,2021
MURCIA (REGIÓN DE),6658,60,14,3484,3030,84,4415,354,4061,613,395,110,16,27,65,615,40153,11925,9127,2940,3793,1028,1375,809,112,236,666,9632,6754,5447,45,15,1921,1497,506,935,56,1336,28,1250,816,10,583,57974,2021
NAVARRA (COMUNIDAD FORAL DE),2470,23,2,1448,936,63,2060,150,1910,264,144,66,17,8,29,100,18724,5523,2358,510,824,399,298,200,16,43,122,6023,3673,3667,8,10,715,1370,147,1187,36,693,16,390,452,0,180,26719,2021
PAÍS VASCO,6457,62,11,4151,1836,408,7754,2427,5327,718,366,215,10,30,97,120,61679,22253,10684,30,4350,1761,1426,996,83,221,694,17352,15016,7359,11,4,1896,3021,525,2335,161,1461,16,1525,1490,2,538,84781,2021
RIOJA (LA),1166,8,3,658,482,18,775,91,684,102,69,14,3,3,13,20,5983,1789,844,178,397,92,116,68,7,25,59,1981,1794,931,1,0,262,440,75,320,45,174,4,223,177,0,51,9115,2021
CIUDAD AUTÓNOMA DE CEUTA,835,12,2,500,317,6,376,11,365,47,31,4,0,2,10,17,1800,434,189,106,31,25,195,148,4,9,103,452,402,344,1,0,82,399,205,186,8,108,0,99,183,2,50,3916,2021
CIUDAD AUTÓNOMA DE MELILLA,900,4,0,539,333,24,443,4,439,39,28,5,1,2,3,26,1984,576,251,138,55,14,201,145,2,14,35,448,348,406,1,1,65,398,230,157,11,50,3,84,133,3,53,4116,2021
ANDALUCÍA,33578,298,61,17412,15221,647,26108,2717,23391,2204,1228,370,74,149,383,1492,190744,57435,37257,13556,12127,5317,5187,3253,469,971,4821,47474,33036,28242,240,72,10016,14182,4679,9039,464,4071,68,6662,5807,230,2448,287594,2020
ARAGÓN,4083,39,4,1798,2158,88,2482,300,2182,306,165,63,10,13,55,151,25509,6747,3652,828,1139,725,769,541,36,125,190,8762,6970,4414,20,12,943,1138,323,787,28,590,14,686,807,1,257,36024,2020
ASTURIAS (PRINCIPADO DE),3038,14,5,1589,1381,54,1892,68,1824,215,116,46,2,12,39,78,16593,4148,1891,389,650,459,317,164,41,78,289,6533,5623,2625,6,1,783,924,180,688,56,305,2,560,540,1,176,24324,2020
BALEARS (ILLES),6407,37,7,2765,3474,131,5083,569,4514,520,305,84,28,17,86,194,42187,12478,5724,2257,1857,748,749,465,72,113,1021,15850,10879,4596,31,8,1730,2132,431,1637,64,671,16,1215,1047,1,277,59750,2020
CANARIAS,11643,54,12,5938,5333,318,9855,852,9003,875,509,169,42,54,101,654,53017,16683,7501,2682,2356,1100,1180,622,148,246,1012,17540,12642,6729,36,8,2328,2965,573,2316,76,1000,17,1720,1395,1,493,83635,2020
CANTABRIA,1748,4,1,1042,609,93,1450,129,1321,89,48,16,2,5,18,40,11558,3236,2225,464,858,499,178,82,20,37,100,3271,2513,2039,12,0,497,676,96,563,17,150,4,278,440,0,152,16585,2020
CASTILLA Y LEÓN,6231,44,16,3471,2513,203,5340,523,4817,415,226,70,12,27,80,138,46705,11414,6517,1526,2117,1179,542,307,55,110,400,17531,13841,8662,40,6,1593,2416,502,1814,100,1029,13,1078,1078,2,580,65025,2020
CASTILLA - LA MANCHA,6376,52,17,3268,2906,150,4776,568,4208,452,296,67,18,16,55,327,42905,9588,9102,2248,3473,1186,754,398,95,172,488,13307,8405,7228,14,13,2411,2898,552,2255,91,1251,13,1181,1220,4,505,61908,2020
CATALUÑA,16105,198,48,9617,5938,352,15736,1315,14421,2306,1149,695,4,172,286,953,300574,110685,55190,148,17116,6744,17082,12297,861,1682,6130,64214,46982,35469,178,31,11595,7799,2946,4693,160,2787,34,3172,2962,10,614,353052,2020
COMUNITAT VALENCIANA,20231,126,37,9208,10608,289,13334,1631,11703,1518,904,279,43,62,230,793,137438,43801,26465,8189,11681,3276,3772,2189,397,628,2377,32774,21917,22310,146,63,5730,6714,1863,4618,233,3109,48,4721,4137,28,1151,193222,2020
EXTREMADURA,2740,21,9,1579,1084,56,2382,261,2121,184,112,24,8,5,35,204,16499,4228,2876,481,990,559,211,102,29,58,151,5381,3917,2967,25,5,655,1036,301,690,45,524,2,662,488,7,313,25041,2020
GALICIA,7268,44,11,4044,3022,158,6035,620,5415,547,309,108,7,36,87,177,50924,12348,7538,2288,2403,1568,767,343,105,224,437,19807,12696,8188,31,17,1791,4324,552,3609,163,1004,19,1403,1108,7,528,73344,2020
MADRID (COMUNIDAD DE),25967,136,38,10596,14809,426,15636,1104,14532,1976,1084,473,46,95,278,754,243275,92213,31715,15947,7052,4972,10688,7362,633,1304,6235,64133,44139,31429,76,42,6744,6933,2470,4270,193,4584,35,4481,5673,9,871,310194,2020
MURCIA (REGIÓN DE),5597,51,10,2966,2504,76,4019,378,3641,505,296,94,14,32,69,534,35539,9925,8287,2352,3796,859,1207,742,123,176,726,8822,5887,4733,50,13,1776,1308,389,865,54,929,25,1159,900,14,440,50969,2020
NAVARRA (COMUNIDAD FORAL DE),2109,23,1,1108,933,45,1712,143,1569,241,129,36,15,13,48,96,16861,4469,2202,635,666,388,226,151,17,32,131,6393,3903,2841,9,6,584,1162,146,976,40,435,18,387,428,0,147,23596,2020
PAÍS VASCO,5730,42,13,3609,1661,418,7630,2716,4914,602,293,158,14,41,96,136,55878,17916,9408,30,3651,1503,1053,725,93,138,632,18882,16591,6414,10,9,1554,2464,566,1788,110,1087,18,1401,1680,6,544,77176,2020
RIOJA (LA),942,8,5,500,413,21,555,73,482,104,47,13,8,4,32,25,5460,1475,806,155,352,99,78,44,5,19,31,2015,1787,852,2,1,200,295,72,199,24,55,0,139,208,0,44,7827,2020
CIUDAD AUTÓNOMA DE CEUTA,633,7,2,398,224,4,338,5,333,37,22,3,1,1,10,16,1714,471,198,90,37,30,128,97,6,8,84,432,359,350,1,0,50,356,220,133,3,192,1,116,174,4,67,3648,2020
CIUDAD AUTÓNOMA DE MELILLA,870,2,0,522,322,24,381,6,375,34,19,7,1,0,7,24,2319,778,364,246,44,22,300,220,2,16,42,442,351,323,1,0,69,419,232,180,7,99,1,101,174,0,48,4470,2020
ANDALUCÍA,37130,238,82,20624,15455,813,25751,2752,22999,2510,1462,401,92,132,423,1503,239711,91298,47542,17691,15349,6935,7302,4714,605,1163,6511,42358,23237,33332,439,82,10847,15094,4366,10270,458,3988,93,6728,4172,191,2450,339321,2019
ARAGÓN,4760,15,6,2407,2246,92,2276,285,1991,330,212,47,11,20,40,161,31651,10546,5471,1703,1568,737,1033,730,40,193,242,7976,4536,5122,34,3,1224,1360,351,972,37,446,3,799,570,2,225,42583,2019
ASTURIAS (PRINCIPADO DE),3368,18,7,1947,1344,59,1872,107,1765,193,121,28,3,11,30,99,19066,6780,2440,421,908,618,362,196,41,97,224,5577,3657,2824,18,1,840,1205,206,948,51,220,6,567,360,2,205,27163,2019
BALEARS (ILLES),8110,48,6,3774,4123,165,4718,526,4192,743,492,126,14,16,95,188,58274,26584,7883,2893,2598,965,1314,843,85,164,1429,13091,7702,5625,133,8,2207,2880,656,2051,173,716,11,1095,652,0,275,77662,2019
CANARIAS,12396,64,20,6922,5042,368,9328,850,8478,907,591,117,34,68,97,639,64716,26122,10888,4544,2886,1358,1535,905,154,256,1295,14386,7286,7480,154,14,2842,3439,603,2779,57,1114,17,1721,922,13,427,95639,2019
CANTABRIA,2053,15,6,1300,633,105,1455,135,1320,107,66,15,2,8,16,41,12953,4868,2471,439,1068,540,223,110,25,54,132,2261,1766,2245,17,0,736,716,86,622,8,162,3,282,168,0,133,18073,2019
CASTILLA Y LEÓN,7345,38,8,4571,2447,289,5398,532,4866,507,275,81,15,31,105,196,56640,19206,8819,1658,2965,1720,706,391,62,163,573,14634,9464,10845,51,9,1797,2911,447,2355,109,840,14,1186,750,10,566,76363,2019
CASTILLA - LA MANCHA,7335,41,11,4077,3048,169,4655,597,4058,520,327,72,15,31,75,326,50473,13831,11888,2688,4754,1685,978,586,82,162,615,11708,6445,8681,38,19,2715,3224,465,2659,100,1177,29,1250,766,6,547,70308,2019
CATALUÑA,21109,248,58,14002,6488,371,18675,1507,17168,3034,1545,953,7,211,318,1134,425113,192053,76612,33293,23753,11,26448,82,390,11,9711,63313,40016,43433,260,22,13261,8938,2615,6107,216,3791,58,3519,3073,13,808,489265,2019
COMUNITAT VALENCIANA,23332,148,40,11815,11011,358,13046,1764,11282,1749,1057,289,57,100,246,858,174091,68122,35068,10880,15271,4276,4950,3020,452,766,3190,29697,15758,26649,177,55,6183,7739,1979,5525,235,3250,48,4643,2671,11,1111,232549,2019
EXTREMADURA,3185,13,5,1932,1173,67,2423,265,2158,214,135,25,12,9,33,224,18583,6566,3379,706,994,646,320,177,35,71,144,3873,2410,3504,42,2,753,1248,323,843,82,445,8,680,290,5,286,27591,2019
GALICIA,8027,41,16,4804,3004,178,5692,700,4992,634,368,124,14,39,89,171,56924,18846,9618,2759,3135,2072,945,450,114,234,604,15690,9999,9311,101,8,1801,4992,517,4331,144,886,21,1409,718,6,544,80024,2019
MADRID (COMUNIDAD DE),29288,110,32,13704,14907,567,15655,1223,14432,2215,1292,455,55,108,305,822,337836,154169,47391,24125,11469,6462,15372,10896,871,1595,8030,62020,32841,42315,202,35,8302,7696,2577,4873,246,4042,55,4671,4428,24,1004,407736,2019
MURCIA (REGIÓN DE),6237,39,13,3449,2678,71,3741,364,3377,535,341,73,18,27,76,552,41700,15138,10780,2902,5017,1096,1536,917,124,258,909,6657,3358,4813,43,8,1816,1664,360,1244,60,708,14,1040,564,1,343,57099,2019
NAVARRA (COMUNIDAD FORAL DE),2693,18,5,1638,1001,36,1799,151,1648,232,126,52,8,7,39,74,21485,8538,2912,744,1006,458,331,232,17,54,183,5440,2734,3401,27,4,649,1583,159,1369,55,374,10,415,365,0,140,29170,2019
PAÍS VASCO,6884,37,10,4742,1666,439,7779,2727,5052,668,347,170,8,34,109,139,71978,30254,12683,36,5018,2626,1643,1076,103,296,890,16597,13793,8103,15,8,1785,2773,421,2168,184,1195,12,1573,985,7,543,94536,2019
RIOJA (LA),1042,5,0,577,447,13,518,68,450,92,65,15,4,2,6,31,6179,2415,942,185,437,109,91,41,7,32,69,1326,996,979,42,2,313,413,105,292,16,73,5,229,117,0,51,8750,2019
CIUDAD AUTÓNOMA DE CEUTA,710,20,4,437,250,3,283,4,279,23,15,2,0,0,6,31,2159,819,241,154,42,16,147,112,6,10,168,404,324,331,2,1,46,509,297,207,5,543,8,148,165,5,162,4746,2019
CIUDAD AUTÓNOMA DE MELILLA,931,9,1,592,319,11,296,9,287,33,22,5,0,0,6,25,3281,1202,766,618,71,26,375,243,8,13,76,386,241,380,7,5,84,348,76,254,18,289,1,97,137,9,135,5582,2019
ANDALUCÍA,35043,262,72,19547,14441,793,24513,2671,21842,2339,1428,314,63,154,380,1529,240939,93459,50084,18696,15779,7192,7093,4592,571,1128,6872,37843,15081,34236,564,82,10706,13862,3663,9767,432,3740,123,6464,3889,129,2271,334841,2018
ARAGÓN,4474,17,9,2249,2093,115,2233,273,1960,346,206,53,11,26,50,177,29952,10710,5200,1268,1751,709,919,630,48,149,279,6751,3131,4804,19,2,1268,1244,336,857,51,433,9,710,526,2,261,40367,2018
ASTURIAS (PRINCIPADO DE),3159,18,7,1844,1246,51,1751,112,1639,207,122,27,11,11,36,104,18807,7223,2359,466,871,594,355,207,35,76,211,4817,2371,2994,37,4,807,1051,140,865,46,185,3,557,376,0,233,26433,2018
BALEARS (ILLES),7545,44,8,3806,3558,137,4373,509,3864,584,371,108,16,17,72,168,55800,27629,7967,2455,3067,1030,1230,771,89,157,1432,9821,5491,5479,109,5,2128,2676,514,1997,165,639,6,963,599,2,306,73661,2018
CANARIAS,11805,66,25,6629,4775,335,8955,713,8242,750,462,149,8,52,79,754,61599,27229,11598,4250,3229,1739,1490,870,124,288,1354,9983,3097,7217,112,14,2602,3296,620,2590,86,754,13,1485,855,0,383,90649,2018
CANTABRIA,2110,5,2,1424,599,82,1366,121,1245,102,60,15,1,8,18,43,12552,4669,2559,519,979,581,177,88,16,40,123,2241,1704,2052,19,2,710,748,87,644,17,124,0,318,166,2,143,17674,2018
CASTILLA Y LEÓN,7213,34,11,4594,2376,209,5270,539,4731,439,246,79,10,44,60,180,55843,19715,9513,1650,3569,1701,708,388,96,141,572,13157,6511,10388,80,9,1701,2709,408,2192,109,811,17,1097,700,0,584,74863,2018
CASTILLA - LA MANCHA,6828,37,8,3822,2858,111,4566,590,3976,489,287,77,17,34,74,298,49886,14490,13287,2917,5509,1804,968,570,98,150,668,9482,4789,8469,86,8,2428,2798,439,2287,72,1061,37,1152,702,9,506,68332,2018
CATALUÑA,20684,213,45,13726,6358,387,18562,1730,16832,2598,1277,821,6,225,269,1216,409295,192054,71069,27340,25792,9,22506,69,387,8,9193,62522,36808,40176,346,23,11406,8724,2452,6130,142,3456,52,3464,2775,17,667,471510,2018
COMUNITAT VALENCIANA,22039,118,25,11366,10209,346,12488,1670,10818,1580,988,252,35,87,218,890,175524,70169,36312,9906,17440,4222,5065,2976,442,818,3282,27937,11283,26842,285,55,5577,7805,1759,5741,305,3206,79,4361,2577,13,1065,231627,2018
EXTREMADURA,3097,17,4,1955,1050,75,2198,208,1990,209,131,33,5,11,29,209,18333,6616,3747,685,1178,818,252,138,27,57,160,3454,1879,3225,63,1,815,1138,233,834,71,445,10,602,246,17,309,26813,2018
GALICIA,8039,33,8,4876,2939,191,5819,631,5188,536,341,88,4,36,67,190,55664,19903,9990,2945,3395,1933,951,497,119,212,584,12961,6836,9413,117,13,1732,4806,433,4246,127,803,16,1266,795,1,591,78526,2018
MADRID (COMUNIDAD DE),27360,114,36,13078,13753,415,14497,1038,13459,2014,1172,408,45,99,290,862,325802,152704,49133,24583,12781,6282,14268,9938,881,1572,8620,51869,16509,40852,234,32,8090,6607,1955,4278,374,3445,87,4464,3754,10,1012,389914,2018
MURCIA (REGIÓN DE),6010,36,11,3333,2580,61,3414,337,3077,478,312,68,15,14,69,588,40812,14888,11206,2805,5662,1073,1444,968,109,191,951,5948,2034,4848,52,4,1471,1502,287,1143,72,679,16,1009,570,2,318,55398,2018
NAVARRA (COMUNIDAD FORAL DE),2589,25,10,1506,1016,42,1681,111,1570,271,144,64,7,12,44,73,19908,7741,3093,819,987,476,255,173,20,44,173,4651,2126,3303,38,2,652,1495,140,1277,78,340,17,407,306,1,181,27269,2018
PAÍS VASCO,6391,43,6,4579,1320,449,7830,2868,4962,659,324,162,11,43,119,205,68582,29376,12528,26,4534,2759,1791,1194,149,283,928,14570,12151,7596,13,5,1775,2605,368,2091,146,1025,13,1502,897,0,544,90253,2018
RIOJA (LA),1057,3,1,562,479,13,502,48,454,61,39,8,1,7,6,20,5894,2366,1001,177,466,133,77,46,8,12,78,1052,675,1097,17,1,205,349,73,262,14,64,2,185,87,0,53,8274,2018
CIUDAD AUTÓNOMA DE CEUTA,707,2,1,439,264,2,248,16,232,50,36,6,0,2,6,28,2243,864,313,186,60,25,150,115,7,7,247,291,182,324,0,4,50,385,166,215,4,602,8,178,134,3,136,4722,2018
CIUDAD AUTÓNOMA DE MELILLA,874,1,0,574,275,24,340,3,337,27,18,2,1,2,4,22,3329,1237,787,589,91,35,332,260,6,8,88,373,176,445,11,0,56,314,48,232,34,196,1,78,165,1,141,5488,2018
ANDALUCÍA,35087,256,49,20068,14179,584,24427,2857,21570,2064,1157,273,104,153,377,1561,242164,103746,52435,19447,17276,7303,7668,5116,568,1146,8755,25204,10366,35372,445,61,8478,13039,3472,9122,445,3594,120,6196,3573,91,2415,334331,2017
ARAGÓN,4146,23,8,2137,1929,57,2071,249,1822,274,159,46,11,18,40,161,28437,11004,5167,1306,1787,743,798,518,54,148,392,4805,1860,5165,21,3,1082,1093,270,763,60,357,6,612,473,1,247,37878,2017
ASTURIAS (PRINCIPADO DE),3160,16,5,1906,1189,49,1842,88,1754,146,84,30,1,8,23,117,17964,7261,2650,485,956,762,371,218,35,70,394,3553,1677,3008,7,3,717,1052,130,860,62,178,3,575,409,1,205,25652,2017
BALEARS (ILLES),7096,32,4,3679,3253,132,4377,484,3893,517,336,67,9,19,86,180,55129,29183,8666,2895,3125,1145,1354,899,68,186,1717,6699,3156,5290,77,4,2139,2534,483,1973,78,476,18,950,634,0,246,72157,2017
CANARIAS,11744,56,20,6892,4650,146,8825,751,8074,625,350,122,25,45,83,833,62255,30127,12638,4674,3263,2028,1436,878,116,245,1797,6448,2172,7324,75,13,2397,3287,597,2612,78,875,135,1521,886,1,372,91359,2017
CANTABRIA,1941,7,3,1323,556,55,1344,125,1219,84,52,16,0,4,12,46,12678,4983,2600,486,939,686,214,127,25,29,207,2140,1419,2024,6,1,503,695,63,602,30,106,3,269,165,1,108,17440,2017
CASTILLA Y LEÓN,7127,30,13,4650,2332,115,5083,526,4557,368,207,50,21,23,67,226,53459,21070,9684,1679,3154,1960,726,430,69,130,659,9555,4606,10399,63,6,1297,2473,334,1971,168,774,26,1054,699,8,577,71874,2017
CASTILLA - LA MANCHA,6583,46,12,3836,2607,94,4362,593,3769,371,211,51,27,18,64,335,46528,15200,13183,2583,5500,2159,1026,614,80,166,1105,6232,2796,7785,29,8,1960,2598,426,2083,89,942,65,1016,649,9,548,64006,2017
CATALUÑA,20582,209,65,13698,6251,424,18110,1740,16370,2212,1151,600,5,168,288,1320,361790,173684,65020,24940,23313,7,20615,61,386,6,8855,45006,26574,38529,233,27,9821,8273,2269,5860,144,3235,81,3383,2539,10,751,422286,2017
COMUNITAT VALENCIANA,21164,106,41,11154,9653,251,12282,1500,10782,1348,797,179,76,85,211,889,173357,73922,37439,11287,16928,4472,5393,3341,456,805,3918,20851,7989,26863,235,46,4690,7273,1592,5415,266,2794,72,4214,2532,6,1171,227102,2017
EXTREMADURA,3184,24,8,2087,1034,39,2233,208,2025,153,90,16,5,12,30,216,18059,7245,3994,745,1288,862,277,152,23,66,336,2268,1031,3326,23,2,588,976,201,687,88,373,4,614,281,16,302,26411,2017
GALICIA,7927,40,13,4905,2832,150,5935,658,5277,459,281,60,15,30,73,224,51864,20320,10055,3022,3402,1979,1057,572,117,217,794,8590,4428,9537,54,11,1446,4424,371,3888,165,708,17,1228,732,2,654,74174,2017
MADRID (COMUNIDAD DE),27093,125,39,13088,13546,334,14066,1137,12929,1776,977,368,57,94,280,804,319369,156329,48650,24412,12562,6457,16314,11551,1093,1616,10715,38712,8887,41989,235,43,6382,5830,1608,3966,256,3257,37,4319,3824,15,852,381242,2017
MURCIA (REGIÓN DE),6033,45,14,3379,2566,43,3312,317,2995,391,240,59,7,18,67,570,38611,15261,11571,3223,5826,1105,1458,938,131,197,1293,3246,1183,4783,55,5,939,1392,293,1036,63,540,23,893,550,2,373,52690,2017
NAVARRA (COMUNIDAD FORAL DE),2427,28,7,1409,956,34,1677,128,1549,232,127,49,19,10,27,94,18463,7572,2877,664,955,504,432,299,24,57,169,3526,1728,3321,13,3,550,845,134,669,42,269,25,327,294,0,174,24827,2017
PAÍS VASCO,6193,41,5,4588,1159,405,7722,2782,4940,500,268,118,11,42,61,188,62871,27873,12539,27,4058,2687,1787,1224,123,241,900,10724,8546,7729,7,10,1302,2424,332,1916,176,963,17,1417,897,1,494,83687,2017
RIOJA (LA),1006,6,0,549,438,13,461,51,410,57,40,7,3,1,6,23,5676,2563,1271,222,587,124,104,54,11,24,89,458,168,1013,4,1,173,294,80,198,16,52,3,136,126,0,43,7877,2017
CIUDAD AUTÓNOMA DE CEUTA,700,8,1,418,263,11,252,21,231,25,14,5,1,0,5,28,2132,810,455,347,57,26,131,110,2,5,216,166,72,313,3,1,37,434,227,205,2,474,11,185,159,1,102,4503,2017
CIUDAD AUTÓNOMA DE MELILLA,889,8,0,569,304,8,356,12,344,29,19,3,0,3,4,31,2826,1154,587,375,99,39,356,277,4,16,113,98,32,421,31,1,65,212,64,116,32,42,2,67,166,0,124,4744,2017
ANDALUCÍA,33661,295,68,19149,13747,470,23184,2703,20481,1837,1043,263,64,111,356,1527,243163,109491,54283,19022,18367,7772,7431,5051,591,956,8835,21551,8165,34528,523,57,6464,12880,3143,9318,419,3606,190,5870,3450,86,2382,331836,2016
ARAGÓN,4005,25,8,2073,1864,43,2134,251,1883,287,169,51,20,8,39,155,28874,11936,5615,1371,1898,713,910,613,65,128,388,3813,1437,5222,28,8,954,1043,252,719,72,330,9,594,438,1,276,38146,2016
ASTURIAS (PRINCIPADO DE),3239,22,6,1989,1179,49,1824,130,1694,146,84,26,2,10,24,106,18359,7638,3043,565,1101,832,531,321,44,103,371,2955,1277,3025,12,0,784,1108,103,946,59,201,0,512,368,0,230,26093,2016
BALEARS (ILLES),6609,32,9,3456,3045,76,4258,514,3744,442,256,69,27,17,73,212,51859,27962,8737,2965,3104,1138,1186,721,78,175,1925,5028,2113,5064,91,4,1862,2332,500,1764,68,479,27,980,643,3,316,68160,2016
CANARIAS,11021,65,21,6370,4487,99,8344,695,7649,530,318,76,23,26,87,837,61781,30971,12658,4507,3572,2053,1537,962,132,249,1606,5481,1696,7240,87,15,2186,3029,601,2363,65,643,26,1298,863,3,407,88782,2016
CANTABRIA,1971,8,0,1341,572,50,1261,145,1116,69,36,8,0,8,17,37,12290,5108,2562,407,982,664,214,109,23,55,245,1666,1028,1956,11,1,527,733,92,618,23,145,2,229,154,1,110,17002,2016
CASTILLA Y LEÓN,6922,28,11,4523,2298,73,5110,545,4565,289,167,39,10,28,45,203,54234,22480,10186,1637,3521,2165,847,512,90,130,901,7852,3370,10667,61,6,1234,2404,352,1949,103,643,8,1057,622,2,543,72037,2016
CASTILLA - LA MANCHA,6383,38,11,3821,2457,67,4160,516,3644,348,189,55,24,15,65,336,46605,15746,14383,2651,5937,2215,1006,608,82,150,1511,4945,2075,7335,23,8,1648,2612,361,2177,74,840,10,1027,613,4,641,63579,2016
CATALUÑA,19569,196,54,13227,6112,34,18226,1962,16264,2249,1301,455,4,157,332,1417,344365,162942,66104,24579,23655,21,20152,66,344,6,7976,38526,18077,38365,352,42,9906,8126,2183,5805,138,3563,65,3240,2304,19,785,403928,2016
COMUNITAT VALENCIANA,20598,125,30,11061,9254,158,11726,1488,10238,1343,775,186,52,78,252,880,177644,77169,40730,11346,19096,4919,5917,3725,462,851,4390,17631,6246,27228,245,44,4290,7465,1654,5525,286,2687,48,4019,2450,6,1343,230209,2016
EXTREMADURA,3130,17,7,2059,1019,35,2092,246,1846,157,96,20,11,7,23,207,18274,7456,4414,880,1337,962,302,175,30,56,416,1953,852,3171,37,3,522,904,198,660,46,347,11,599,288,0,277,26286,2016
GALICIA,7854,35,12,4989,2714,116,5838,703,5135,434,241,65,19,33,76,242,52691,21326,10893,3040,3684,2320,1086,565,122,243,1032,7197,3070,9760,53,11,1333,4197,345,3716,136,652,18,1061,746,3,669,74405,2016
MADRID (COMUNIDAD DE),25275,117,33,12717,12111,330,13350,1025,12325,1551,864,302,63,55,267,893,314569,150409,54586,26262,15783,7175,16992,12130,1134,1547,10504,32206,7210,44007,255,37,5573,5913,1463,4227,223,2931,78,4029,3793,10,1010,373402,2016
MURCIA (REGIÓN DE),5768,34,12,3185,2510,39,3032,318,2714,379,229,51,14,16,69,535,38128,15735,11120,3099,5370,1173,1495,962,123,189,1352,2846,885,4715,46,6,813,1261,264,930,67,466,10,894,534,0,302,51309,2016
NAVARRA (COMUNIDAD FORAL DE),2352,7,1,1382,929,34,1812,119,1693,219,109,51,18,6,35,89,18875,8259,3253,927,1029,440,424,302,23,44,214,2935,1424,3238,29,3,520,921,200,691,30,515,10,341,340,0,230,25704,2016
PAÍS VASCO,5393,37,6,4191,750,415,7684,3084,4600,394,241,52,9,39,53,181,62837,28944,13167,34,4117,2829,1993,1372,164,236,985,8997,6954,7481,10,2,1258,2386,321,1936,129,952,27,1492,892,1,570,82809,2016
RIOJA (LA),979,3,0,557,406,13,444,42,402,48,34,7,3,1,3,20,5764,2791,1187,223,494,148,119,75,4,27,99,397,142,1004,8,2,157,347,63,274,10,66,3,157,111,1,57,7997,2016
CIUDAD AUTÓNOMA DE CEUTA,680,14,4,421,242,3,322,40,282,39,24,4,4,0,7,43,2361,950,346,223,67,32,197,156,8,4,387,142,64,296,6,1,36,451,257,189,5,362,4,148,120,3,100,4633,2016
CIUDAD AUTÓNOMA DE MELILLA,888,9,1,578,293,8,290,12,278,51,45,3,0,0,3,25,2953,1312,620,368,159,36,377,316,1,3,105,100,29,375,7,1,56,223,82,105,36,52,3,78,134,0,135,4832,2016
ANDALUCÍA,47420,218,65,19400,14031,13771,14587,2708,11879,1701,904,242,98,136,321,1641,241975,110768,54298,19160,17798,7348,7283,5016,524,931,9008,19406,6536,33579,526,71,7036,13484,3086,9997,401,3524,146,6379,4252,72,1943,337124,2015
ARAGÓN,4735,23,9,2016,1690,1006,1384,304,1080,251,137,41,21,19,33,159,29101,12155,5636,1348,1883,690,820,530,63,142,373,3685,1470,5355,47,5,1025,1054,285,693,76,303,10,674,494,2,217,38384,2015
ASTURIAS (PRINCIPADO DE),4238,18,4,1935,1175,1110,1155,128,1027,147,90,17,7,10,23,149,18946,8275,3075,467,956,1000,603,360,64,130,449,2446,1002,3112,16,1,969,1111,154,924,33,188,4,446,449,0,149,26982,2015
BALEARS (ILLES),7774,35,8,3301,2647,1791,2685,472,2213,411,238,69,17,11,76,234,50642,27662,8506,2528,3323,1042,1069,652,61,141,1770,4744,2264,4994,116,8,1773,2517,419,2017,81,417,8,916,791,2,283,66680,2015
CANARIAS,15540,64,20,6409,4346,4721,5244,681,4563,506,286,101,31,27,61,1010,60740,30242,12752,4766,3398,2011,1530,940,130,246,1677,5290,1838,7168,86,21,1974,3140,569,2489,82,701,18,1266,1001,5,368,89539,2015
CANTABRIA,2656,8,3,1366,582,700,864,126,738,70,36,13,1,12,8,51,11661,5097,2279,499,733,528,261,149,19,45,250,1371,776,1735,10,3,655,768,115,628,25,113,3,256,230,1,81,16754,2015
CASTILLA Y LEÓN,10203,27,9,4725,2240,3211,3208,523,2685,282,140,41,23,21,57,251,54991,24474,10304,1667,3547,1993,914,571,98,130,789,6319,2411,10672,64,6,1449,2626,313,2216,97,541,10,1005,951,2,433,74503,2015
CASTILLA - LA MANCHA,8877,38,13,3793,2493,2553,2707,577,2130,309,189,31,17,21,51,355,49126,17080,15750,2760,6248,2127,1010,644,83,123,1283,4457,2012,7897,22,5,1622,2548,352,2105,91,752,13,1086,693,7,505,66978,2015
CATALUÑA,27269,151,42,13296,5828,7994,15034,2771,12263,1928,970,439,16,195,308,2012,350445,165519,68484,23665,24592,18,21514,81,343,7,8651,35532,15791,38961,376,29,11379,7760,1953,5672,135,3241,58,3261,3236,46,1174,415464,2015
COMUNITAT VALENCIANA,26573,100,48,10833,9032,6608,7906,1518,6388,1216,658,156,86,88,228,988,179704,78850,41473,10618,19712,4850,6152,3925,535,782,4358,15845,5004,27949,254,24,4799,7501,1506,5658,337,2379,97,4137,3100,17,1107,234725,2015
EXTREMADURA,4245,9,1,1902,1013,1321,1312,277,1035,164,91,20,10,15,28,231,18942,8083,4585,878,1334,904,308,187,38,52,382,1748,602,3196,34,3,603,966,201,711,54,299,1,530,354,1,206,27251,2015
GALICIA,11296,56,19,5114,2651,3475,3736,651,3085,434,263,70,11,37,53,286,53286,22032,11616,2827,4235,2264,1070,567,113,253,980,6171,2628,9924,77,8,1408,4513,348,4020,145,630,37,1032,937,9,424,76620,2015
MADRID (COMUNIDAD DE),30615,90,30,12700,11249,6576,8609,1145,7464,1415,770,284,47,87,227,1228,304377,144569,52667,24021,15915,6488,17454,12307,1463,1607,10113,28952,7001,43823,285,74,6440,6081,1441,4373,267,3371,57,3587,4178,19,1469,365006,2015
MURCIA (REGIÓN DE),7534,37,12,3241,2516,1740,2122,329,1793,368,197,53,17,22,79,581,39276,16697,11376,2885,5068,1319,1480,925,139,204,1332,2543,718,4661,61,7,1119,1411,248,1116,47,532,5,810,492,1,242,53374,2015
NAVARRA (COMUNIDAD FORAL DE),2945,15,3,1299,759,872,977,137,840,139,60,26,9,8,36,122,17511,7845,2833,617,967,342,351,203,27,68,186,2633,1285,3158,33,3,469,990,146,791,53,245,15,321,453,3,211,23932,2015
PAÍS VASCO,8881,54,11,4223,796,3808,6342,3223,3119,411,238,47,16,34,76,302,62875,28194,14029,26,4739,2773,1908,1238,205,258,879,8465,6133,7588,24,5,1783,2392,356,1978,58,1017,34,1479,1165,3,600,85501,2015
RIOJA (LA),1176,6,1,543,414,213,327,46,281,49,30,9,3,1,6,34,6260,2877,1438,229,647,170,136,92,11,17,132,449,159,1042,2,1,183,339,61,270,8,62,1,126,123,0,30,8527,2015
CIUDAD AUTÓNOMA DE CEUTA,697,7,1,400,190,100,182,35,147,17,10,4,0,0,3,42,2723,1067,621,465,88,21,174,141,8,7,350,152,62,327,2,0,30,601,388,209,4,343,5,129,120,0,102,4961,2015
CIUDAD AUTÓNOMA DE MELILLA,979,5,1,491,350,133,172,15,157,30,21,2,1,1,5,35,2955,1328,686,417,97,58,320,270,4,4,120,119,30,348,4,1,29,272,112,124,36,91,12,80,135,1,134,4896,2015
ANDALUCÍA,59774,224,69,20038,13308,26204,7364,2981,4383,1653,918,203,95,85,352,1633,249797,115850,58021,19519,19372,7599,8291,5829,560,1091,8312,16982,5666,34646,763,88,6844,15092,3336,11335,421,3150,215,6650,5224,56,1613,352221,2014
ARAGÓN,5975,18,5,2219,1718,2020,909,363,546,227,118,42,17,16,34,210,30042,12775,5958,1255,1894,791,915,589,86,147,406,3174,1426,5754,62,4,994,1212,313,768,131,306,9,808,636,4,122,40460,2014
ASTURIAS (PRINCIPADO DE),5429,27,7,1951,1213,2238,494,113,381,125,73,19,8,7,18,137,19530,8715,3222,568,931,944,683,408,85,116,484,2033,690,3265,26,1,1101,1320,167,1105,48,185,0,502,626,2,80,28430,2014
BALEARS (ILLES),9299,33,12,3325,2502,3439,1350,428,922,394,219,77,19,23,56,255,52211,29784,9219,2878,3608,1027,1217,769,89,150,1445,3651,1304,4949,140,6,1800,2810,560,2154,96,380,15,846,947,3,237,68747,2014
CANARIAS,19560,55,12,6075,3927,9503,2014,681,1333,446,282,63,15,34,52,1153,59759,30658,12614,4614,3609,1743,1628,1061,108,243,1822,4198,1371,7170,68,5,1596,3681,557,3022,102,552,17,1339,1309,3,300,90133,2014
CANTABRIA,3312,4,3,1304,548,1456,356,133,223,74,47,8,4,8,7,64,11701,5436,2550,615,860,532,296,166,27,58,245,1046,589,1672,28,0,428,880,110,740,30,99,1,277,377,0,46,17187,2014
CASTILLA Y LEÓN,13110,44,14,4708,2257,6101,1242,500,742,281,143,33,18,20,67,270,55997,25336,11363,1954,3847,2217,948,568,111,153,757,5092,1874,10879,101,3,1518,3050,380,2589,81,521,9,1004,1228,3,298,77013,2014
CASTILLA - LA MANCHA,11389,47,16,4036,2431,4875,1303,539,764,285,172,35,14,18,46,382,50648,17463,16892,2767,6627,2073,1091,690,95,159,1197,3957,1509,8177,37,4,1830,2975,438,2447,90,804,15,1119,961,2,315,70198,2014
CATALUÑA,36313,197,57,13505,6230,16381,10222,2574,7648,1877,904,457,8,182,326,2294,351985,164413,71452,25644,22825,11,24213,57,642,4,9102,29703,593,37739,421,34,14908,7804,2051,5607,146,3368,67,3405,3908,78,1543,422864,2014
COMUNITAT VALENCIANA,33506,100,32,11396,8763,13247,4413,1721,2692,1143,625,154,63,71,230,1056,187271,80030,47121,12860,21449,5424,6988,4542,569,911,4660,13978,3898,29589,243,30,4632,8470,1651,6469,350,2403,37,4086,4201,6,779,247371,2014
EXTREMADURA,5421,13,4,1936,986,2486,706,305,401,143,72,13,12,9,37,252,19164,8619,4687,877,1407,931,297,174,27,55,379,1344,517,3173,37,1,627,1076,270,753,53,269,2,523,452,2,211,28221,2014
GALICIA,14264,62,20,5147,2559,6496,1761,635,1126,377,227,64,25,18,43,298,53652,23027,12017,2909,4314,2468,1116,632,137,220,1258,4866,1882,9934,73,2,1359,4801,374,4332,95,573,38,1054,1189,8,238,78253,2014
MADRID (COMUNIDAD DE),35230,110,41,12354,11061,11705,3784,1096,2688,1401,752,296,41,73,239,1241,304167,145386,55553,25162,16656,7154,18466,13157,1754,1610,10352,23698,5128,43351,472,36,6853,7092,1599,5207,286,3170,32,3505,4930,9,1038,365599,2014
MURCIA (REGIÓN DE),8920,33,8,3289,2400,3198,1169,301,868,377,207,59,18,14,79,573,37824,15551,11745,2635,5429,1616,1433,930,157,193,1224,2236,581,4668,44,1,922,1534,239,1255,40,469,6,884,677,0,222,52655,2014
NAVARRA (COMUNIDAD FORAL DE),4294,15,1,1484,823,1972,523,113,410,160,107,28,4,5,16,97,19231,8954,3505,691,1133,520,309,203,23,48,244,2064,792,3532,54,1,568,949,196,711,42,294,12,261,627,1,109,26558,2014
PAÍS VASCO,12313,37,10,4537,732,7007,4788,3362,1426,391,218,59,17,28,69,375,63332,28217,16002,37,6007,2615,2136,1415,188,283,667,6994,163,7825,19,3,1469,2656,367,2218,71,829,36,1418,1636,3,454,88231,2014
RIOJA (LA),1527,9,3,603,399,516,194,43,151,40,28,3,5,3,1,36,6352,2725,1676,387,629,210,172,106,17,26,78,444,133,1092,1,2,162,384,62,313,9,73,2,131,163,1,22,8925,2014
CIUDAD AUTÓNOMA DE CEUTA,736,15,6,362,153,206,109,51,58,10,6,0,0,1,3,57,2767,1193,455,315,77,30,189,156,13,8,319,156,64,411,6,1,37,829,567,256,6,399,5,119,168,0,103,5302,2014
CIUDAD AUTÓNOMA DE MELILLA,1057,4,3,523,302,228,82,11,71,31,21,4,0,0,6,34,2627,1116,566,342,87,49,265,233,6,4,179,127,37,321,7,1,45,302,158,134,10,77,3,77,200,4,124,4618,2014
ANDALUCÍA,56840,247,65,19956,12241,24396,7773,3579,4194,1624,907,235,87,86,309,1559,273325,127933,67166,23407,22031,7951,10531,7437,695,1410,9125,15064,4481,36487,971,71,5977,16119,3274,12422,423,3013,103,6347,5666,76,1401,373846,2013
ARAGÓN,6330,14,7,2329,1719,2268,909,387,522,232,116,44,18,14,40,168,32032,14058,6993,1374,2179,1033,1240,790,86,217,504,2397,927,5993,67,7,773,1225,343,803,79,339,20,616,733,3,128,42735,2013
ASTURIAS (PRINCIPADO DE),5617,17,8,2102,1215,2283,513,69,444,119,59,22,7,9,22,144,20834,10060,3348,568,1029,896,766,458,81,130,451,1646,585,3718,23,3,819,1458,189,1219,50,157,8,447,664,1,87,30049,2013
BALEARS (ILLES),9030,33,10,3325,2425,3247,1327,474,853,406,225,87,18,27,49,274,57282,34526,10050,3037,3540,1300,1319,851,78,169,1582,3221,1049,4821,113,4,1646,3052,561,2413,78,405,7,798,1009,1,242,73833,2013
CANARIAS,19224,50,13,6408,4024,8742,2103,708,1395,469,285,78,14,32,60,1117,62970,32519,13661,4598,4001,1809,1818,1208,138,222,1893,3736,1161,8060,82,5,1196,4159,615,3443,101,516,12,1298,1293,4,176,93341,2013
CANTABRIA,3180,5,4,1405,547,1223,331,138,193,55,36,7,0,4,8,54,11875,5940,2432,450,905,543,371,199,45,79,264,803,281,1672,25,0,368,873,92,769,12,99,1,300,410,0,61,17239,2013
CASTILLA Y LEÓN,13015,41,19,4668,2135,6171,1221,484,737,238,150,35,7,15,31,282,58837,28107,12317,2203,3818,2402,1121,709,128,168,790,4138,1403,10914,140,8,1302,3329,380,2886,63,474,8,953,1332,0,215,79904,2013
CASTILLA - LA MANCHA,11134,34,15,3960,2334,4806,1343,563,780,309,177,47,6,11,68,392,53668,18960,18593,3126,7025,2197,1388,849,137,188,1261,3674,1255,8434,55,4,1299,3463,482,2878,103,706,15,1050,1106,2,275,73463,2013
CATALUÑA,35622,178,43,13579,6311,15554,10144,2621,7523,1647,795,415,5,122,310,2358,361187,166537,78187,30795,23636,8,28950,64,1408,6,10426,25363,585,39097,444,34,12149,8111,2064,5928,119,3486,68,3450,4467,83,1291,431914,2013
COMUNITAT VALENCIANA,32380,76,32,11626,8356,12322,4454,1762,2692,1102,567,202,57,59,217,967,201297,84869,53803,15308,23665,5681,9141,5974,770,1138,5119,12428,3133,31442,302,50,4143,8696,1872,6460,364,2102,31,4054,4333,8,864,260288,2013
EXTREMADURA,5210,17,7,1926,980,2287,663,320,343,147,88,27,6,8,18,251,20336,9523,5079,971,1439,965,390,206,48,81,402,1048,330,3269,48,0,577,1233,306,889,38,237,3,603,463,3,189,29338,2013
GALICIA,14182,50,15,5337,2645,6150,1667,635,1032,340,196,69,18,17,40,236,56486,24200,13303,3302,4563,2696,1338,668,150,346,1435,4168,1518,10771,112,3,1156,5145,409,4497,239,573,21,1022,1323,6,236,81237,2013
MADRID (COMUNIDAD DE),35149,90,37,12860,10396,11803,3797,1114,2683,1320,710,267,46,67,230,1232,317363,151459,59488,29116,15924,7347,21921,15807,2013,1829,12333,21601,4625,44149,709,34,5669,7690,1737,5688,265,2823,24,3553,5168,10,985,379114,2013
MURCIA (REGIÓN DE),8457,26,5,3209,2319,2903,1128,306,822,288,152,55,4,10,67,493,40564,17166,12637,2898,5878,1372,1690,1073,150,246,1422,2047,428,4730,69,8,795,1666,317,1301,48,405,8,783,673,1,158,54624,2013
NAVARRA (COMUNIDAD FORAL DE),3712,15,4,1321,660,1716,748,118,630,119,76,14,13,1,15,119,17447,8231,3310,741,1058,473,354,219,23,60,268,1540,612,3218,70,0,456,647,137,489,21,227,23,198,510,1,160,23911,2013
PAÍS VASCO,12268,41,13,4643,743,6841,4680,3251,1429,397,258,62,7,19,51,498,65419,28484,17789,41,5753,2848,2733,1743,314,364,733,6312,195,7967,15,1,1385,2787,345,2405,37,799,24,1470,1839,5,413,90599,2013
RIOJA (LA),1462,7,0,632,369,454,165,38,127,37,22,6,4,3,2,32,7086,2943,2066,446,823,262,211,137,17,43,134,482,122,1089,3,0,158,396,69,317,10,52,0,115,196,0,23,9564,2013
CIUDAD AUTÓNOMA DE CEUTA,743,17,2,404,110,212,143,81,62,16,10,1,1,0,4,55,3046,1260,615,397,80,83,223,169,13,25,403,94,32,416,2,0,33,1163,894,261,8,301,5,125,168,0,85,5850,2013
CIUDAD AUTÓNOMA DE MELILLA,879,4,1,474,226,175,89,20,69,38,25,6,2,0,5,22,2834,1192,668,424,82,64,295,251,10,12,221,94,20,327,5,1,31,379,206,158,15,145,6,43,130,1,130,4696,2013
ANDALUCÍA,59894,247,68,20923,12522,26202,7671,3477,4194,1632,926,265,47,85,309,1691,289754,133759,70769,26001,21963,8092,11673,8411,715,1382,11294,15579,4378,41013,830,53,4784,17340,3407,13440,493,3211,67,6422,5800,82,1376,394940,2012
ARAGÓN,5987,16,6,2294,1558,2119,914,379,535,215,114,46,8,17,30,148,35860,16318,7806,1857,2229,1305,1460,965,122,223,573,2559,984,6545,52,5,542,1411,262,993,156,329,6,618,759,3,151,46401,2012
ASTURIAS (PRINCIPADO DE),5677,15,6,2200,1280,2182,539,81,458,149,100,19,2,11,17,160,20612,10381,3553,677,1130,867,836,540,71,117,480,1545,475,3429,32,0,356,1545,206,1295,44,204,6,408,781,1,82,30164,2012
BALEARS (ILLES),8966,30,5,3387,2232,3317,1384,506,878,383,211,78,20,13,61,258,58202,33392,11756,3694,4337,1346,1585,1031,101,190,1650,3177,956,5391,83,4,1164,2948,435,2421,92,419,15,781,1003,0,199,74558,2012
CANARIAS,19993,55,15,6839,3935,9164,1983,700,1283,525,325,73,30,38,59,1016,66731,32454,14956,4838,4294,1901,2011,1346,134,248,2168,5267,2118,8721,73,10,1071,4127,614,3406,107,554,21,1329,1497,5,192,97973,2012
CANTABRIA,3292,6,1,1448,534,1304,359,146,213,48,27,9,2,4,6,40,12651,6011,2859,672,1004,603,419,242,43,79,344,708,233,1935,26,2,347,1005,103,887,15,138,2,306,433,0,23,18297,2012
CASTILLA Y LEÓN,13943,48,15,5410,2171,6314,1220,480,740,309,181,46,7,26,49,290,61485,28694,13456,2333,3940,2480,1199,738,131,179,976,4130,1172,11887,69,3,1071,3882,364,3402,116,441,10,1009,1559,2,250,84400,2012
CASTILLA - LA MANCHA,11949,37,17,4281,2474,5157,1286,516,770,258,160,43,10,15,30,340,53616,18808,18255,3357,6711,2215,1419,873,127,205,1450,3751,1092,8840,48,3,1042,3749,418,3246,85,663,7,1021,1237,0,277,74403,2012
CATALUÑA,37270,275,74,14751,6266,15978,10819,3301,7518,1633,844,388,6,138,257,2416,379323,177583,83150,33772,23319,8,31792,77,1595,7,11227,24758,583,40860,553,28,9372,8282,2074,6033,175,3855,30,3478,4634,116,1300,453156,2012
COMUNITAT VALENCIANA,33893,114,51,12168,8319,13292,4640,1908,2732,1175,653,163,55,73,231,1018,217131,88359,59885,18383,25388,6056,10643,7154,848,1163,5986,12604,3193,35361,316,21,3956,8518,1494,6460,564,2234,55,4215,4478,5,555,277917,2012
EXTREMADURA,5312,21,13,2057,961,2273,629,262,367,134,89,20,3,5,17,248,20166,9014,5207,1129,1398,918,388,239,37,73,418,1124,400,3510,36,0,469,1480,291,1153,36,246,5,514,575,1,160,29470,2012
GALICIA,14814,46,16,5765,2435,6568,1761,658,1103,358,222,60,14,19,43,236,56690,23606,13300,3667,3845,2810,1558,877,142,340,1696,3983,1456,11394,98,7,1048,6032,432,5412,188,549,10,1048,1452,2,228,83180,2012
MADRID (COMUNIDAD DE),37374,107,48,13361,10683,13223,3846,1184,2662,1310,750,273,29,67,191,1302,329046,152503,63266,34034,14341,7457,24795,18007,2116,1929,13236,22223,4826,47782,543,49,4649,7649,1943,5448,258,2996,37,4013,5528,17,754,393872,2012
MURCIA (REGIÓN DE),9550,36,10,3545,2415,3554,1191,313,878,285,160,59,7,10,49,571,41734,17034,12954,3030,5534,1668,1787,1181,148,210,1582,2315,482,5202,50,3,807,1684,312,1330,42,542,9,971,722,2,188,57449,2012
NAVARRA (COMUNIDAD FORAL DE),2563,10,2,928,444,1181,974,176,798,111,58,14,14,3,22,87,15739,6661,3733,719,1176,545,313,178,31,56,187,1565,512,2920,8,0,352,1022,105,894,23,226,13,234,431,0,235,21635,2012
PAÍS VASCO,12425,35,12,5024,651,6715,4713,3276,1437,371,207,61,17,38,48,435,66523,27500,17519,41,4948,2823,3861,2619,515,362,811,6108,207,9493,33,3,1195,3335,394,2863,78,680,26,1458,2143,0,499,92608,2012
RIOJA (LA),1623,6,1,666,398,553,195,41,154,47,27,10,5,2,3,26,7267,3144,1931,435,628,311,242,171,22,28,126,532,123,1182,6,1,103,516,69,434,13,81,1,147,224,1,26,10154,2012
CIUDAD AUTÓNOMA DE CEUTA,812,11,0,370,118,313,175,98,77,15,14,0,0,0,1,74,3433,1243,667,385,115,87,165,141,5,5,653,137,66,486,14,0,68,1806,1417,378,11,325,2,157,174,0,79,7052,2012
CIUDAD AUTÓNOMA DE MELILLA,887,9,4,452,242,184,87,5,82,26,21,2,0,0,3,21,2770,1250,592,328,103,54,256,210,6,16,191,69,12,363,12,1,36,314,167,132,15,244,3,69,147,0,71,4639,2012
ANDALUCÍA,64275,305,85,22084,13802,28084,7145,2776,4369,1725,991,288,64,97,285,1480,295431,134955,74161,28610,17972,8025,11867,8216,602,1296,12037,15119,3609,42657,579,46,4010,19296,3513,15360,423,3265,70,6537,6492,106,1298,407120,2011
ARAGÓN,6848,14,6,2584,1913,2337,1038,463,575,271,142,55,15,24,35,139,38211,17216,8712,2546,1618,1040,1566,981,112,255,811,2222,631,7121,64,6,493,1640,318,1159,163,401,17,627,868,6,144,50210,2011
ASTURIAS (PRINCIPADO DE),6256,22,9,2416,1469,2349,532,99,433,125,71,19,8,8,19,160,18959,9322,3489,736,683,1038,643,429,57,84,664,1353,376,3195,19,2,272,1583,240,1300,43,179,7,516,766,0,75,29158,2011
BALEARS (ILLES),9608,60,12,3702,2347,3499,1590,619,971,419,238,68,15,24,74,212,57572,31650,13000,4211,2921,1945,1608,939,82,156,1861,2826,749,5573,79,10,965,2524,436,1988,100,450,24,832,1000,0,224,74455,2011
CANARIAS,21243,58,17,6839,4109,10237,2228,811,1417,529,306,93,24,27,79,919,65378,31825,14378,4939,3109,1600,2017,1226,112,264,2789,4207,1384,9131,44,4,983,4722,777,3854,91,662,16,1428,1586,19,212,98942,2011
CANTABRIA,3711,4,2,1603,572,1532,384,157,227,81,49,16,0,6,10,50,11901,5391,2560,675,543,507,323,185,24,49,330,795,231,2207,18,3,274,1098,101,981,16,159,1,327,481,3,53,18249,2011
CASTILLA Y LEÓN,14733,47,20,5702,2310,6674,1266,539,727,278,164,51,6,16,41,248,59573,27745,12460,2850,2390,2451,1276,783,106,215,1120,3618,849,12354,91,3,906,4280,407,3770,103,453,4,1105,1612,4,253,83809,2011
CASTILLA - LA MANCHA,12264,27,8,4581,2503,5153,1358,561,797,327,198,55,14,12,48,241,52494,18555,17690,3261,5728,2572,1346,804,130,191,1661,3306,861,8962,57,6,911,4315,444,3805,66,713,9,1109,1389,3,238,74460,2011
CATALUÑA,38159,242,76,15687,6365,15865,10904,3370,7534,1862,931,469,11,173,278,2087,375452,179788,83564,37019,21249,19,27961,54,1325,8,11887,17427,491,43557,670,28,10570,11715,2169,9349,197,4339,45,3724,5258,79,1247,454871,2011
COMUNITAT VALENCIANA,34817,125,46,12963,8416,13313,4863,1973,2890,1244,640,226,45,109,224,941,221719,89452,63936,21679,18988,6155,10166,5767,670,1048,7072,11011,2451,36589,283,7,3203,8729,1399,6734,596,2569,42,4337,4733,12,690,284696,2011
EXTREMADURA,5655,26,10,2150,948,2531,683,267,416,178,105,24,5,16,28,159,19568,8411,5313,1260,1030,1033,378,222,42,71,560,1005,287,3560,43,0,298,1638,313,1297,28,246,5,542,635,2,168,29479,2011
GALICIA,14957,53,14,5977,2525,6402,1807,784,1023,398,240,63,6,26,63,169,54185,22464,12513,3384,2875,2582,1364,692,120,299,1750,3383,1070,11670,116,0,925,6888,460,6256,172,540,22,1120,1523,9,197,81815,2011
MADRID (COMUNIDAD DE),38965,95,46,14689,10587,13594,4105,1384,2721,1443,799,306,16,91,231,1174,325156,153109,65192,36153,11279,7016,21619,15033,1576,1776,13571,20151,3665,47421,470,30,3593,7342,2112,4976,254,3737,28,4387,5948,15,729,393029,2011
MURCIA (REGIÓN DE),10017,39,10,3727,2478,3773,1294,389,905,316,186,62,3,14,51,505,41304,16390,13165,3883,4228,1454,1723,946,121,248,1747,1914,306,5622,58,5,680,1748,305,1375,68,620,3,931,898,1,245,57882,2011
NAVARRA (COMUNIDAD FORAL DE),2961,16,5,1040,456,1449,711,146,565,113,67,18,6,7,15,105,14576,6124,3667,690,868,601,175,95,10,32,216,1262,310,2874,4,0,254,1194,146,1025,23,264,21,230,357,8,240,20780,2011
PAÍS VASCO,12633,50,12,5419,707,6457,4679,3144,1535,435,265,50,10,46,64,380,63215,26242,17473,49,4787,2781,2888,1940,322,392,974,4755,141,9779,17,8,1079,3568,384,3135,49,702,18,1357,2161,2,417,89567,2011
RIOJA (LA),1625,7,2,760,362,496,150,31,119,62,41,11,2,5,3,18,7007,2855,1967,405,327,261,224,111,20,51,149,475,64,1214,10,1,112,618,62,546,10,93,0,141,263,0,21,9998,2011
CIUDAD AUTÓNOMA DE CEUTA,783,11,4,395,54,323,203,162,41,13,10,1,0,0,2,39,2860,1081,479,281,79,62,168,125,16,6,463,117,63,485,6,1,60,1741,1413,326,2,339,4,84,155,10,63,6294,2011
CIUDAD AUTÓNOMA DE MELILLA,948,7,0,478,259,204,95,3,92,34,25,2,1,0,6,27,2917,1181,774,474,90,91,240,182,3,15,260,67,22,336,11,3,45,347,198,137,12,248,2,67,187,3,67,4942,2011
ANDALUCÍA,63795,276,78,22742,12849,27928,6570,2488,4082,1768,959,279,75,138,317,1405,303476,136528,79070,25045,20541,10205,12194,8925,670,1699,14065,12900,3433,44486,809,49,3375,16049,3019,12409,621,2638,101,5957,6181,78,1378,409396,2010
ARAGÓN,6752,23,10,2658,1513,2558,966,418,548,310,168,65,7,29,41,140,39806,17195,9835,2003,2184,1686,1620,1102,102,256,1017,1862,536,7686,101,3,487,1380,311,907,162,331,11,593,772,3,150,51214,2010
ASTURIAS (PRINCIPADO DE),6171,37,19,2315,1342,2477,660,208,452,153,76,25,6,25,21,117,18724,8721,4028,797,770,1122,612,396,46,114,665,1125,320,3294,32,1,246,1194,154,994,46,129,2,519,708,2,102,28481,2010
BALEARS (ILLES),8938,41,6,3358,2137,3402,1515,592,923,426,213,65,16,43,89,161,54693,28551,13221,2774,3476,2468,1476,1031,73,189,1970,2634,546,5763,89,10,979,2078,320,1638,120,388,20,888,854,1,200,70162,2010
CANARIAS,21268,61,17,7562,3512,10133,2133,967,1166,598,283,165,29,51,70,836,61351,29107,13784,3573,3750,2204,1944,1321,124,281,2929,3335,978,9348,61,2,841,4187,799,3267,121,439,22,1312,1643,5,171,93965,2010
CANTABRIA,3564,7,2,1519,562,1476,375,188,187,106,44,22,5,16,19,56,11770,5194,2547,383,604,641,397,277,27,70,396,681,210,2286,31,16,222,777,102,637,38,104,3,246,412,1,73,17487,2010
CASTILLA Y LEÓN,14241,38,10,5484,2214,6505,1260,569,691,295,155,41,7,34,58,229,61232,28537,13339,2862,2802,2865,1321,818,110,273,1410,3173,845,12712,78,5,657,3843,339,3375,129,432,12,1130,1539,2,294,84509,2010
CASTILLA - LA MANCHA,12305,44,12,4506,2635,5120,1099,494,605,307,174,47,10,24,52,222,50702,17432,17045,2249,5049,2867,1220,772,95,226,1876,2754,689,9568,81,6,720,3775,409,3269,97,550,7,1149,1275,1,211,71603,2010
CATALUÑA,37650,270,97,15552,6481,15347,10503,3878,6625,1825,823,495,59,157,291,1800,388023,181198,93702,44719,21337,26,25154,63,1344,10,12538,16275,552,47961,596,21,10578,10534,1715,8624,195,4550,52,3766,4677,97,1446,464923,2010
COMUNITAT VALENCIANA,34995,106,46,12694,9012,13183,4431,1573,2858,1303,636,230,39,167,231,802,225991,90667,67089,15266,23268,7526,10385,7295,646,1288,8033,9050,2269,37604,494,11,2658,7933,1409,6011,513,2259,60,4249,4383,19,733,287158,2010
EXTREMADURA,6059,15,3,2380,924,2740,570,206,364,159,85,27,8,18,21,182,20060,8710,5273,1224,1187,1080,441,275,29,100,610,907,279,3816,58,0,245,1489,253,1197,39,197,3,536,573,0,188,30016,2010
GALICIA,14617,50,17,5876,2477,6214,1750,851,899,389,213,75,10,37,54,169,51987,21461,11989,2213,2731,2756,1440,895,119,305,1934,2934,946,11332,159,2,736,5266,459,4611,196,447,17,1150,1518,5,233,77548,2010
MADRID (COMUNIDAD DE),39030,98,51,14764,10360,13808,3796,1173,2623,1339,708,298,29,90,214,726,336388,156514,70721,34265,13005,7890,20832,15318,1213,2205,13739,21502,3226,49311,819,37,2913,7563,2876,4473,214,3370,46,3802,5136,2,673,401871,2010
MURCIA (REGIÓN DE),9882,43,15,3953,2391,3495,1169,428,741,288,146,63,14,9,56,490,41988,16128,13907,2365,4972,1433,1581,1079,101,250,2393,1483,297,5869,143,7,477,1579,314,1201,64,485,10,882,822,1,173,57769,2010
NAVARRA (COMUNIDAD FORAL DE),2726,13,3,973,541,1199,675,119,556,130,95,14,6,8,7,82,13770,5834,3570,492,854,626,218,117,15,46,207,1138,280,2537,10,1,255,1059,131,878,50,259,21,235,324,3,190,19474,2010
PAÍS VASCO,11792,38,10,4968,653,6133,4257,2818,1439,417,240,47,12,77,41,337,65555,26549,20220,51,4366,2991,2791,1967,204,385,1179,3208,173,10629,26,4,949,3241,420,2777,44,543,25,1170,2405,1,432,90175,2010
RIOJA (LA),1695,6,2,847,327,515,170,37,133,49,20,14,3,7,5,31,6555,2668,2043,327,489,363,220,135,17,48,165,308,86,1066,7,2,76,519,64,436,19,54,0,137,212,0,26,9448,2010
CIUDAD AUTÓNOMA DE CEUTA,833,5,1,393,71,364,277,221,56,18,9,0,3,3,3,31,3053,983,723,497,93,49,189,141,8,13,436,96,60,553,9,0,64,1381,1116,263,2,53,2,101,160,13,52,5974,2010
CIUDAD AUTÓNOMA DE MELILLA,1011,4,0,501,252,254,126,23,103,38,16,10,1,3,8,30,2810,1043,774,427,156,79,194,171,1,8,250,68,23,438,14,0,29,304,174,121,9,42,1,70,170,0,50,4652,2010
